timestamp,emotion,confidence
2026-04-16T19:28:12,sad,96.34
2026-04-16T19:28:13,neutral,99.59
2026-04-16T19:28:14,happy,72.36
2026-04-16T19:28:14,neutral,70.08
2026-04-16T19:28:15,fear,51.57
2026-04-16T19:28:15,neutral,77.28
2026-04-16T19:28:15,happy,77.50
2026-04-16T19:28:15,neutral,97.83
2026-04-16T19:28:15,happy,61.47
2026-04-16T19:28:15,neutral,91.26
2026-04-16T19:28:15,happy,51.69
2026-04-16T19:28:15,neutral,89.29
2026-04-16T19:28:16,happy,67.37
2026-04-16T19:28:16,neutral,83.64
2026-04-16T19:28:16,happy,50.77
2026-04-16T19:28:16,neutral,83.72
2026-04-16T19:28:16,happy,75.74
2026-04-16T19:28:16,neutral,88.47
2026-04-16T19:28:16,happy,56.44
2026-04-16T19:28:16,neutral,95.61
2026-04-16T19:28:16,happy,57.96
2026-04-16T19:28:16,neutral,80.34
2026-04-16T19:28:17,happy,63.74
2026-04-16T19:28:17,neutral,91.17
2026-04-16T19:28:17,fear,68.08
2026-04-16T19:28:17,neutral,98.68
2026-04-16T19:28:17,happy,52.98
2026-04-16T19:28:17,neutral,96.41
2026-04-16T19:28:18,happy,93.22
2026-04-16T19:28:18,neutral,56.19
2026-04-16T19:28:18,happy,71.01
2026-04-16T19:28:18,neutral,99.70
2026-04-16T19:28:18,happy,98.14
2026-04-16T19:28:18,neutral,83.00
2026-04-16T19:28:18,happy,97.32
2026-04-16T19:28:18,neutral,61.73
2026-04-16T19:28:18,happy,90.06
2026-04-16T19:28:18,neutral,81.82
2026-04-16T19:28:19,happy,74.04
2026-04-16T19:28:19,neutral,65.78
2026-04-16T19:28:19,happy,57.21
2026-04-16T19:28:19,neutral,86.37
2026-04-16T19:28:23,surprise,47.30
2026-04-16T19:28:23,neutral,84.03
2026-04-16T19:28:24,surprise,46.29
2026-04-16T19:28:24,neutral,85.45
2026-04-16T19:28:24,sad,92.86
2026-04-16T19:28:24,neutral,89.18
2026-04-16T19:28:24,sad,96.18
2026-04-16T19:28:24,neutral,75.23
2026-04-16T19:28:31,surprise,56.64
2026-04-16T19:28:31,neutral,84.89
2026-04-16T19:28:31,surprise,59.69
2026-04-16T19:28:31,neutral,59.10
2026-04-16T19:28:31,surprise,72.10
2026-04-16T19:28:31,neutral,99.38
2026-04-16T19:28:31,sad,87.49
2026-04-16T19:28:31,fear,92.20
2026-04-16T19:28:31,neutral,89.98
2026-04-16T19:28:32,fear,96.36
2026-04-16T19:28:33,surprise,56.56
2026-04-16T19:28:33,neutral,59.81
2026-04-16T19:28:33,fear,97.24
2026-04-16T19:28:33,neutral,38.22
2026-04-16T19:28:33,fear,60.16
2026-04-16T19:28:33,neutral,81.78
2026-04-16T19:28:33,surprise,77.32
2026-04-16T19:28:33,fear,78.42
2026-04-16T19:28:33,surprise,64.59
2026-04-16T19:28:33,neutral,91.41
2026-04-16T19:28:33,surprise,61.10
2026-04-16T19:28:33,sad,79.48
2026-04-16T19:28:33,surprise,72.09
2026-04-16T19:28:34,neutral,93.93
2026-04-16T19:28:34,surprise,57.59
2026-04-16T19:28:34,neutral,71.73
2026-04-16T19:28:34,sad,76.17
2026-04-16T19:28:34,surprise,64.83
2026-04-16T19:28:34,neutral,53.18
2026-04-16T19:28:34,surprise,63.93
2026-04-16T19:28:34,neutral,97.29
2026-04-16T19:28:35,surprise,51.97
2026-04-16T19:28:35,neutral,42.42
2026-04-16T19:28:39,fear,92.18
2026-04-16T19:28:40,neutral,98.83
2026-04-16T19:28:40,sad,60.63
2026-04-16T19:28:40,neutral,99.77
2026-04-16T19:28:41,sad,99.31
2026-04-16T19:28:41,neutral,99.75
2026-04-16T19:28:42,sad,68.99
2026-04-16T19:28:42,neutral,99.75
2026-04-16T19:28:42,fear,70.10
2026-04-16T19:28:42,neutral,99.28
2026-04-16T19:28:42,fear,60.32
2026-04-16T19:28:42,sad,75.52
2026-04-16T19:28:43,neutral,99.51
2026-04-16T19:28:48,fear,90.30
2026-04-16T19:28:48,neutral,99.55
2026-04-16T19:28:49,sad,70.21
2026-04-16T19:28:49,neutral,86.88
2026-04-16T19:28:50,sad,55.27
2026-04-16T19:28:50,neutral,89.51
2026-04-16T19:29:06,happy,35.06
2026-04-16T19:29:06,fear,55.73
2026-04-16T19:29:06,sad,95.71
2026-04-16T19:29:06,neutral,73.90
2026-04-16T19:29:06,sad,57.34
2026-04-16T19:29:07,fear,50.41
2026-04-16T19:29:07,sad,56.09
2026-04-16T19:29:08,neutral,98.95
2026-04-16T19:29:08,fear,92.00
2026-04-16T19:29:12,neutral,96.44
2026-04-16T19:29:18,surprise,52.89
2026-04-16T19:29:18,neutral,97.62
2026-04-16T19:29:19,surprise,56.78
2026-04-16T19:29:20,fear,89.69
2026-04-16T19:29:20,neutral,92.82
2026-04-16T19:29:21,fear,96.59
2026-04-16T19:29:23,neutral,99.15
2026-04-16T19:29:26,surprise,52.89
2026-04-16T19:29:26,neutral,96.59
2026-04-16T19:29:29,fear,82.68
2026-04-16T19:29:31,neutral,82.09
2026-04-16T19:29:35,surprise,72.79
2026-04-16T19:29:35,happy,73.09
2026-04-16T19:29:35,neutral,91.31
2026-04-16T19:29:35,happy,72.44
2026-04-16T19:29:35,neutral,56.82
2026-04-16T19:29:35,happy,53.99
2026-04-16T19:29:35,neutral,39.80
2026-04-16T19:29:35,fear,97.17
2026-04-16T19:29:35,happy,62.18
2026-04-16T19:29:35,neutral,74.69
2026-04-16T19:29:36,happy,43.57
2026-04-16T19:29:36,neutral,86.64
2026-04-16T19:29:36,happy,74.22
2026-04-16T19:29:36,neutral,83.26
2026-04-16T19:29:36,happy,60.72
2026-04-16T19:29:36,neutral,53.13
2026-04-16T19:29:36,happy,61.72
2026-04-16T19:29:36,neutral,68.71
2026-04-16T19:29:36,happy,52.94
2026-04-16T19:29:36,neutral,84.58
2026-04-16T19:29:37,happy,63.57
2026-04-16T19:29:37,neutral,84.44
2026-04-16T19:29:38,fear,95.68
2026-04-16T19:29:38,neutral,99.57
2026-04-16T19:29:38,fear,96.16
2026-04-16T19:29:39,angry,79.33
2026-04-16T19:29:39,fear,83.07
2026-04-16T19:29:39,angry,99.59
2026-04-16T19:29:39,fear,95.24
2026-04-16T19:29:39,angry,94.18
2026-04-16T19:29:39,fear,93.75
2026-04-16T19:29:39,angry,89.48
2026-04-16T19:29:39,fear,95.75
2026-04-16T19:29:39,angry,83.28
2026-04-16T19:29:39,fear,97.24
2026-04-16T19:29:40,neutral,99.93
2026-04-16T19:29:40,surprise,57.72
2026-04-16T19:29:40,fear,94.23
2026-04-16T19:29:40,neutral,92.30
2026-04-16T19:29:41,happy,37.27
2026-04-16T19:29:41,neutral,92.92
2026-04-16T19:29:41,surprise,57.59
2026-04-16T19:29:41,neutral,87.91
2026-04-16T19:29:43,surprise,52.91
2026-04-16T19:29:43,neutral,82.53
2026-04-16T19:29:57,sad,62.80
2026-04-16T19:29:57,neutral,99.68
2026-04-16T19:29:57,sad,54.44
2026-04-16T19:29:57,neutral,98.66
2026-04-16T19:29:58,sad,67.38
2026-04-16T19:29:58,neutral,99.17
2026-04-16T19:29:58,sad,89.94
2026-04-16T19:29:58,neutral,58.31
2026-04-16T19:29:58,sad,98.80
2026-04-16T19:29:58,neutral,99.89
2026-04-16T19:29:58,sad,37.16
2026-04-16T19:29:58,neutral,45.92
2026-04-16T19:29:58,angry,75.45
2026-04-16T19:30:02,sad,73.81
2026-04-16T19:30:02,neutral,98.45
2026-04-16T19:30:02,fear,78.13
2026-04-16T19:30:02,neutral,86.71
2026-04-16T19:30:07,fear,79.53
2026-04-16T19:30:07,neutral,76.73
2026-04-16T19:30:07,fear,97.71
2026-04-16T19:30:07,neutral,45.04
2026-04-16T19:30:07,fear,97.80
2026-04-16T19:30:07,neutral,43.19
2026-04-16T19:30:07,fear,62.96
2026-04-16T19:30:07,neutral,92.14
2026-04-16T19:30:09,fear,61.71
2026-04-16T19:30:09,neutral,80.82
2026-04-16T19:30:09,fear,72.85
2026-04-16T19:30:10,neutral,91.73
2026-04-16T19:30:10,fear,82.01
2026-04-16T19:30:10,neutral,76.10
2026-04-16T19:30:10,fear,97.46
2026-04-16T19:30:11,neutral,43.70
2026-04-16T19:30:11,fear,43.03
2026-04-16T19:30:11,neutral,40.30
2026-04-16T19:30:11,fear,98.82
2026-04-16T19:30:11,neutral,67.78
2026-04-16T19:30:23,angry,58.80
2026-04-16T19:30:23,happy,81.81
2026-04-16T19:30:23,fear,56.57
2026-04-16T19:30:23,angry,41.34
2026-04-16T19:30:23,surprise,44.37
2026-04-16T19:30:23,angry,71.04
2026-04-16T19:30:24,neutral,99.63
2026-04-16T19:30:37,fear,78.33
2026-04-16T19:30:37,neutral,99.76
2026-04-16T19:30:37,fear,68.01
2026-04-16T19:30:38,neutral,99.42
2026-04-16T19:30:38,fear,59.48
2026-04-16T19:30:38,neutral,99.80
2026-04-16T19:30:38,fear,48.97
2026-04-16T19:30:38,neutral,62.81
2026-04-16T19:30:38,fear,47.76
2026-04-16T19:30:38,neutral,99.49
2026-04-16T19:30:39,fear,46.88
2026-04-16T19:30:39,neutral,99.91
2026-04-16T19:30:43,fear,42.22
2026-04-16T19:30:43,neutral,86.22
2026-04-16T19:30:43,fear,57.97
2026-04-16T19:30:43,neutral,68.07
2026-04-16T19:30:43,fear,90.84
2026-04-16T19:30:43,neutral,41.64
2026-04-16T19:30:43,surprise,78.73
2026-04-16T19:30:44,neutral,95.51
2026-04-16T19:30:44,fear,82.23
2026-04-16T19:30:44,neutral,81.22
2026-04-16T19:30:44,fear,53.57
2026-04-16T19:30:44,neutral,59.43
2026-04-16T19:30:44,angry,41.64
2026-04-16T19:30:44,neutral,70.31
2026-04-16T19:30:44,surprise,70.92
2026-04-16T19:30:44,neutral,56.93
2026-04-16T19:30:44,surprise,84.40
2026-04-16T19:30:45,neutral,61.36
2026-04-16T19:30:45,angry,57.09
2026-04-16T19:30:45,neutral,40.56
2026-04-16T19:30:45,fear,43.32
2026-04-16T19:30:46,neutral,84.28
2026-04-16T19:30:47,fear,43.94
2026-04-16T19:30:47,happy,66.98
2026-04-16T19:30:47,neutral,39.34
2026-04-16T19:30:48,happy,52.17
2026-04-16T19:30:48,neutral,94.06
2026-04-16T19:30:48,angry,51.12
2026-04-16T19:30:48,neutral,83.60
2026-04-16T19:30:52,surprise,54.48
2026-04-16T19:30:52,neutral,71.41
2026-04-16T19:30:52,happy,50.45
2026-04-16T19:30:52,neutral,79.73
2026-04-16T19:30:52,surprise,55.73
2026-04-16T19:30:52,happy,45.92
2026-04-16T19:30:52,surprise,50.30
2026-04-16T19:30:53,fear,38.11
2026-04-16T19:30:53,neutral,46.52
2026-04-16T19:30:53,surprise,57.44
2026-04-16T19:30:53,neutral,98.97
2026-04-16T19:30:54,surprise,54.02
2026-04-16T19:30:54,neutral,81.26
2026-04-16T19:30:55,surprise,66.16
2026-04-16T19:30:56,happy,54.48
2026-04-16T19:30:56,surprise,88.07
2026-04-16T19:30:56,happy,68.23
2026-04-16T19:30:56,surprise,77.14
2026-04-16T19:30:56,happy,42.72
2026-04-16T19:30:56,surprise,78.13
2026-04-16T19:30:56,happy,45.11
2026-04-16T19:30:56,surprise,80.80
2026-04-16T19:30:57,fear,44.53
2026-04-16T19:30:57,surprise,78.82
2026-04-16T19:30:57,fear,79.69
2026-04-16T19:30:57,surprise,40.15
2026-04-16T19:30:57,fear,45.78
2026-04-16T19:30:57,surprise,50.99
2026-04-16T19:30:57,fear,60.12
2026-04-16T19:30:57,happy,37.18
2026-04-16T19:30:57,fear,58.29
2026-04-16T19:30:57,surprise,79.50
2026-04-16T19:30:58,neutral,89.87
2026-04-16T19:30:58,surprise,89.18
2026-04-16T19:30:58,neutral,65.15
2026-04-16T19:30:58,surprise,94.20
2026-04-16T19:30:59,happy,59.07
2026-04-16T19:30:59,surprise,90.51
2026-04-16T19:30:59,happy,60.64
2026-04-16T19:30:59,surprise,63.05
2026-04-16T19:30:59,happy,89.46
2026-04-16T19:30:59,surprise,87.49
2026-04-16T19:30:59,neutral,82.40
2026-04-16T19:31:00,surprise,71.19
2026-04-16T19:31:00,happy,58.04
2026-04-16T19:31:00,surprise,84.95
2026-04-16T19:31:01,happy,59.07
2026-04-16T19:31:01,surprise,75.19
2026-04-16T19:31:01,happy,52.15
2026-04-16T19:31:01,surprise,78.72
2026-04-16T19:31:01,happy,76.94
2026-04-16T19:31:02,surprise,92.13
2026-04-16T19:31:02,happy,80.50
2026-04-16T19:31:02,surprise,78.10
2026-04-16T19:31:02,happy,91.76
2026-04-16T19:31:02,surprise,70.35
2026-04-16T19:31:02,neutral,79.81
2026-04-16T19:31:03,surprise,92.85
2026-04-16T19:31:04,neutral,94.62
2026-04-16T19:31:07,fear,93.35
2026-04-16T19:31:11,neutral,79.00
2026-04-16T19:31:11,fear,97.39
2026-04-16T19:31:12,happy,97.02
2026-04-16T19:31:12,neutral,50.63
2026-04-16T19:31:12,fear,68.11
2026-04-16T19:31:13,neutral,99.30
2026-04-16T19:31:13,angry,48.15
2026-04-16T19:31:13,neutral,81.97
2026-04-16T19:31:13,happy,53.12
2026-04-16T19:31:13,angry,67.79
2026-04-16T19:31:13,neutral,92.85
2026-04-16T19:31:13,angry,59.99
2026-04-16T19:31:13,neutral,61.46
2026-04-16T19:31:14,angry,51.69
2026-04-16T19:31:14,neutral,49.92
2026-04-16T19:31:14,fear,69.56
2026-04-16T19:31:14,neutral,85.25
2026-04-16T19:31:14,fear,80.55
2026-04-16T19:31:14,neutral,58.34
2026-04-16T19:31:15,fear,68.79
2026-04-16T19:31:16,neutral,98.56
2026-04-16T19:31:16,fear,89.22
2026-04-16T19:31:16,happy,81.30
2026-04-16T19:31:16,angry,96.30
2026-04-16T19:31:16,happy,45.26
2026-04-16T19:31:16,neutral,87.42
2026-04-16T19:31:16,fear,91.44
2026-04-16T19:31:16,neutral,99.32
2026-04-16T19:31:18,surprise,59.48
2026-04-16T19:31:18,neutral,81.69
2026-04-16T19:31:19,surprise,81.66
2026-04-16T19:31:19,neutral,73.56
2026-04-16T19:31:19,surprise,54.08
2026-04-16T19:31:19,neutral,84.92
2026-04-16T19:31:20,happy,50.23
2026-04-16T19:31:20,neutral,90.42
2026-04-16T19:31:20,happy,98.11
2026-04-16T19:31:20,neutral,96.67
2026-04-16T19:31:20,happy,65.42
2026-04-16T19:31:20,neutral,94.74
2026-04-16T19:31:20,happy,97.75
2026-04-16T19:31:20,neutral,78.50
2026-04-16T19:31:20,happy,77.00
2026-04-16T19:31:20,neutral,94.53
2026-04-16T19:31:20,happy,52.54
2026-04-16T19:31:21,neutral,43.06
2026-04-16T19:31:21,surprise,44.81
2026-04-16T19:31:21,neutral,53.31
2026-04-16T19:31:21,happy,50.10
2026-04-16T19:31:21,neutral,54.14
2026-04-16T19:31:21,happy,67.20
2026-04-16T19:31:21,surprise,61.04
2026-04-16T19:31:21,happy,39.37
2026-04-16T19:31:21,surprise,32.32
2026-04-16T19:31:21,neutral,41.33
2026-04-16T19:31:21,happy,78.14
2026-04-16T19:31:23,neutral,43.08
2026-04-16T19:31:23,happy,95.42
2026-04-16T19:31:24,neutral,35.88
2026-04-16T19:31:24,happy,95.94
2026-04-16T19:31:24,neutral,49.56
2026-04-16T19:31:24,happy,93.17
2026-04-16T19:31:25,neutral,42.36
2026-04-16T19:31:28,fear,54.53
2026-04-16T19:31:28,neutral,65.40
2026-04-16T19:31:31,happy,72.24
2026-04-16T19:31:31,fear,87.88
2026-04-16T19:31:31,happy,69.59
2026-04-16T19:31:31,neutral,92.38
2026-04-16T19:31:32,fear,56.71
2026-04-16T19:31:32,sad,59.65
2026-04-16T19:31:32,neutral,65.80
2026-04-16T19:31:32,sad,75.07
2026-04-16T19:31:32,neutral,91.79
2026-04-16T19:31:33,sad,89.70
2026-04-16T19:31:33,neutral,58.86
2026-04-16T19:31:33,sad,68.77
2026-04-16T19:31:33,neutral,70.73
2026-04-16T19:31:33,sad,45.03
2026-04-16T19:31:33,neutral,60.22
2026-04-16T19:31:33,surprise,57.49
2026-04-16T19:31:34,neutral,64.12
2026-04-16T19:31:34,surprise,70.90
2026-04-16T19:31:34,neutral,42.50
2026-04-16T19:31:34,surprise,35.17
2026-04-16T19:31:34,neutral,58.85
2026-04-16T19:31:34,fear,96.21
2026-04-16T19:31:34,neutral,94.98
2026-04-16T19:31:39,fear,99.91
2026-04-16T19:31:39,neutral,99.40
2026-04-16T19:31:39,fear,89.71
2026-04-16T19:31:39,neutral,99.57
2026-04-16T19:31:39,fear,91.38
2026-04-16T19:31:39,neutral,93.05
2026-04-16T19:31:39,fear,95.34
2026-04-16T19:31:39,neutral,99.62
2026-04-16T19:31:40,fear,94.50
2026-04-16T19:31:40,neutral,97.65
2026-04-16T19:31:40,fear,89.28
2026-04-16T19:31:41,neutral,99.90
2026-04-16T19:31:41,fear,71.34
2026-04-16T19:31:42,neutral,99.79
2026-04-16T19:31:42,fear,66.85
2026-04-16T19:31:42,neutral,99.35
2026-04-16T19:31:42,fear,72.46
2026-04-16T19:31:42,neutral,98.83
2026-04-16T19:31:42,fear,72.71
2026-04-16T19:31:42,neutral,99.90
2026-04-16T19:31:42,fear,80.11
2026-04-16T19:31:43,neutral,99.82
2026-04-16T19:31:43,fear,90.68
2026-04-16T19:31:43,neutral,99.66
2026-04-16T19:31:43,fear,97.42
2026-04-16T19:31:55,neutral,99.97
2026-04-16T19:31:55,fear,73.49
2026-04-16T19:31:55,sad,55.32
2026-04-16T19:31:55,fear,81.08
2026-04-16T19:31:56,neutral,99.93
2026-04-16T19:31:56,fear,99.79
2026-04-16T19:31:56,neutral,99.31
2026-04-16T19:32:01,fear,92.61
2026-04-16T19:32:02,neutral,91.74
2026-04-16T19:32:02,fear,53.65
2026-04-16T19:32:02,angry,59.09
2026-04-16T19:32:02,fear,83.14
2026-04-16T19:32:03,angry,47.62
2026-04-16T19:32:03,fear,77.91
2026-04-16T19:32:03,angry,51.00
2026-04-16T19:32:03,fear,63.37
2026-04-16T19:32:04,happy,36.57
2026-04-16T19:32:04,fear,68.39
2026-04-16T19:32:04,happy,55.97
2026-04-16T19:32:04,fear,80.19
2026-04-16T19:32:05,neutral,40.56
2026-04-16T19:32:05,fear,59.39
2026-04-16T19:32:05,neutral,55.96
2026-04-16T19:32:06,fear,78.42
2026-04-16T19:32:06,neutral,72.12
2026-04-16T19:32:06,fear,45.17
2026-04-16T19:32:06,neutral,63.67
2026-04-16T19:32:06,fear,85.71
2026-04-16T19:32:06,neutral,98.99
2026-04-16T19:32:08,fear,63.94
2026-04-16T19:32:08,neutral,97.25
2026-04-16T19:32:08,fear,61.42
2026-04-16T19:32:08,angry,71.39
2026-04-16T19:32:08,fear,66.75
2026-04-16T19:32:08,angry,49.22
2026-04-16T19:32:08,fear,81.57
2026-04-16T19:32:08,happy,38.88
2026-04-16T19:32:09,fear,50.38
2026-04-16T19:32:09,happy,81.26
2026-04-16T19:32:09,fear,39.64
2026-04-16T19:32:09,happy,58.03
2026-04-16T19:32:09,fear,69.24
2026-04-16T19:32:09,angry,39.35
2026-04-16T19:32:09,happy,41.26
2026-04-16T19:32:10,fear,69.71
2026-04-16T19:32:11,happy,65.05
2026-04-16T19:32:11,fear,66.45
2026-04-16T19:32:11,surprise,49.94
2026-04-16T19:32:11,happy,40.54
2026-04-16T19:32:11,neutral,99.61
2026-04-16T19:32:11,happy,99.87
2026-04-16T19:32:12,neutral,67.80
2026-04-16T19:32:12,angry,93.89
2026-04-16T19:32:12,neutral,98.87
2026-04-16T19:32:12,sad,76.55
2026-04-16T19:32:12,angry,100.00
2026-04-16T19:32:14,sad,89.23
2026-04-16T19:32:14,angry,79.38
2026-04-16T19:32:15,sad,83.29
2026-04-16T19:32:24,angry,72.50
2026-04-16T19:32:24,sad,88.35
2026-04-16T19:32:24,angry,83.87
2026-04-16T19:32:24,sad,89.85
2026-04-16T19:32:26,angry,97.13
2026-04-16T19:32:26,sad,88.80
2026-04-16T19:32:34,angry,53.33
2026-04-16T19:32:34,fear,71.99
2026-04-16T19:32:34,sad,41.12
2026-04-16T19:32:35,neutral,98.00
2026-04-16T19:32:37,sad,55.02
2026-04-16T19:32:37,neutral,79.88
2026-04-16T19:32:37,sad,65.89
2026-04-16T19:32:37,neutral,93.08
2026-04-16T19:32:46,happy,96.64
2026-04-16T19:32:46,neutral,95.42
2026-04-16T19:32:53,happy,51.94
2026-04-16T19:32:53,neutral,90.14
2026-04-16T19:32:53,angry,76.66
2026-04-16T19:32:54,neutral,67.65
2026-04-16T19:32:54,angry,71.63
2026-04-16T19:32:54,happy,52.52
2026-04-16T19:32:54,angry,75.67
2026-04-16T19:32:54,neutral,95.90
2026-04-16T19:32:54,angry,81.71
2026-04-16T19:32:54,neutral,72.43
2026-04-16T19:32:54,angry,68.40
2026-04-16T19:32:54,happy,84.43
2026-04-16T19:32:54,neutral,95.71
2026-04-16T19:32:57,sad,79.01
2026-04-16T19:32:57,neutral,76.79
2026-04-16T19:32:57,fear,93.43
2026-04-16T19:32:57,neutral,78.91
2026-04-16T19:32:57,happy,56.83
2026-04-16T19:32:57,neutral,58.59
2026-04-16T19:32:58,sad,44.14
2026-04-16T19:32:58,neutral,54.49
2026-04-16T19:33:19,sad,99.96
2026-04-16T19:33:19,neutral,99.65
2026-04-16T19:33:19,sad,99.95
2026-04-16T19:33:19,neutral,99.87
2026-04-16T19:33:19,sad,99.79
2026-04-16T19:33:19,neutral,99.59
2026-04-16T19:33:19,sad,99.93
2026-04-16T19:33:20,neutral,99.91
2026-04-16T19:33:20,sad,99.83
2026-04-16T19:33:20,neutral,99.88
2026-04-16T19:33:20,sad,99.76
2026-04-16T19:33:20,neutral,99.99
2026-04-16T19:33:20,sad,86.26
2026-04-16T19:33:20,neutral,99.82
2026-04-16T19:33:27,fear,90.28
2026-04-16T19:33:27,angry,100.00
2026-04-16T19:33:28,neutral,97.38
2026-04-16T19:33:29,angry,100.00
2026-04-16T19:33:30,disgust,92.93
2026-04-16T19:33:31,angry,98.42
2026-04-16T19:33:31,disgust,98.43
2026-04-16T19:33:31,angry,52.69
2026-04-16T19:33:32,neutral,94.18
2026-04-16T19:33:32,angry,99.99
2026-04-16T19:33:34,sad,86.26
2026-04-16T19:33:34,neutral,98.78
2026-04-16T19:33:34,happy,86.02
2026-04-16T19:33:34,angry,35.27
2026-04-16T19:33:34,sad,53.96
2026-04-16T19:33:34,fear,72.63
2026-04-16T19:33:34,angry,47.34
2026-04-16T19:33:34,fear,59.12
2026-04-16T19:33:34,surprise,99.59
2026-04-16T19:33:35,angry,92.13
2026-04-16T19:33:35,surprise,99.46
2026-04-16T19:33:39,neutral,96.48
2026-04-16T19:33:39,angry,55.67
2026-04-16T19:33:39,neutral,98.38
2026-04-16T19:33:39,angry,99.96
2026-04-16T19:33:40,neutral,90.57
2026-04-16T19:33:40,fear,51.88
2026-04-16T19:33:40,neutral,85.52
2026-04-16T19:33:41,angry,51.20
2026-04-16T19:33:41,neutral,86.67
2026-04-16T19:33:41,fear,51.68
2026-04-16T19:33:41,angry,88.28
2026-04-16T19:33:41,neutral,96.88
2026-04-16T19:33:41,angry,99.28
2026-04-16T19:33:41,neutral,82.08
2026-04-16T19:33:41,angry,99.84
2026-04-16T19:33:41,neutral,93.82
2026-04-16T19:33:41,angry,99.82
2026-04-16T19:33:42,surprise,48.45
2026-04-16T19:33:42,angry,88.72
2026-04-16T19:33:42,surprise,97.15
2026-04-16T19:33:43,angry,78.53
2026-04-16T19:33:43,fear,70.54
2026-04-16T19:33:43,angry,95.31
2026-04-16T19:33:43,sad,53.66
2026-04-16T19:33:43,fear,84.73
2026-04-16T19:33:43,sad,84.21
2026-04-16T19:33:44,neutral,67.66
2026-04-16T19:33:44,sad,81.81
2026-04-16T19:33:44,neutral,53.95
2026-04-16T19:33:44,sad,71.12
2026-04-16T19:33:44,neutral,53.49
2026-04-16T19:33:44,sad,68.51
2026-04-16T19:33:44,neutral,82.70
2026-04-16T19:33:44,sad,55.89
2026-04-16T19:33:44,neutral,56.90
2026-04-16T19:33:45,sad,64.88
2026-04-16T19:33:45,neutral,78.59
2026-04-16T19:33:45,sad,60.21
2026-04-16T19:33:45,neutral,83.46
2026-04-16T19:33:45,sad,55.29
2026-04-16T19:33:45,neutral,75.38
2026-04-16T19:33:45,sad,55.02
2026-04-16T19:33:45,neutral,87.39
2026-04-16T19:33:45,sad,60.11
2026-04-16T19:33:46,neutral,90.99
2026-04-16T19:33:46,sad,53.40
2026-04-16T19:33:46,neutral,93.34
2026-04-16T19:33:46,sad,65.86
2026-04-16T19:33:46,neutral,92.94
2026-04-16T19:33:46,sad,64.63
2026-04-16T19:33:46,neutral,84.29
2026-04-16T19:33:46,sad,64.49
2026-04-16T19:33:46,neutral,91.09
2026-04-16T19:33:46,sad,54.37
2026-04-16T19:33:46,neutral,92.28
2026-04-16T19:33:46,sad,52.67
2026-04-16T19:33:47,neutral,93.07
2026-04-16T19:33:47,sad,49.84
2026-04-16T19:33:47,neutral,96.49
2026-04-16T19:33:47,sad,51.19
2026-04-16T19:33:48,neutral,87.86
2026-04-16T19:33:48,sad,51.99
2026-04-16T19:33:48,neutral,78.50
2026-04-16T19:33:48,sad,66.36
2026-04-16T19:33:48,neutral,56.23
2026-04-16T19:33:48,sad,88.88
2026-04-16T19:33:49,fear,78.17
2026-04-16T19:33:49,neutral,57.99
2026-04-16T19:33:49,fear,53.44
2026-04-16T19:33:49,neutral,52.45
2026-04-16T19:33:49,sad,39.65
2026-04-16T19:33:49,fear,94.55
2026-04-16T19:33:51,sad,63.40
2026-04-16T19:33:52,neutral,94.16
2026-04-16T19:33:52,surprise,96.55
2026-04-16T19:33:52,neutral,90.30
2026-04-16T19:33:53,fear,93.70
2026-04-16T19:33:54,angry,58.94
2026-04-16T19:33:54,fear,95.03
2026-04-16T19:33:55,angry,55.95
2026-04-16T19:33:55,fear,98.03
2026-04-16T19:33:55,angry,53.82
2026-04-16T19:33:55,fear,97.49
2026-04-16T19:33:55,angry,66.50
2026-04-16T19:33:55,fear,94.94
2026-04-16T19:33:55,angry,79.23
2026-04-16T19:33:56,fear,97.49
2026-04-16T19:33:56,angry,84.40
2026-04-16T19:33:56,fear,90.14
2026-04-16T19:33:56,angry,83.93
2026-04-16T19:33:56,fear,89.16
2026-04-16T19:33:56,angry,58.79
2026-04-16T19:33:56,fear,96.44
2026-04-16T19:33:56,angry,61.63
2026-04-16T19:33:56,fear,93.00
2026-04-16T19:33:56,angry,53.66
2026-04-16T19:33:56,neutral,93.98
2026-04-16T19:33:57,angry,56.77
2026-04-16T19:33:57,fear,89.41
2026-04-16T19:33:57,angry,52.91
2026-04-16T19:33:57,fear,79.61
2026-04-16T19:33:57,neutral,55.34
2026-04-16T19:33:57,fear,63.70
2026-04-16T19:33:57,angry,56.37
2026-04-16T19:33:57,fear,84.92
2026-04-16T19:33:57,angry,50.61
2026-04-16T19:33:57,fear,53.51
2026-04-16T19:33:58,angry,49.89
2026-04-16T19:33:58,neutral,93.59
2026-04-16T19:33:58,angry,49.83
2026-04-16T19:33:58,neutral,83.18
2026-04-16T19:33:58,fear,97.71
2026-04-16T19:33:58,neutral,93.57
2026-04-16T19:33:58,angry,73.72
2026-04-16T19:33:58,fear,97.44
2026-04-16T19:33:58,neutral,57.65
2026-04-16T19:33:58,angry,55.86
2026-04-16T19:33:58,neutral,63.72
2026-04-16T19:33:58,fear,97.61
2026-04-16T19:33:59,angry,61.48
2026-04-16T19:33:59,fear,53.02
2026-04-16T19:33:59,neutral,81.29
2026-04-16T19:33:59,fear,96.23
2026-04-16T19:33:59,neutral,86.23
2026-04-16T19:33:59,angry,92.59
2026-04-16T19:33:59,fear,97.64
2026-04-16T19:33:59,angry,66.24
2026-04-16T19:33:59,fear,89.76
2026-04-16T19:34:00,angry,73.92
2026-04-16T19:34:00,fear,97.03
2026-04-16T19:34:04,sad,59.36
2026-04-16T19:34:04,fear,82.76
2026-04-16T19:34:06,angry,67.69
2026-04-16T19:34:06,fear,95.54
2026-04-16T19:34:06,angry,62.32
2026-04-16T19:34:06,fear,95.51
2026-04-16T19:34:06,angry,50.21
2026-04-16T19:34:06,fear,90.74
2026-04-16T19:34:06,angry,51.44
2026-04-16T19:34:07,fear,86.97
2026-04-16T19:34:11,angry,49.54
2026-04-16T19:34:11,fear,97.26
2026-04-16T19:34:11,angry,57.11
2026-04-16T19:34:11,fear,83.43
2026-04-16T19:34:11,angry,90.56
2026-04-16T19:34:11,fear,88.32
2026-04-16T19:34:12,angry,86.49
2026-04-16T19:34:12,fear,90.81
2026-04-16T19:34:12,angry,71.25
2026-04-16T19:34:12,fear,91.59
2026-04-16T19:34:12,angry,67.27
2026-04-16T19:34:12,fear,93.21
2026-04-16T19:34:12,angry,76.24
2026-04-16T19:34:12,fear,90.34
2026-04-16T19:34:12,angry,69.65
2026-04-16T19:34:12,fear,97.32
2026-04-16T19:34:13,angry,62.69
2026-04-16T19:34:13,fear,92.92
2026-04-16T19:34:13,angry,57.30
2026-04-16T19:34:13,fear,91.41
2026-04-16T19:34:13,angry,62.62
2026-04-16T19:34:13,fear,93.23
2026-04-16T19:34:13,angry,71.98
2026-04-16T19:34:13,fear,86.76
2026-04-16T19:34:13,angry,63.63
2026-04-16T19:34:13,fear,86.20
2026-04-16T19:34:14,angry,79.81
2026-04-16T19:34:14,fear,67.00
2026-04-16T19:34:14,angry,83.19
2026-04-16T19:34:14,fear,70.53
2026-04-16T19:34:14,angry,83.94
2026-04-16T19:34:14,fear,52.45
2026-04-16T19:34:14,angry,83.64
2026-04-16T19:34:14,fear,82.23
2026-04-16T19:34:14,angry,84.27
2026-04-16T19:34:14,fear,86.86
2026-04-16T19:34:14,angry,88.00
2026-04-16T19:34:15,fear,67.87
2026-04-16T19:34:15,angry,50.73
2026-04-16T19:34:15,fear,80.15
2026-04-16T19:34:16,angry,51.20
2026-04-16T19:34:16,fear,97.55
2026-04-16T19:34:17,angry,51.80
2026-04-16T19:34:17,fear,63.01
2026-04-16T19:34:17,angry,61.69
2026-04-16T19:34:17,fear,99.07
2026-04-16T19:34:17,angry,56.27
2026-04-16T19:34:17,fear,99.31
2026-04-16T19:34:17,angry,55.11
2026-04-16T19:34:17,fear,98.88
2026-04-16T19:34:18,angry,53.51
2026-04-16T19:34:19,fear,91.91
2026-04-16T19:34:19,angry,80.68
2026-04-16T19:34:19,fear,95.51
2026-04-16T19:34:19,angry,52.43
2026-04-16T19:34:19,fear,81.32
2026-04-16T19:34:19,angry,71.50
2026-04-16T19:34:19,fear,81.51
2026-04-16T19:34:19,angry,51.89
2026-04-16T19:34:19,fear,86.29
2026-04-16T19:34:21,angry,47.42
2026-04-16T19:34:21,fear,86.64
2026-04-16T19:34:21,angry,72.04
2026-04-16T19:34:21,fear,85.11
2026-04-16T19:34:21,angry,59.60
2026-04-16T19:34:21,fear,82.01
2026-04-16T19:34:21,angry,60.87
2026-04-16T19:34:22,fear,77.98
2026-04-16T19:34:22,angry,57.55
2026-04-16T19:34:22,fear,89.79
2026-04-16T19:34:22,angry,66.55
2026-04-16T19:34:22,fear,86.83
2026-04-16T19:34:22,angry,62.31
2026-04-16T19:34:22,fear,84.66
2026-04-16T19:34:22,angry,50.09
2026-04-16T19:34:22,fear,85.12
2026-04-16T19:34:24,angry,98.75
2026-04-16T19:34:24,fear,59.29
2026-04-16T19:34:25,angry,66.62
2026-04-16T19:34:25,fear,51.62
2026-04-16T19:34:25,angry,80.44
2026-04-16T19:34:27,fear,98.49
2026-04-16T19:34:27,sad,51.21
2026-04-16T19:34:28,fear,94.37
2026-04-16T19:34:28,angry,52.63
2026-04-16T19:34:29,surprise,79.02
2026-04-16T19:34:29,angry,97.27
2026-04-16T19:34:29,surprise,88.10
2026-04-16T19:34:29,angry,63.86
2026-04-16T19:34:29,surprise,98.33
2026-04-16T19:34:29,fear,89.06
2026-04-16T19:34:30,surprise,97.95
2026-04-16T19:34:31,fear,71.57
2026-04-16T19:34:31,surprise,81.46
2026-04-16T19:34:50,fear,68.43
2026-04-16T19:34:51,surprise,49.03
2026-04-16T19:34:51,fear,59.34
2026-04-16T19:34:52,surprise,55.19
2026-04-16T19:34:59,fear,62.09
2026-04-16T19:34:59,surprise,53.99
2026-04-16T19:34:59,fear,56.16
2026-04-16T19:34:59,surprise,49.17
2026-04-16T19:35:00,fear,65.68
2026-04-16T19:35:00,surprise,89.37
2026-04-16T19:35:00,fear,52.76
2026-04-16T19:35:00,sad,59.61
2026-04-16T19:35:00,fear,55.32
2026-04-16T19:35:01,surprise,90.10
2026-04-16T19:35:15,fear,48.59
2026-04-16T19:35:15,surprise,66.42
2026-04-16T19:35:15,fear,68.93
2026-04-16T19:35:16,surprise,88.83
2026-04-16T19:35:16,fear,52.65
2026-04-16T19:35:17,surprise,89.33
2026-04-16T19:35:21,fear,87.51
2026-04-16T19:35:21,surprise,79.13
2026-04-16T19:35:21,neutral,59.81
2026-04-16T19:35:21,sad,71.03
2026-04-16T19:35:21,neutral,54.33
2026-04-16T19:35:21,sad,70.51
2026-04-16T19:35:22,fear,89.84
2026-04-16T19:35:23,sad,42.37
2026-04-16T19:35:23,fear,83.25
2026-04-16T19:35:25,sad,54.16
2026-04-16T19:35:26,neutral,56.88
2026-04-16T19:35:27,sad,41.88
2026-04-16T19:35:28,neutral,42.42
2026-04-16T19:35:28,sad,56.45
2026-04-16T19:35:29,fear,39.22
2026-04-16T19:35:29,sad,42.24
2026-04-16T19:35:29,fear,41.57
2026-04-16T19:35:30,sad,43.34
2026-04-16T19:35:30,fear,48.63
2026-04-16T19:35:30,sad,45.00
2026-04-16T19:35:30,fear,59.29
2026-04-16T19:35:31,sad,43.19
2026-04-16T19:35:31,fear,42.79
2026-04-16T19:35:31,sad,55.21
2026-04-16T19:35:31,fear,48.68
2026-04-16T19:35:32,sad,50.42
2026-04-16T19:35:32,fear,54.65
2026-04-16T19:35:33,happy,57.37
2026-04-16T19:35:33,fear,44.13
2026-04-16T19:35:33,happy,45.39
2026-04-16T19:35:33,fear,66.50
2026-04-16T19:35:34,happy,53.37
2026-04-16T19:35:35,fear,51.11
2026-04-16T19:35:36,happy,55.30
2026-04-16T19:35:36,fear,48.06
2026-04-16T19:35:36,happy,71.06
2026-04-16T19:35:36,fear,56.51
2026-04-16T19:35:36,happy,53.92
2026-04-16T19:35:38,fear,68.13
2026-04-16T19:35:38,happy,82.22
2026-04-16T19:35:38,fear,86.67
2026-04-16T19:35:39,happy,52.22
2026-04-16T19:35:39,fear,78.83
2026-04-16T19:35:39,happy,77.83
2026-04-16T19:35:39,fear,66.21
2026-04-16T19:35:39,happy,51.04
2026-04-16T19:35:39,fear,49.08
2026-04-16T19:35:39,happy,89.74
2026-04-16T19:35:39,fear,53.13
2026-04-16T19:35:40,happy,90.52
2026-04-16T19:35:40,fear,66.78
2026-04-16T19:35:41,happy,53.58
2026-04-16T19:35:41,fear,55.22
2026-04-16T19:35:41,happy,51.32
2026-04-16T19:35:41,fear,48.64
2026-04-16T19:35:41,happy,48.08
2026-04-16T19:35:41,fear,62.53
2026-04-16T19:35:42,happy,91.64
2026-04-16T19:35:42,fear,44.50
2026-04-16T19:35:42,happy,53.52
2026-04-16T19:35:42,fear,58.85
2026-04-16T19:35:42,happy,62.29
2026-04-16T19:35:43,fear,82.04
2026-04-16T19:35:43,happy,68.87
2026-04-16T19:35:45,fear,39.74
2026-04-16T19:35:45,sad,37.58
2026-04-16T19:35:45,fear,48.40
2026-04-16T19:35:45,sad,51.79
2026-04-16T19:35:45,fear,40.39
2026-04-16T19:35:46,sad,67.62
2026-04-16T19:35:46,fear,36.55
2026-04-16T19:35:46,sad,39.40
2026-04-16T19:35:46,fear,46.39
2026-04-16T19:35:46,neutral,35.80
2026-04-16T19:35:46,sad,43.92
2026-04-16T19:35:46,neutral,40.24
2026-04-16T19:35:46,sad,35.29
2026-04-16T19:35:46,neutral,48.17
2026-04-16T19:35:46,fear,36.31
2026-04-16T19:35:46,sad,41.46
2026-04-16T19:35:47,neutral,52.76
2026-04-16T19:35:47,sad,46.60
2026-04-16T19:35:47,neutral,41.47
2026-04-16T19:35:47,fear,40.29
2026-04-16T19:35:47,neutral,49.77
2026-04-16T19:35:47,fear,58.29
2026-04-16T19:35:53,neutral,46.20
2026-04-16T19:35:54,fear,38.84
2026-04-16T19:35:54,neutral,34.47
2026-04-16T19:35:54,fear,51.52
2026-04-16T19:35:56,sad,52.88
2026-04-16T19:35:57,happy,51.56
2026-04-16T19:35:57,sad,62.50
2026-04-16T19:36:01,neutral,60.23
2026-04-16T19:36:01,sad,46.44
2026-04-16T19:36:01,fear,70.60
2026-04-16T19:36:03,sad,54.50
2026-04-16T19:36:04,fear,63.98
2026-04-16T19:36:04,sad,42.88
2026-04-16T19:36:04,fear,62.68
2026-04-16T19:36:04,sad,45.41
2026-04-16T19:36:05,neutral,52.98
2026-04-16T19:36:05,sad,61.90
2026-04-16T19:36:05,neutral,49.38
2026-04-16T19:36:05,sad,67.81
2026-04-16T19:36:06,neutral,49.51
2026-04-16T19:36:06,sad,69.84
2026-04-16T19:36:06,neutral,72.77
2026-04-16T19:36:06,sad,70.94
2026-04-16T19:36:07,fear,71.53
2026-04-16T19:36:07,sad,47.14
2026-04-16T19:36:07,fear,52.13
2026-04-16T19:36:07,sad,55.10
2026-04-16T19:36:07,happy,38.77
2026-04-16T19:36:07,sad,58.78
2026-04-16T19:36:10,happy,73.20
2026-04-16T19:36:10,fear,62.36
2026-04-16T19:36:10,happy,71.20
2026-04-16T19:36:10,fear,53.10
2026-04-16T19:36:10,happy,58.03
2026-04-16T19:36:10,fear,49.84
2026-04-16T19:36:10,happy,52.43
2026-04-16T19:36:11,neutral,42.63
2026-04-16T19:36:11,fear,44.50
2026-04-16T19:36:11,neutral,83.50
2026-04-16T19:36:11,fear,31.77
2026-04-16T19:36:11,sad,52.55
2026-04-16T19:36:11,fear,40.90
2026-04-16T19:36:11,happy,76.47
2026-04-16T19:36:11,fear,59.75
2026-04-16T19:36:12,happy,77.84
2026-04-16T19:36:12,fear,51.83
2026-04-16T19:36:12,happy,54.24
2026-04-16T19:36:12,fear,61.96
2026-04-16T19:36:13,happy,50.50
2026-04-16T19:36:13,fear,55.29
2026-04-16T19:36:14,happy,50.94
2026-04-16T19:36:14,fear,92.86
2026-04-16T19:36:15,happy,56.90
2026-04-16T19:36:15,fear,94.95
2026-04-16T19:36:15,sad,44.03
2026-04-16T19:36:16,neutral,53.14
2026-04-16T19:36:16,fear,57.35
2026-04-16T19:36:16,surprise,74.06
2026-04-16T19:36:16,fear,93.20
2026-04-16T19:36:16,angry,89.68
2026-04-16T19:36:17,neutral,53.02
2026-04-16T19:36:17,angry,100.00
2026-04-16T19:36:17,sad,53.39
2026-04-16T19:36:18,angry,99.99
2026-04-16T19:36:18,neutral,98.44
2026-04-16T19:36:19,angry,99.94
2026-04-16T19:36:19,fear,47.94
2026-04-16T19:36:19,angry,86.21
2026-04-16T19:36:19,fear,95.45
2026-04-16T19:36:19,surprise,67.07
2026-04-16T19:36:19,fear,52.45
2026-04-16T19:36:19,surprise,94.81
2026-04-16T19:36:20,fear,71.88
2026-04-16T19:36:20,surprise,84.86
2026-04-16T19:36:20,fear,82.00
2026-04-16T19:36:20,surprise,58.34
2026-04-16T19:36:21,fear,59.93
2026-04-16T19:36:21,surprise,73.58
2026-04-16T19:36:21,fear,73.42
2026-04-16T19:36:23,surprise,92.13
2026-04-16T19:36:23,angry,56.82
2026-04-16T19:36:23,fear,72.53
2026-04-16T19:36:23,surprise,54.48
2026-04-16T19:36:23,fear,80.37
2026-04-16T19:36:23,surprise,79.07
2026-04-16T19:36:23,fear,82.86
2026-04-16T19:36:23,surprise,67.67
2026-04-16T19:36:23,fear,94.62
2026-04-16T19:36:24,surprise,83.91
2026-04-16T19:36:24,fear,66.51
2026-04-16T19:36:24,surprise,54.34
2026-04-16T19:36:24,fear,63.51
2026-04-16T19:36:24,surprise,86.77
2026-04-16T19:36:24,fear,60.63
2026-04-16T19:36:24,surprise,95.77
2026-04-16T19:36:25,fear,77.66
2026-04-16T19:36:25,surprise,53.75
2026-04-16T19:36:25,fear,54.87
2026-04-16T19:36:25,surprise,83.12
2026-04-16T19:36:25,fear,56.81
2026-04-16T19:36:25,surprise,51.55
2026-04-16T19:36:25,fear,81.37
2026-04-16T19:36:26,surprise,69.04
2026-04-16T19:36:26,fear,70.55
2026-04-16T19:36:26,surprise,84.81
2026-04-16T19:36:26,fear,54.10
2026-04-16T19:36:26,surprise,90.32
2026-04-16T19:36:26,fear,50.98
2026-04-16T19:36:26,surprise,69.72
2026-04-16T19:36:27,fear,53.23
2026-04-16T19:36:27,surprise,80.51
2026-04-16T19:36:27,fear,69.64
2026-04-16T19:36:27,surprise,50.17
2026-04-16T19:36:29,fear,53.89
2026-04-16T19:36:29,surprise,66.33
2026-04-16T19:36:29,fear,66.19
2026-04-16T19:36:29,surprise,59.28
2026-04-16T19:36:31,fear,50.44
2026-04-16T19:36:31,surprise,75.36
2026-04-16T19:36:31,fear,88.55
2026-04-16T19:36:31,surprise,69.11
2026-04-16T19:36:31,fear,59.47
2026-04-16T19:36:31,surprise,65.96
2026-04-16T19:36:31,fear,54.96
2026-04-16T19:36:31,surprise,69.13
2026-04-16T19:36:31,fear,53.53
2026-04-16T19:36:31,surprise,74.12
2026-04-16T19:36:31,fear,76.36
2026-04-16T19:36:31,surprise,75.40
2026-04-16T19:36:31,fear,62.02
2026-04-16T19:36:32,surprise,83.18
2026-04-16T19:36:32,fear,70.00
2026-04-16T19:36:32,surprise,50.20
2026-04-16T19:36:32,fear,53.39
2026-04-16T19:36:32,surprise,76.56
2026-04-16T19:36:32,fear,62.42
2026-04-16T19:36:32,surprise,64.68
2026-04-16T19:36:32,fear,67.59
2026-04-16T19:36:32,surprise,72.91
2026-04-16T19:36:33,fear,68.87
2026-04-16T19:36:33,surprise,83.02
2026-04-16T19:36:33,fear,61.52
2026-04-16T19:36:33,surprise,81.49
2026-04-16T19:36:33,fear,74.23
2026-04-16T19:36:33,surprise,75.44
2026-04-16T19:36:33,fear,78.04
2026-04-16T19:36:33,surprise,75.06
2026-04-16T19:36:33,fear,88.23
2026-04-16T19:36:33,surprise,57.47
2026-04-16T19:36:33,fear,81.23
2026-04-16T19:36:34,surprise,71.40
2026-04-16T19:36:34,fear,73.93
2026-04-16T19:36:34,surprise,51.33
2026-04-16T19:36:34,fear,70.54
2026-04-16T19:36:35,surprise,59.92
2026-04-16T19:36:35,fear,64.28
2026-04-16T19:36:35,surprise,58.77
2026-04-16T19:36:35,fear,78.53
2026-04-16T19:36:36,surprise,55.19
2026-04-16T19:36:36,fear,85.73
2026-04-16T19:36:36,surprise,54.08
2026-04-16T19:36:36,fear,83.19
2026-04-16T19:36:36,surprise,59.17
2026-04-16T19:36:36,fear,67.26
2026-04-16T19:36:37,surprise,82.76
2026-04-16T19:36:37,fear,83.00
2026-04-16T19:36:47,surprise,50.26
2026-04-16T19:36:47,fear,83.27
2026-04-16T19:36:47,surprise,57.10
2026-04-16T19:36:47,fear,59.41
2026-04-16T19:36:47,surprise,53.69
2026-04-16T19:36:47,fear,71.58
2026-04-16T19:36:47,surprise,60.11
2026-04-16T19:36:47,fear,86.70
2026-04-16T19:36:47,surprise,69.03
2026-04-16T19:36:48,fear,65.60
2026-04-16T19:36:48,surprise,73.44
2026-04-16T19:36:48,fear,71.67
2026-04-16T19:36:49,surprise,58.39
2026-04-16T19:36:49,fear,60.81
2026-04-16T19:36:49,surprise,70.95
2026-04-16T19:36:49,fear,67.67
2026-04-16T19:36:49,surprise,83.79
2026-04-16T19:36:50,fear,53.03
2026-04-16T19:36:52,surprise,70.35
2026-04-16T19:36:52,fear,90.03
2026-04-16T19:36:53,surprise,53.26
2026-04-16T19:36:53,fear,93.81
2026-04-16T19:36:56,sad,39.72
2026-04-16T19:36:56,fear,47.52
2026-04-16T19:36:58,neutral,37.52
2026-04-16T19:36:58,fear,41.22
2026-04-16T19:36:59,neutral,70.75
2026-04-16T19:36:59,sad,38.43
2026-04-16T19:36:59,happy,58.51
2026-04-16T19:36:59,sad,45.85
2026-04-16T19:36:59,neutral,52.51
2026-04-16T19:36:59,fear,48.17
2026-04-16T19:36:59,sad,52.44
2026-04-16T19:36:59,fear,35.99
2026-04-16T19:36:59,sad,51.31
2026-04-16T19:37:00,fear,66.73
2026-04-16T19:37:00,sad,48.87
2026-04-16T19:37:00,fear,60.54
2026-04-16T19:37:00,sad,43.42
2026-04-16T19:37:00,neutral,47.16
2026-04-16T19:37:00,fear,41.28
2026-04-16T19:37:00,sad,45.08
2026-04-16T19:37:00,fear,43.86
2026-04-16T19:37:00,sad,45.48
2026-04-16T19:37:00,fear,62.38
2026-04-16T19:37:00,neutral,64.17
2026-04-16T19:37:01,happy,46.23
2026-04-16T19:37:01,sad,44.10
2026-04-16T19:37:01,neutral,44.53
2026-04-16T19:37:01,sad,49.71
2026-04-16T19:37:01,neutral,47.93
2026-04-16T19:37:01,sad,48.52
2026-04-16T19:37:01,neutral,63.68
2026-04-16T19:37:01,sad,48.43
2026-04-16T19:37:01,fear,56.32
2026-04-16T19:37:02,neutral,50.35
2026-04-16T19:37:02,sad,47.71
2026-04-16T19:37:02,neutral,56.31
2026-04-16T19:37:03,sad,50.15
2026-04-16T19:37:03,neutral,46.50
2026-04-16T19:37:03,sad,54.21
2026-04-16T19:37:03,neutral,49.22
2026-04-16T19:37:05,sad,39.79
2026-04-16T19:37:05,neutral,35.71
2026-04-16T19:37:05,sad,48.64
2026-04-16T19:37:05,neutral,44.56
2026-04-16T19:37:06,sad,44.74
2026-04-16T19:37:06,fear,36.18
2026-04-16T19:37:06,sad,42.57
2026-04-16T19:37:06,neutral,37.06
2026-04-16T19:37:06,sad,41.80
2026-04-16T19:37:06,fear,39.51
2026-04-16T19:37:06,neutral,54.88
2026-04-16T19:37:06,sad,37.86
2026-04-16T19:37:06,fear,48.37
2026-04-16T19:37:06,sad,45.32
2026-04-16T19:37:07,fear,60.50
2026-04-16T19:37:07,sad,41.66
2026-04-16T19:37:07,fear,42.88
2026-04-16T19:37:07,sad,41.40
2026-04-16T19:37:07,neutral,38.28
2026-04-16T19:37:07,fear,54.00
2026-04-16T19:37:07,sad,42.69
2026-04-16T19:37:08,neutral,41.99
2026-04-16T19:37:08,sad,49.58
2026-04-16T19:37:08,neutral,51.36
2026-04-16T19:37:08,sad,46.01
2026-04-16T19:37:08,neutral,54.54
2026-04-16T19:37:08,fear,41.49
2026-04-16T19:37:08,sad,43.02
2026-04-16T19:37:08,fear,35.99
2026-04-16T19:37:08,neutral,43.94
2026-04-16T19:37:08,sad,37.76
2026-04-16T19:37:09,neutral,39.10
2026-04-16T19:37:09,sad,47.51
2026-04-16T19:37:09,fear,44.78
2026-04-16T19:37:09,sad,50.12
2026-04-16T19:37:10,fear,56.74
2026-04-16T19:37:10,sad,43.22
2026-04-16T19:37:10,fear,45.62
2026-04-16T19:37:10,sad,42.45
2026-04-16T19:37:10,fear,49.49
2026-04-16T19:37:10,sad,43.87
2026-04-16T19:37:10,fear,49.58
2026-04-16T19:37:11,sad,49.57
2026-04-16T19:37:11,neutral,41.77
2026-04-16T19:37:11,sad,47.14
2026-04-16T19:37:11,neutral,40.49
2026-04-16T19:37:11,sad,39.77
2026-04-16T19:37:11,neutral,37.40
2026-04-16T19:37:12,sad,42.91
2026-04-16T19:37:12,neutral,43.16
2026-04-16T19:37:12,sad,40.64
2026-04-16T19:37:12,fear,37.52
2026-04-16T19:37:12,sad,45.48
2026-04-16T19:37:12,fear,52.64
2026-04-16T19:37:12,sad,37.77
2026-04-16T19:37:12,fear,55.90
2026-04-16T19:37:12,sad,41.95
2026-04-16T19:37:12,fear,49.13
2026-04-16T19:37:13,sad,35.47
2026-04-16T19:37:13,fear,64.82
2026-04-16T19:37:14,neutral,35.64
2026-04-16T19:37:14,sad,40.41
2026-04-16T19:37:14,fear,37.31
2026-04-16T19:37:14,neutral,39.16
2026-04-16T19:37:14,fear,37.90
2026-04-16T19:37:14,neutral,33.94
2026-04-16T19:37:14,sad,38.59
2026-04-16T19:37:14,fear,46.93
2026-04-16T19:37:21,sad,36.40
2026-04-16T19:37:21,fear,48.23
2026-04-16T19:37:21,sad,60.63
2026-04-16T19:37:22,neutral,77.79
2026-04-16T19:37:22,sad,64.07
2026-04-16T19:37:22,neutral,55.21
2026-04-16T19:37:22,sad,53.69
2026-04-16T19:37:22,neutral,54.90
2026-04-16T19:37:22,sad,70.37
2026-04-16T19:37:23,happy,99.30
2026-04-16T19:37:23,sad,66.46
2026-04-16T19:37:23,happy,74.71
2026-04-16T19:37:23,sad,46.04
2026-04-16T19:37:24,happy,80.91
2026-04-16T19:37:24,sad,70.40
2026-04-16T19:37:24,happy,66.12
2026-04-16T19:37:24,sad,80.42
2026-04-16T19:37:24,neutral,51.87
2026-04-16T19:37:24,sad,69.29
2026-04-16T19:37:25,neutral,54.58
2026-04-16T19:37:25,sad,56.03
2026-04-16T19:37:25,neutral,53.64
2026-04-16T19:37:25,sad,57.86
2026-04-16T19:37:25,neutral,38.52
2026-04-16T19:37:25,happy,96.11
2026-04-16T19:37:25,sad,47.69
2026-04-16T19:37:26,neutral,61.17
2026-04-16T19:37:26,fear,57.18
2026-04-16T19:37:26,sad,45.86
2026-04-16T19:37:26,fear,51.66
2026-04-16T19:37:27,sad,42.84
2026-04-16T19:37:27,fear,62.54
2026-04-16T19:37:27,neutral,46.52
2026-04-16T19:37:27,fear,43.04
2026-04-16T19:37:27,sad,41.23
2026-04-16T19:37:27,fear,92.58
2026-04-16T19:37:28,surprise,54.79
2026-04-16T19:37:28,fear,55.85
2026-04-16T19:37:28,surprise,69.94
2026-04-16T19:37:28,fear,72.87
2026-04-16T19:37:28,surprise,77.67
2026-04-16T19:37:36,fear,58.67
2026-04-16T19:37:36,surprise,71.95
2026-04-16T19:37:36,fear,53.45
2026-04-16T19:37:36,surprise,76.36
2026-04-16T19:37:36,sad,68.05
2026-04-16T19:37:36,fear,87.76
2026-04-16T19:37:36,surprise,58.27
2026-04-16T19:37:36,fear,58.65
2026-04-16T19:37:36,surprise,81.36
2026-04-16T19:37:37,angry,70.91
2026-04-16T19:37:37,fear,91.76
2026-04-16T19:37:37,surprise,76.64
2026-04-16T19:37:47,angry,35.25
2026-04-16T19:37:47,fear,49.49
2026-04-16T19:37:47,surprise,58.37
2026-04-16T19:37:48,fear,49.64
2026-04-16T19:37:48,surprise,59.42
2026-04-16T19:37:48,fear,49.11
2026-04-16T19:37:49,surprise,73.60
2026-04-16T19:37:49,fear,54.19
2026-04-16T19:37:49,surprise,54.81
2026-04-16T19:37:49,fear,57.18
2026-04-16T19:37:49,surprise,60.74
2026-04-16T19:37:49,fear,56.51
2026-04-16T19:37:49,surprise,60.37
2026-04-16T19:37:50,fear,57.73
2026-04-16T19:37:50,surprise,80.29
2026-04-16T19:37:52,fear,63.47
2026-04-16T19:37:52,angry,96.64
2026-04-16T19:37:52,neutral,98.91
2026-04-16T19:37:52,sad,68.74
2026-04-16T19:37:52,angry,74.13
2026-04-16T19:37:52,fear,83.34
2026-04-16T19:37:58,surprise,57.07
2026-04-16T19:37:58,fear,77.19
2026-04-16T19:37:58,surprise,58.88
2026-04-16T19:37:58,fear,81.30
2026-04-16T19:37:58,surprise,86.13
2026-04-16T19:37:58,fear,84.84
2026-04-16T19:38:00,surprise,77.20
2026-04-16T19:38:00,fear,64.14
2026-04-16T19:38:00,surprise,50.09
2026-04-16T19:38:00,fear,76.58
2026-04-16T19:38:00,surprise,53.36
2026-04-16T19:38:00,fear,88.14
2026-04-16T19:38:02,surprise,56.80
2026-04-16T19:38:02,fear,74.64
2026-04-16T19:38:03,surprise,74.57
2026-04-16T19:38:03,fear,82.21
2026-04-16T19:38:03,surprise,60.86
2026-04-16T19:38:03,fear,90.64
2026-04-16T19:38:03,surprise,59.43
2026-04-16T19:38:03,fear,75.51
2026-04-16T19:38:03,surprise,76.54
2026-04-16T19:38:03,fear,86.99
2026-04-16T19:38:03,surprise,50.93
2026-04-16T19:38:03,fear,82.53
2026-04-16T19:38:03,surprise,66.59
2026-04-16T19:38:03,fear,89.26
2026-04-16T19:38:07,surprise,66.76
2026-04-16T19:38:07,fear,60.50
2026-04-16T19:38:07,surprise,86.87
2026-04-16T19:38:07,fear,56.35
2026-04-16T19:38:07,surprise,54.35
2026-04-16T19:38:07,fear,61.44
2026-04-16T19:38:08,surprise,77.67
2026-04-16T19:38:08,fear,76.95
2026-04-16T19:38:08,surprise,72.00
2026-04-16T19:38:08,fear,65.45
2026-04-16T19:38:08,surprise,61.24
2026-04-16T19:38:08,fear,72.60
2026-04-16T19:38:08,surprise,51.49
2026-04-16T19:38:08,fear,90.09
2026-04-16T19:38:08,surprise,64.13
2026-04-16T19:38:08,fear,89.48
2026-04-16T19:38:09,sad,41.60
2026-04-16T19:38:09,fear,47.10
2026-04-16T19:38:10,sad,62.87
2026-04-16T19:38:10,fear,71.53
2026-04-16T19:38:10,sad,49.26
2026-04-16T19:38:10,neutral,54.68
2026-04-16T19:38:10,sad,62.45
2026-04-16T19:38:10,neutral,55.06
2026-04-16T19:38:11,sad,60.16
2026-04-16T19:38:11,neutral,55.55
2026-04-16T19:38:11,sad,55.58
2026-04-16T19:38:12,fear,48.97
2026-04-16T19:38:12,sad,48.59
2026-04-16T19:38:12,neutral,46.73
2026-04-16T19:38:12,sad,47.05
2026-04-16T19:38:12,fear,45.72
2026-04-16T19:38:12,sad,44.03
2026-04-16T19:38:13,fear,44.53
2026-04-16T19:38:13,sad,43.51
2026-04-16T19:38:13,neutral,45.11
2026-04-16T19:38:13,sad,45.23
2026-04-16T19:38:13,neutral,52.17
2026-04-16T19:38:13,sad,44.05
2026-04-16T19:38:13,neutral,58.69
2026-04-16T19:38:13,sad,42.44
2026-04-16T19:38:13,fear,48.72
2026-04-16T19:38:16,sad,67.47
2026-04-16T19:38:16,fear,55.26
2026-04-16T19:38:17,sad,45.66
2026-04-16T19:38:17,fear,79.50
2026-04-16T19:38:18,sad,43.74
2026-04-16T19:38:18,neutral,52.01
2026-04-16T19:38:18,fear,59.43
2026-04-16T19:38:18,sad,61.88
2026-04-16T19:38:18,fear,65.43
2026-04-16T19:38:19,happy,43.59
2026-04-16T19:38:19,sad,64.37
2026-04-16T19:38:19,happy,45.44
2026-04-16T19:38:19,sad,68.48
2026-04-16T19:38:19,fear,38.80
2026-04-16T19:38:20,sad,43.16
2026-04-16T19:38:20,happy,51.17
2026-04-16T19:38:20,sad,89.68
2026-04-16T19:38:20,happy,52.89
2026-04-16T19:38:20,sad,64.67
2026-04-16T19:38:21,fear,77.88
2026-04-16T19:38:21,sad,63.07
2026-04-16T19:38:22,fear,71.80
2026-04-16T19:38:22,sad,54.86
2026-04-16T19:38:22,fear,54.56
2026-04-16T19:38:22,sad,59.16
2026-04-16T19:38:22,fear,58.45
2026-04-16T19:38:23,sad,50.93
2026-04-16T19:38:24,neutral,88.75
2026-04-16T19:38:24,happy,90.06
2026-04-16T19:38:24,fear,66.15
2026-04-16T19:38:24,surprise,62.17
2026-04-16T19:38:24,neutral,94.01
2026-04-16T19:38:24,angry,99.76
2026-04-16T19:38:25,sad,65.25
2026-04-16T19:38:25,angry,96.35
2026-04-16T19:38:25,fear,61.70
2026-04-16T19:38:25,angry,86.73
2026-04-16T19:38:25,neutral,75.49
2026-04-16T19:38:26,sad,77.69
2026-04-16T19:38:26,neutral,64.57
2026-04-16T19:38:26,sad,62.30
2026-04-16T19:38:26,angry,38.43
2026-04-16T19:38:26,sad,57.14
2026-04-16T19:38:27,angry,49.08
2026-04-16T19:38:27,neutral,76.20
2026-04-16T19:38:27,angry,44.76
2026-04-16T19:38:27,neutral,47.27
2026-04-16T19:38:27,sad,43.60
2026-04-16T19:38:27,neutral,36.87
2026-04-16T19:38:27,fear,44.24
2026-04-16T19:38:27,neutral,73.34
2026-04-16T19:38:27,sad,54.46
2026-04-16T19:38:27,neutral,64.86
2026-04-16T19:38:27,angry,99.97
2026-04-16T19:38:27,neutral,90.59
2026-04-16T19:38:27,angry,100.00
2026-04-16T19:38:34,neutral,99.18
2026-04-16T19:38:34,angry,99.96
2026-04-16T19:38:34,neutral,95.17
2026-04-16T19:38:34,angry,99.95
2026-04-16T19:38:34,neutral,98.64
2026-04-16T19:38:34,angry,99.98
2026-04-16T19:38:34,neutral,98.37
2026-04-16T19:38:34,angry,99.86
2026-04-16T19:38:34,neutral,98.82
2026-04-16T19:38:34,angry,99.91
2026-04-16T19:38:37,fear,91.70
2026-04-16T19:38:38,neutral,69.68
2026-04-16T19:38:38,fear,67.59
2026-04-16T19:38:38,neutral,91.89
2026-04-16T19:38:38,fear,89.63
2026-04-16T19:38:38,surprise,68.14
2026-04-16T19:38:40,fear,55.65
2026-04-16T19:38:40,angry,95.24
2026-04-16T19:38:41,fear,73.32
2026-04-16T19:38:42,angry,51.33
2026-04-16T19:38:42,fear,97.39
2026-04-16T19:38:43,neutral,97.95
2026-04-16T19:38:43,fear,99.99
2026-04-16T19:38:44,angry,68.75
2026-04-16T19:38:44,surprise,77.55
2026-04-16T19:38:45,fear,36.20
2026-04-16T19:38:45,surprise,86.69
2026-04-16T19:38:46,angry,62.01
2026-04-16T19:38:46,surprise,87.19
2026-04-16T19:38:46,fear,43.32
2026-04-16T19:38:46,surprise,89.26
2026-04-16T19:38:46,angry,67.71
2026-04-16T19:38:46,surprise,84.80
2026-04-16T19:38:46,angry,76.46
2026-04-16T19:38:46,surprise,77.00
2026-04-16T19:38:46,angry,56.66
2026-04-16T19:38:46,surprise,74.86
2026-04-16T19:38:47,angry,39.22
2026-04-16T19:38:49,fear,53.63
2026-04-16T19:38:50,angry,64.15
2026-04-16T19:38:50,fear,51.84
2026-04-16T19:38:50,angry,51.41
2026-04-16T19:38:50,fear,53.27
2026-04-16T19:38:50,angry,66.92
2026-04-16T19:38:51,fear,50.69
2026-04-16T19:38:51,angry,71.38
2026-04-16T19:38:51,fear,57.62
2026-04-16T19:38:51,neutral,93.82
2026-04-16T19:38:51,fear,49.03
2026-04-16T19:38:51,surprise,88.13
2026-04-16T19:38:51,angry,87.50
2026-04-16T19:38:51,neutral,92.97
2026-04-16T19:38:52,angry,97.59
2026-04-16T19:38:52,neutral,98.92
2026-04-16T19:38:52,angry,97.45
2026-04-16T19:38:55,neutral,92.00
2026-04-16T19:38:55,angry,71.63
2026-04-16T19:38:55,neutral,43.45
2026-04-16T19:38:55,sad,57.95
2026-04-16T19:38:55,neutral,63.34
2026-04-16T19:38:55,sad,62.35
2026-04-16T19:38:56,neutral,56.37
2026-04-16T19:38:56,sad,38.30
2026-04-16T19:38:56,fear,78.32
2026-04-16T19:38:56,neutral,57.17
2026-04-16T19:38:56,fear,44.88
2026-04-16T19:38:56,neutral,58.43
2026-04-16T19:38:56,fear,40.08
2026-04-16T19:38:57,neutral,64.88
2026-04-16T19:38:57,fear,43.01
2026-04-16T19:38:57,neutral,96.18
2026-04-16T19:38:58,angry,96.11
2026-04-16T19:38:58,neutral,85.42
2026-04-16T19:38:58,fear,68.89
2026-04-16T19:38:58,angry,57.52
2026-04-16T19:38:58,fear,79.28
2026-04-16T19:38:58,neutral,79.59
2026-04-16T19:38:59,fear,50.05
2026-04-16T19:38:59,neutral,97.90
2026-04-16T19:38:59,fear,48.40
2026-04-16T19:38:59,neutral,50.63
2026-04-16T19:38:59,fear,40.22
2026-04-16T19:38:59,surprise,61.74
2026-04-16T19:38:59,neutral,50.92
2026-04-16T19:38:59,fear,41.95
2026-04-16T19:38:59,neutral,60.81
2026-04-16T19:38:59,fear,33.16
2026-04-16T19:39:00,neutral,79.42
2026-04-16T19:39:00,fear,43.00
2026-04-16T19:39:00,neutral,94.19
2026-04-16T19:39:01,angry,98.94
2026-04-16T19:39:02,neutral,69.55
2026-04-16T19:39:04,angry,97.49
2026-04-16T19:39:04,neutral,98.57
2026-04-16T19:39:04,angry,95.78
2026-04-16T19:39:05,surprise,47.68
2026-04-16T19:39:08,neutral,99.73
2026-04-16T19:39:08,surprise,96.84
2026-04-16T19:39:08,neutral,99.14
2026-04-16T19:39:09,surprise,88.47
2026-04-16T19:39:09,neutral,95.96
2026-04-16T19:39:09,surprise,90.71
2026-04-16T19:39:09,neutral,99.54
2026-04-16T19:39:10,surprise,94.67
2026-04-16T19:39:10,neutral,98.88
2026-04-16T19:39:10,surprise,85.25
2026-04-16T19:39:10,neutral,99.92
2026-04-16T19:39:10,surprise,76.30
2026-04-16T19:39:10,neutral,99.40
2026-04-16T19:39:11,angry,59.73
2026-04-16T19:39:11,surprise,94.53
2026-04-16T19:39:11,neutral,97.93
2026-04-16T19:39:11,surprise,99.83
2026-04-16T19:39:11,neutral,93.25
2026-04-16T19:39:11,surprise,79.27
2026-04-16T19:39:11,neutral,99.23
2026-04-16T19:39:11,surprise,95.57
2026-04-16T19:39:11,neutral,98.30
2026-04-16T19:39:12,fear,52.88
2026-04-16T19:39:12,neutral,38.11
2026-04-16T19:39:13,fear,68.43
2026-04-16T19:39:13,sad,43.14
2026-04-16T19:39:13,fear,33.13
2026-04-16T19:39:13,neutral,32.54
2026-04-16T19:39:13,fear,61.97
2026-04-16T19:39:13,neutral,53.00
2026-04-16T19:39:13,fear,75.91
2026-04-16T19:39:13,neutral,49.01
2026-04-16T19:39:13,fear,57.31
2026-04-16T19:39:13,neutral,29.03
2026-04-16T19:39:13,fear,46.89
2026-04-16T19:39:14,surprise,38.54
2026-04-16T19:39:14,fear,86.43
2026-04-16T19:39:14,neutral,48.66
2026-04-16T19:39:14,fear,48.21
2026-04-16T19:39:14,neutral,97.60
2026-04-16T19:39:14,angry,78.47
2026-04-16T19:39:14,neutral,98.56
2026-04-16T19:39:18,surprise,79.39
2026-04-16T19:39:18,neutral,99.70
2026-04-16T19:39:18,surprise,83.98
2026-04-16T19:39:18,neutral,99.47
2026-04-16T19:39:19,surprise,77.59
2026-04-16T19:39:19,neutral,99.77
2026-04-16T19:39:20,fear,54.90
2026-04-16T19:39:21,surprise,55.80
2026-04-16T19:39:21,fear,60.03
2026-04-16T19:39:21,surprise,54.44
2026-04-16T19:39:21,fear,66.70
2026-04-16T19:39:21,surprise,57.91
2026-04-16T19:39:21,fear,61.09
2026-04-16T19:39:22,surprise,49.34
2026-04-16T19:39:22,fear,67.89
2026-04-16T19:39:22,surprise,49.69
2026-04-16T19:39:22,fear,71.21
2026-04-16T19:39:22,angry,44.74
2026-04-16T19:39:22,neutral,93.95
2026-04-16T19:39:22,angry,91.48
2026-04-16T19:39:22,neutral,99.61
2026-04-16T19:39:22,surprise,95.72
2026-04-16T19:39:23,angry,75.52
2026-04-16T19:39:23,surprise,52.63
2026-04-16T19:39:23,neutral,99.09
2026-04-16T19:39:23,angry,96.24
2026-04-16T19:39:23,neutral,99.09
2026-04-16T19:39:23,angry,80.04
2026-04-16T19:39:23,neutral,98.43
2026-04-16T19:39:23,surprise,62.86
2026-04-16T19:39:23,angry,81.65
2026-04-16T19:39:23,surprise,85.33
2026-04-16T19:39:24,neutral,97.23
2026-04-16T19:39:24,surprise,99.20
2026-04-16T19:39:24,angry,72.09
2026-04-16T19:39:24,neutral,98.56
2026-04-16T19:39:24,angry,50.07
2026-04-16T19:39:25,surprise,87.20
2026-04-16T19:39:25,angry,55.43
2026-04-16T19:39:25,surprise,94.66
2026-04-16T19:39:26,neutral,98.55
2026-04-16T19:39:26,surprise,83.54
2026-04-16T19:39:26,neutral,98.97
2026-04-16T19:39:26,surprise,96.65
2026-04-16T19:39:26,neutral,95.73
2026-04-16T19:39:26,surprise,64.00
2026-04-16T19:39:26,angry,61.98
2026-04-16T19:39:27,neutral,99.47
2026-04-16T19:39:27,angry,99.61
2026-04-16T19:39:27,neutral,99.62
2026-04-16T19:39:28,angry,98.30
2026-04-16T19:39:29,fear,97.03
2026-04-16T19:39:30,angry,54.04
2026-04-16T19:39:30,fear,90.62
2026-04-16T19:39:30,angry,85.78
2026-04-16T19:39:30,fear,79.32
2026-04-16T19:39:30,angry,99.46
2026-04-16T19:39:30,neutral,98.20
2026-04-16T19:39:30,angry,99.88
2026-04-16T19:39:31,neutral,99.77
2026-04-16T19:39:31,angry,99.85
2026-04-16T19:39:31,neutral,99.76
2026-04-16T19:39:31,angry,99.05
2026-04-16T19:39:31,surprise,89.63
2026-04-16T19:39:32,fear,52.62
2026-04-16T19:39:32,angry,43.62
2026-04-16T19:39:32,fear,57.37
2026-04-16T19:39:32,surprise,51.36
2026-04-16T19:39:32,fear,50.90
2026-04-16T19:39:32,surprise,51.62
2026-04-16T19:39:32,fear,54.18
2026-04-16T19:39:32,surprise,55.42
2026-04-16T19:39:33,fear,56.24
2026-04-16T19:39:33,surprise,65.32
2026-04-16T19:39:33,fear,69.84
2026-04-16T19:39:33,surprise,54.07
2026-04-16T19:39:33,fear,55.98
2026-04-16T19:39:33,surprise,72.30
2026-04-16T19:39:33,fear,39.02
2026-04-16T19:39:33,surprise,70.69
2026-04-16T19:39:33,fear,74.37
2026-04-16T19:39:33,surprise,46.59
2026-04-16T19:39:33,fear,59.44
2026-04-16T19:39:33,surprise,59.52
2026-04-16T19:39:33,fear,48.56
2026-04-16T19:39:34,surprise,63.31
2026-04-16T19:39:34,fear,63.59
2026-04-16T19:39:34,surprise,50.35
2026-04-16T19:39:34,fear,76.61
2026-04-16T19:39:34,surprise,46.66
2026-04-16T19:39:34,fear,78.16
2026-04-16T19:39:35,surprise,56.22
2026-04-16T19:39:35,fear,63.00
2026-04-16T19:39:35,surprise,69.97
2026-04-16T19:39:36,fear,69.96
2026-04-16T19:39:36,surprise,76.96
2026-04-16T19:39:36,fear,72.76
2026-04-16T19:39:36,surprise,73.14
2026-04-16T19:39:37,fear,56.48
2026-04-16T19:39:37,surprise,79.61
2026-04-16T19:39:37,neutral,98.58
2026-04-16T19:39:37,surprise,81.89
2026-04-16T19:39:37,neutral,98.85
2026-04-16T19:39:37,surprise,71.25
2026-04-16T19:39:37,neutral,98.60
2026-04-16T19:39:37,surprise,71.35
2026-04-16T19:39:38,neutral,99.36
2026-04-16T19:39:38,surprise,78.28
2026-04-16T19:39:38,neutral,99.92
2026-04-16T19:39:38,surprise,79.68
2026-04-16T19:39:38,neutral,98.81
2026-04-16T19:39:38,surprise,94.86
2026-04-16T19:39:38,neutral,99.90
2026-04-16T19:39:38,surprise,94.49
2026-04-16T19:39:39,neutral,99.73
2026-04-16T19:39:39,surprise,94.67
2026-04-16T19:39:39,neutral,99.80
2026-04-16T19:39:39,surprise,91.21
2026-04-16T19:39:39,neutral,99.60
2026-04-16T19:39:39,surprise,64.31
2026-04-16T19:39:39,neutral,99.75
2026-04-16T19:39:40,surprise,78.17
2026-04-16T19:39:40,neutral,99.48
2026-04-16T19:39:40,surprise,85.83
2026-04-16T19:39:40,neutral,99.75
2026-04-16T19:39:40,surprise,51.08
2026-04-16T19:39:40,neutral,99.81
2026-04-16T19:39:40,surprise,94.87
2026-04-16T19:39:40,neutral,99.24
2026-04-16T19:39:40,surprise,93.13
2026-04-16T19:39:40,neutral,99.34
2026-04-16T19:39:40,surprise,92.62
2026-04-16T19:39:41,neutral,99.40
2026-04-16T19:39:41,surprise,52.84
2026-04-16T19:39:41,neutral,98.79
2026-04-16T19:39:41,fear,60.72
2026-04-16T19:39:41,neutral,98.02
2026-04-16T19:39:41,fear,74.50
2026-04-16T19:39:41,neutral,98.48
2026-04-16T19:39:41,fear,85.38
2026-04-16T19:39:46,neutral,92.95
2026-04-16T19:39:46,fear,88.83
2026-04-16T19:39:46,neutral,83.57
2026-04-16T19:39:46,fear,84.48
2026-04-16T19:39:51,neutral,83.59
2026-04-16T19:39:51,fear,94.72
2026-04-16T19:39:51,surprise,80.36
2026-04-16T19:39:51,fear,52.71
2026-04-16T19:39:51,neutral,98.88
2026-04-16T19:39:51,surprise,89.55
2026-04-16T19:39:51,fear,54.11
2026-04-16T19:39:51,surprise,97.12
2026-04-16T19:39:51,neutral,99.20
2026-04-16T19:39:51,fear,95.58
2026-04-16T19:39:52,neutral,99.92
2026-04-16T19:39:52,fear,98.67
2026-04-16T19:39:52,neutral,99.88
2026-04-16T19:39:52,fear,99.02
2026-04-16T19:39:57,sad,79.32
2026-04-16T19:39:57,fear,73.70
2026-04-16T19:39:58,sad,50.11
2026-04-16T19:39:58,fear,71.27
2026-04-16T19:39:58,sad,62.51
2026-04-16T19:39:58,fear,72.27
2026-04-16T19:39:58,sad,62.27
2026-04-16T19:39:58,fear,58.62
2026-04-16T19:39:58,sad,53.34
2026-04-16T19:39:58,fear,77.01
2026-04-16T19:39:58,sad,61.53
2026-04-16T19:39:58,fear,75.79
2026-04-16T19:39:58,sad,73.01
2026-04-16T19:39:59,fear,82.22
2026-04-16T19:39:59,sad,74.23
2026-04-16T19:39:59,fear,77.33
2026-04-16T19:39:59,sad,51.05
2026-04-16T19:39:59,fear,81.79
2026-04-16T19:39:59,sad,51.90
2026-04-16T19:39:59,fear,84.26
2026-04-16T19:39:59,sad,58.53
2026-04-16T19:39:59,fear,67.97
2026-04-16T19:39:59,sad,67.11
2026-04-16T19:39:59,fear,64.89
2026-04-16T19:40:00,sad,73.25
2026-04-16T19:40:00,fear,85.57
2026-04-16T19:40:00,sad,52.40
2026-04-16T19:40:00,fear,71.57
2026-04-16T19:40:00,sad,74.16
2026-04-16T19:40:00,fear,66.78
2026-04-16T19:40:00,sad,78.31
2026-04-16T19:40:00,fear,87.67
2026-04-16T19:40:02,surprise,66.03
2026-04-16T19:40:02,angry,65.06
2026-04-16T19:40:02,fear,77.25
2026-04-16T19:40:02,angry,79.37
2026-04-16T19:40:03,surprise,71.40
2026-04-16T19:40:03,angry,51.70
2026-04-16T19:40:03,neutral,99.91
2026-04-16T19:40:03,fear,54.56
2026-04-16T19:40:03,neutral,99.88
2026-04-16T19:40:03,surprise,99.67
2026-04-16T19:40:03,fear,75.57
2026-04-16T19:40:03,surprise,94.60
2026-04-16T19:40:03,neutral,99.90
2026-04-16T19:40:03,fear,81.75
2026-04-16T19:40:03,neutral,99.74
2026-04-16T19:40:03,surprise,82.81
2026-04-16T19:40:04,fear,97.92
2026-04-16T19:40:04,neutral,99.64
2026-04-16T19:40:04,fear,97.91
2026-04-16T19:40:04,surprise,85.19
2026-04-16T19:40:04,fear,56.73
2026-04-16T19:40:04,neutral,99.82
2026-04-16T19:40:04,fear,89.60
2026-04-16T19:40:04,neutral,99.40
2026-04-16T19:40:04,fear,92.60
2026-04-16T19:40:05,neutral,99.82
2026-04-16T19:40:05,fear,97.54
2026-04-16T19:40:05,neutral,99.36
2026-04-16T19:40:05,fear,95.59
2026-04-16T19:40:05,surprise,54.51
2026-04-16T19:40:06,fear,47.94
2026-04-16T19:40:06,surprise,61.13
2026-04-16T19:40:06,fear,52.78
2026-04-16T19:40:06,surprise,59.25
2026-04-16T19:40:06,fear,75.06
2026-04-16T19:40:06,surprise,61.60
2026-04-16T19:40:06,fear,73.20
2026-04-16T19:40:06,neutral,92.48
2026-04-16T19:40:06,fear,84.64
2026-04-16T19:40:07,neutral,99.41
2026-04-16T19:40:07,fear,88.72
2026-04-16T19:40:07,neutral,99.77
2026-04-16T19:40:08,fear,95.80
2026-04-16T19:40:08,neutral,94.90
2026-04-16T19:40:09,happy,37.40
2026-04-16T19:40:09,neutral,98.88
2026-04-16T19:40:09,sad,46.40
2026-04-16T19:40:10,neutral,80.49
2026-04-16T19:40:10,fear,74.64
2026-04-16T19:40:10,neutral,98.25
2026-04-16T19:40:10,angry,90.13
2026-04-16T19:40:10,neutral,99.73
2026-04-16T19:40:10,angry,94.33
2026-04-16T19:40:11,neutral,92.63
2026-04-16T19:40:13,angry,92.49
2026-04-16T19:40:13,neutral,87.49
2026-04-16T19:40:13,angry,91.01
2026-04-16T19:40:13,neutral,99.26
2026-04-16T19:40:13,angry,91.61
2026-04-16T19:40:13,neutral,99.50
2026-04-16T19:40:14,angry,90.34
2026-04-16T19:40:14,neutral,99.68
2026-04-16T19:40:14,angry,91.15
2026-04-16T19:40:14,neutral,99.22
2026-04-16T19:40:14,angry,92.35
2026-04-16T19:40:14,neutral,99.76
2026-04-16T19:40:14,angry,89.61
2026-04-16T19:40:14,neutral,99.48
2026-04-16T19:40:14,angry,94.10
2026-04-16T19:40:15,neutral,97.88
2026-04-16T19:40:16,fear,56.01
2026-04-16T19:40:16,angry,73.65
2026-04-16T19:40:19,fear,53.36
2026-04-16T19:40:19,angry,67.55
2026-04-16T19:40:19,fear,52.46
2026-04-16T19:40:19,angry,66.59
2026-04-16T19:40:19,fear,59.26
2026-04-16T19:40:19,angry,51.66
2026-04-16T19:40:20,neutral,99.66
2026-04-16T19:40:20,angry,74.41
2026-04-16T19:40:20,fear,73.05
2026-04-16T19:40:21,angry,82.58
2026-04-16T19:40:21,neutral,84.40
2026-04-16T19:40:21,angry,71.81
2026-04-16T19:40:21,neutral,99.56
2026-04-16T19:40:21,happy,67.26
2026-04-16T19:40:21,neutral,99.46
2026-04-16T19:40:21,angry,67.29
2026-04-16T19:40:21,neutral,99.40
2026-04-16T19:40:21,angry,69.76
2026-04-16T19:40:21,neutral,96.92
2026-04-16T19:40:21,angry,60.93
2026-04-16T19:40:21,fear,66.79
2026-04-16T19:40:22,angry,52.72
2026-04-16T19:40:22,fear,65.55
2026-04-16T19:40:22,angry,53.97
2026-04-16T19:40:22,neutral,98.56
2026-04-16T19:40:22,angry,67.08
2026-04-16T19:40:22,neutral,96.68
2026-04-16T19:40:22,angry,72.42
2026-04-16T19:40:22,fear,55.34
2026-04-16T19:40:22,neutral,99.71
2026-04-16T19:40:22,fear,60.72
2026-04-16T19:40:23,neutral,99.08
2026-04-16T19:40:23,fear,61.18
2026-04-16T19:40:23,neutral,99.31
2026-04-16T19:40:23,happy,94.30
2026-04-16T19:40:23,fear,45.47
2026-04-16T19:40:23,neutral,93.48
2026-04-16T19:40:23,fear,92.85
2026-04-16T19:40:23,neutral,99.76
2026-04-16T19:40:24,fear,57.37
2026-04-16T19:40:24,neutral,99.74
2026-04-16T19:40:24,happy,74.95
2026-04-16T19:40:24,neutral,99.91
2026-04-16T19:40:24,fear,78.58
2026-04-16T19:40:24,neutral,99.81
2026-04-16T19:40:25,happy,94.24
2026-04-16T19:40:26,fear,38.22
2026-04-16T19:40:26,happy,86.43
2026-04-16T19:40:26,neutral,99.80
2026-04-16T19:40:26,fear,73.45
2026-04-16T19:40:26,happy,49.56
2026-04-16T19:40:26,fear,86.53
2026-04-16T19:40:26,neutral,99.79
2026-04-16T19:40:26,fear,79.16
2026-04-16T19:40:26,neutral,99.93
2026-04-16T19:40:29,happy,75.36
2026-04-16T19:40:29,neutral,99.68
2026-04-16T19:40:29,fear,94.56
2026-04-16T19:40:29,neutral,94.23
2026-04-16T19:40:29,fear,78.50
2026-04-16T19:40:29,neutral,99.26
2026-04-16T19:40:31,fear,82.21
2026-04-16T19:40:31,neutral,98.69
2026-04-16T19:40:31,happy,89.94
2026-04-16T19:40:31,neutral,99.53
2026-04-16T19:40:31,happy,43.17
2026-04-16T19:40:31,angry,44.32
2026-04-16T19:40:32,neutral,97.18
2026-04-16T19:40:32,fear,34.93
2026-04-16T19:40:32,neutral,99.65
2026-04-16T19:40:32,fear,99.67
2026-04-16T19:40:32,neutral,99.03
2026-04-16T19:40:32,fear,98.59
2026-04-16T19:40:32,neutral,99.55
2026-04-16T19:40:33,angry,97.90
2026-04-16T19:40:33,neutral,98.74
2026-04-16T19:40:33,angry,99.28
2026-04-16T19:40:33,neutral,99.41
2026-04-16T19:40:33,angry,99.61
2026-04-16T19:40:33,neutral,99.83
2026-04-16T19:40:33,angry,95.19
2026-04-16T19:40:34,neutral,92.20
2026-04-16T19:40:34,angry,80.01
2026-04-16T19:40:34,neutral,72.36
2026-04-16T19:40:34,angry,84.20
2026-04-16T19:40:34,neutral,91.57
2026-04-16T19:40:34,angry,95.33
2026-04-16T19:40:34,neutral,95.70
2026-04-16T19:40:35,angry,92.02
2026-04-16T19:40:35,fear,49.91
2026-04-16T19:40:35,angry,99.02
2026-04-16T19:40:35,fear,65.57
2026-04-16T19:40:35,angry,70.15
2026-04-16T19:40:35,neutral,45.56
2026-04-16T19:40:35,angry,48.10
2026-04-16T19:40:35,neutral,56.93
2026-04-16T19:40:36,sad,41.00
2026-04-16T19:40:36,fear,72.02
2026-04-16T19:40:36,neutral,33.93
2026-04-16T19:40:36,angry,35.02
2026-04-16T19:40:36,neutral,64.84
2026-04-16T19:40:36,sad,37.28
2026-04-16T19:40:36,surprise,54.13
2026-04-16T19:40:36,fear,52.68
2026-04-16T19:40:36,neutral,49.29
2026-04-16T19:40:37,fear,53.89
2026-04-16T19:40:37,happy,94.36
2026-04-16T19:40:38,angry,81.64
2026-04-16T19:40:38,fear,63.65
2026-04-16T19:40:38,angry,97.93
2026-04-16T19:40:38,happy,67.68
2026-04-16T19:40:38,fear,90.75
2026-04-16T19:40:38,angry,76.87
2026-04-16T19:40:38,happy,88.04
2026-04-16T19:40:39,neutral,98.90
2026-04-16T19:40:39,happy,63.30
2026-04-16T19:40:39,neutral,98.27
2026-04-16T19:40:39,fear,97.42
2026-04-16T19:40:39,neutral,99.90
2026-04-16T19:40:40,happy,47.34
2026-04-16T19:40:40,fear,49.16
2026-04-16T19:40:40,happy,95.70
2026-04-16T19:40:43,neutral,99.81
2026-04-16T19:40:43,happy,97.48
2026-04-16T19:40:43,neutral,99.76
2026-04-16T19:40:43,happy,97.81
2026-04-16T19:40:43,neutral,99.84
2026-04-16T19:40:43,happy,91.49
2026-04-16T19:40:43,neutral,99.40
2026-04-16T19:40:43,happy,89.77
2026-04-16T19:40:43,neutral,97.74
2026-04-16T19:40:44,happy,74.01
2026-04-16T19:40:44,neutral,98.83
2026-04-16T19:40:44,happy,95.90
2026-04-16T19:40:46,neutral,93.92
2026-04-16T19:40:46,happy,99.54
2026-04-16T19:40:46,fear,74.14
2026-04-16T19:40:46,neutral,98.68
2026-04-16T19:40:46,fear,90.85
2026-04-16T19:40:46,happy,61.94
2026-04-16T19:40:46,neutral,99.59
2026-04-16T19:40:47,fear,90.49
2026-04-16T19:40:47,neutral,95.11
2026-04-16T19:40:47,happy,70.49
2026-04-16T19:40:47,neutral,85.39
2026-04-16T19:40:47,fear,99.97
2026-04-16T19:40:47,neutral,94.01
2026-04-16T19:40:47,fear,95.61
2026-04-16T19:40:47,neutral,90.00
2026-04-16T19:40:47,angry,53.87
2026-04-16T19:40:47,fear,81.59
2026-04-16T19:40:47,angry,99.53
2026-04-16T19:40:48,surprise,52.24
2026-04-16T19:40:48,angry,77.72
2026-04-16T19:40:48,surprise,86.33
2026-04-16T19:40:48,fear,46.31
2026-04-16T19:40:48,surprise,95.27
2026-04-16T19:40:49,angry,61.80
2026-04-16T19:40:49,surprise,71.14
2026-04-16T19:40:50,fear,50.67
2026-04-16T19:40:50,surprise,40.98
2026-04-16T19:40:56,angry,61.07
2026-04-16T19:40:56,surprise,94.77
2026-04-16T19:40:57,angry,73.71
2026-04-16T19:40:57,surprise,55.39
2026-04-16T19:40:57,angry,87.56
2026-04-16T19:41:08,surprise,85.93
2026-04-16T19:41:09,fear,79.11
2026-04-16T19:41:09,surprise,53.67
2026-04-16T19:41:10,fear,60.00
2026-04-16T19:41:11,surprise,59.75
2026-04-16T19:41:11,fear,52.43
2026-04-16T19:41:11,surprise,63.59
2026-04-16T19:41:11,fear,63.07
2026-04-16T19:41:11,surprise,62.67
2026-04-16T19:41:11,fear,52.21
2026-04-16T19:41:12,angry,61.32
2026-04-16T19:41:12,fear,43.57
2026-04-16T19:41:12,angry,66.75
2026-04-16T19:41:12,fear,50.79
2026-04-16T19:41:12,surprise,66.37
2026-04-16T19:41:14,angry,42.80
2026-04-16T19:41:14,happy,46.99
2026-04-16T19:41:15,surprise,44.39
2026-04-16T19:41:15,happy,32.97
2026-04-16T19:41:15,angry,73.93
2026-04-16T19:41:15,happy,38.19
2026-04-16T19:41:15,surprise,33.36
2026-04-16T19:41:15,happy,43.21
2026-04-16T19:41:15,surprise,29.17
2026-04-16T19:41:15,happy,43.83
2026-04-16T19:41:15,fear,44.03
2026-04-16T19:41:15,angry,96.65
2026-04-16T19:41:15,fear,51.49
2026-04-16T19:41:15,surprise,49.18
2026-04-16T19:41:15,angry,41.13
2026-04-16T19:41:15,fear,70.19
2026-04-16T19:41:15,surprise,63.86
2026-04-16T19:41:16,angry,43.00
2026-04-16T19:41:16,fear,76.90
2026-04-16T19:41:16,angry,60.72
2026-04-16T19:41:16,fear,60.54
2026-04-16T19:41:16,angry,84.63
2026-04-16T19:41:16,fear,36.70
2026-04-16T19:41:16,angry,79.38
2026-04-16T19:41:17,surprise,59.97
2026-04-16T19:41:17,angry,77.19
2026-04-16T19:41:18,surprise,70.73
2026-04-16T19:41:18,angry,39.30
2026-04-16T19:41:18,surprise,83.23
2026-04-16T19:41:19,fear,41.83
2026-04-16T19:41:19,angry,80.53
2026-04-16T19:41:19,fear,49.84
2026-04-16T19:41:20,surprise,51.61
2026-04-16T19:41:20,fear,47.01
2026-04-16T19:41:20,surprise,51.76
2026-04-16T19:41:20,angry,55.16
2026-04-16T19:41:20,fear,57.97
2026-04-16T19:41:20,angry,39.73
2026-04-16T19:41:20,surprise,98.54
2026-04-16T19:41:21,angry,59.54
2026-04-16T19:41:22,fear,58.89
2026-04-16T19:41:22,sad,46.49
2026-04-16T19:41:23,neutral,63.28
2026-04-16T19:41:23,sad,49.34
2026-04-16T19:41:23,neutral,69.63
2026-04-16T19:41:23,fear,52.95
2026-04-16T19:41:23,neutral,69.51
2026-04-16T19:41:24,fear,51.96
2026-04-16T19:41:24,angry,99.67
2026-04-16T19:41:25,fear,92.85
2026-04-16T19:41:25,sad,68.21
2026-04-16T19:41:25,fear,51.51
2026-04-16T19:41:26,sad,63.80
2026-04-16T19:41:26,fear,63.66
2026-04-16T19:41:26,neutral,61.41
2026-04-16T19:41:26,sad,53.68
2026-04-16T19:41:26,neutral,61.08
2026-04-16T19:41:27,sad,52.57
2026-04-16T19:41:27,neutral,95.47
2026-04-16T19:41:27,sad,57.43
2026-04-16T19:41:27,neutral,64.57
2026-04-16T19:41:27,sad,62.84
2026-04-16T19:41:27,neutral,66.67
2026-04-16T19:41:27,sad,51.67
2026-04-16T19:41:28,neutral,51.92
2026-04-16T19:41:28,fear,41.58
2026-04-16T19:41:28,neutral,72.30
2026-04-16T19:41:28,sad,63.79
2026-04-16T19:41:28,neutral,89.63
2026-04-16T19:41:29,fear,82.78
2026-04-16T19:41:29,neutral,43.00
2026-04-16T19:41:29,fear,97.24
2026-04-16T19:41:29,neutral,89.12
2026-04-16T19:41:31,angry,49.07
2026-04-16T19:41:31,surprise,97.24
2026-04-16T19:41:34,angry,62.83
2026-04-16T19:41:34,surprise,84.63
2026-04-16T19:41:34,angry,58.07
2026-04-16T19:41:34,surprise,52.51
2026-04-16T19:41:35,angry,86.26
2026-04-16T19:41:45,fear,99.64
2026-04-16T19:41:45,happy,77.87
2026-04-16T19:41:45,fear,98.98
2026-04-16T19:41:46,happy,56.08
2026-04-16T19:41:46,fear,97.57
2026-04-16T19:41:48,happy,97.23
2026-04-16T19:41:48,fear,91.30
2026-04-16T19:41:48,happy,73.22
2026-04-16T19:41:48,fear,99.68
2026-04-16T19:41:49,happy,79.79
2026-04-16T19:41:49,fear,78.03
2026-04-16T19:41:49,happy,63.73
2026-04-16T19:41:49,fear,97.93
2026-04-16T19:41:50,angry,99.63
2026-04-16T19:41:55,surprise,72.83
2026-04-16T19:41:55,angry,94.00
2026-04-16T19:41:56,surprise,76.21
2026-04-16T19:41:57,angry,95.39
2026-04-16T19:41:57,surprise,88.87
2026-04-16T19:41:57,angry,56.38
2026-04-16T19:41:57,surprise,95.50
2026-04-16T19:41:57,angry,99.44
2026-04-16T19:42:08,surprise,86.15
2026-04-16T19:42:08,angry,50.87
2026-04-16T19:42:09,surprise,99.82
2026-04-16T19:42:10,angry,47.36
2026-04-16T19:42:10,surprise,99.86
2026-04-16T19:42:10,neutral,94.82
2026-04-16T19:42:11,sad,90.12
2026-04-16T19:42:11,neutral,53.19
2026-04-16T19:42:11,sad,97.46
2026-04-16T19:42:18,neutral,58.08
2026-04-16T19:42:18,sad,38.56
2026-04-16T19:42:18,fear,47.16
2026-04-16T19:42:18,sad,44.72
2026-04-16T19:42:19,neutral,62.18
2026-04-16T19:42:19,sad,84.25
2026-04-16T19:42:21,neutral,53.11
2026-04-16T19:42:22,sad,62.26
2026-04-16T19:42:22,fear,78.35
2026-04-16T19:42:22,angry,98.62
2026-04-16T19:42:25,surprise,86.52
2026-04-16T19:42:26,fear,72.41
2026-04-16T19:42:28,angry,53.01
2026-04-16T19:42:28,fear,89.97
2026-04-16T19:42:48,angry,76.84
2026-04-16T19:42:48,fear,48.96
2026-04-16T19:42:48,angry,47.69
2026-04-16T19:42:48,fear,41.13
2026-04-16T19:42:48,sad,40.43
2026-04-16T19:42:48,neutral,58.22
2026-04-16T19:42:49,fear,59.61
2026-04-16T19:42:50,angry,29.53
2026-04-16T19:42:50,fear,50.29
2026-04-16T19:42:50,neutral,40.96
2026-04-16T19:42:50,fear,35.18
2026-04-16T19:42:51,sad,69.56
2026-04-16T19:42:58,neutral,51.66
2026-04-16T19:42:58,sad,85.53
2026-04-16T19:43:01,neutral,70.94
2026-04-16T19:43:01,sad,94.15
2026-04-16T19:43:02,neutral,43.02
2026-04-16T19:43:02,sad,90.81
2026-04-16T19:43:06,neutral,98.87
2026-04-16T19:43:06,fear,98.83
2026-04-16T19:43:07,angry,99.19
2026-04-16T19:43:09,fear,65.43
2026-04-16T19:43:09,neutral,53.50
2026-04-16T19:43:09,fear,55.55
2026-04-16T19:43:09,neutral,40.41
2026-04-16T19:43:12,sad,39.94
2026-04-16T19:43:12,fear,40.00
2026-04-16T19:43:12,sad,56.92
2026-04-16T19:43:12,neutral,98.47
2026-04-16T19:43:13,angry,48.22
2026-04-16T19:43:13,neutral,88.06
2026-04-16T19:43:13,sad,52.40
2026-04-16T19:43:13,neutral,97.52
2026-04-16T19:43:14,sad,79.50
2026-04-16T19:43:14,neutral,67.46
2026-04-16T19:43:14,angry,65.46
2026-04-16T19:43:15,sad,47.26
2026-04-16T19:43:16,happy,36.16
2026-04-16T19:43:16,sad,48.18
2026-04-16T19:43:16,happy,49.33
2026-04-16T19:43:17,sad,59.32
2026-04-16T19:43:18,neutral,63.75
2026-04-16T19:43:18,sad,62.44
2026-04-16T19:43:18,neutral,89.13
2026-04-16T19:43:21,angry,100.00
2026-04-16T19:43:21,neutral,97.01
2026-04-16T19:43:21,angry,100.00
2026-04-16T19:43:21,neutral,94.75
2026-04-16T19:43:21,angry,99.99
2026-04-16T19:43:21,neutral,98.66
2026-04-16T19:43:21,angry,99.99
2026-04-16T19:43:22,neutral,98.40
2026-04-16T19:43:22,angry,99.84
2026-04-16T19:43:22,neutral,86.73
2026-04-16T19:43:23,fear,89.32
2026-04-16T19:43:23,neutral,99.85
2026-04-16T19:43:24,fear,74.70
2026-04-16T19:43:25,neutral,84.53
2026-04-16T19:43:25,fear,98.75
2026-04-16T19:43:25,angry,58.60
2026-04-16T19:43:26,fear,53.49
2026-04-16T19:43:26,angry,75.20
2026-04-16T19:43:26,fear,93.44
2026-04-16T19:43:27,neutral,99.85
2026-04-16T19:43:27,fear,92.64
2026-04-16T19:43:28,neutral,97.12
2026-04-16T19:43:28,fear,99.79
2026-04-16T19:43:29,neutral,97.51
2026-04-16T19:43:29,fear,99.72
2026-04-16T19:43:30,happy,96.67
2026-04-16T19:43:30,fear,94.77
2026-04-16T19:43:30,angry,94.23
2026-04-16T19:43:31,fear,88.01
2026-04-16T19:43:31,angry,83.37
2026-04-16T19:43:31,fear,97.82
2026-04-16T19:43:32,happy,84.53
2026-04-16T19:43:32,fear,53.18
2026-04-16T19:43:33,happy,42.19
2026-04-16T19:43:34,fear,43.22
2026-04-16T19:43:34,angry,56.68
2026-04-16T19:43:34,fear,62.07
2026-04-16T19:43:34,surprise,78.45
2026-04-16T19:43:35,fear,52.71
2026-04-16T19:43:35,surprise,70.72
2026-04-16T19:43:35,angry,46.35
2026-04-16T19:43:35,fear,66.18
2026-04-16T19:43:35,surprise,48.32
2026-04-16T19:43:35,fear,79.41
2026-04-16T19:43:35,surprise,74.73
2026-04-16T19:43:35,fear,52.63
2026-04-16T19:43:36,angry,46.39
2026-04-16T19:43:36,fear,82.14
2026-04-16T19:43:36,surprise,49.24
2026-04-16T19:43:36,angry,61.62
2026-04-16T19:43:36,fear,43.05
2026-04-16T19:43:36,surprise,67.70
2026-04-16T19:43:36,fear,60.15
2026-04-16T19:43:37,surprise,62.49
2026-04-16T19:43:37,angry,54.22
2026-04-16T19:43:37,fear,59.90
2026-04-16T19:43:37,surprise,61.20
2026-04-16T19:43:37,fear,59.42
2026-04-16T19:43:37,surprise,50.05
2026-04-16T19:43:37,fear,64.93
2026-04-16T19:43:38,surprise,53.44
2026-04-16T19:43:38,angry,50.06
2026-04-16T19:43:38,fear,52.08
2026-04-16T19:43:38,angry,59.71
2026-04-16T19:43:38,fear,65.72
2026-04-16T19:43:38,surprise,61.39
2026-04-16T19:43:38,fear,69.73
2026-04-16T19:43:38,surprise,64.79
2026-04-16T19:43:39,fear,53.25
2026-04-16T19:43:39,angry,39.76
2026-04-16T19:43:39,fear,48.65
2026-04-16T19:43:39,surprise,50.36
2026-04-16T19:43:39,fear,69.75
2026-04-16T19:43:39,surprise,59.76
2026-04-16T19:43:39,fear,66.75
2026-04-16T19:43:40,angry,53.39
2026-04-16T19:43:40,fear,74.52
2026-04-16T19:43:41,angry,58.96
2026-04-16T19:43:41,fear,65.10
2026-04-16T19:43:41,angry,89.59
2026-04-16T19:43:42,surprise,52.58
2026-04-16T19:43:42,fear,78.09
2026-04-16T19:43:43,angry,89.46
2026-04-16T19:43:44,fear,72.17
2026-04-16T19:43:44,neutral,97.50
2026-04-16T19:43:44,fear,61.07
2026-04-16T19:43:44,angry,58.87
2026-04-16T19:43:45,fear,95.80
2026-04-16T19:43:45,angry,86.27
2026-04-16T19:43:47,neutral,99.61
2026-04-16T19:43:47,angry,100.00
2026-04-16T19:43:47,neutral,97.64
2026-04-16T19:43:47,fear,73.56
2026-04-16T19:43:48,neutral,60.24
2026-04-16T19:43:49,happy,88.67
2026-04-16T19:43:49,fear,69.98
2026-04-16T19:43:49,neutral,96.60
2026-04-16T19:43:49,fear,89.49
2026-04-16T19:43:49,neutral,98.61
2026-04-16T19:43:51,fear,90.29
2026-04-16T19:43:51,neutral,94.15
2026-04-16T19:43:52,sad,43.13
2026-04-16T19:43:52,fear,53.33
2026-04-16T19:43:52,sad,90.08
2026-04-16T19:43:53,neutral,89.50
2026-04-16T19:43:53,sad,81.43
2026-04-16T19:43:53,fear,54.49
2026-04-16T19:43:54,sad,53.20
2026-04-16T19:43:54,happy,45.97
2026-04-16T19:43:54,sad,71.00
2026-04-16T19:43:55,happy,86.97
2026-04-16T19:43:57,fear,88.13
2026-04-16T19:44:00,angry,60.37
2026-04-16T19:44:00,fear,71.27
2026-04-16T19:44:02,neutral,99.64
2026-04-16T19:44:02,fear,77.91
2026-04-16T19:44:02,neutral,93.48
2026-04-16T19:44:02,fear,94.76
2026-04-16T19:44:02,neutral,70.96
2026-04-16T19:44:02,fear,92.18
2026-04-16T19:44:04,happy,84.67
2026-04-16T19:44:04,fear,81.69
2026-04-16T19:44:04,sad,86.73
2026-04-16T19:44:04,neutral,50.81
2026-04-16T19:44:05,sad,39.34
2026-04-16T19:44:05,neutral,95.43
2026-04-16T19:44:07,sad,67.25
2026-04-16T19:44:07,neutral,55.31
2026-04-16T19:44:09,sad,65.33
2026-04-16T19:44:10,neutral,59.67
2026-04-16T19:44:10,sad,68.11
2026-04-16T19:44:10,neutral,66.98
2026-04-16T19:44:11,sad,61.15
2026-04-16T19:44:14,neutral,51.56
2026-04-16T19:44:14,sad,70.36
2026-04-16T19:44:15,neutral,58.92
2026-04-16T19:44:15,sad,55.17
2026-04-16T19:44:15,neutral,60.38
2026-04-16T19:44:15,sad,57.67
2026-04-16T19:44:17,fear,58.89
2026-04-16T19:44:17,sad,72.07
2026-04-16T19:44:18,neutral,60.87
2026-04-16T19:44:18,sad,83.47
2026-04-16T19:44:18,neutral,59.24
2026-04-16T19:44:18,sad,86.45
2026-04-16T19:44:19,neutral,50.03
2026-04-16T19:44:19,sad,72.08
2026-04-16T19:44:20,neutral,98.13
2026-04-16T19:44:20,sad,79.81
2026-04-16T19:44:20,neutral,98.36
2026-04-16T19:44:21,sad,50.07
2026-04-16T19:44:21,neutral,54.95
2026-04-16T19:44:21,sad,60.32
2026-04-16T19:44:21,neutral,75.58
2026-04-16T19:44:21,sad,73.07
2026-04-16T19:44:21,happy,50.52
2026-04-16T19:44:21,neutral,83.83
2026-04-16T19:44:22,happy,73.25
2026-04-16T19:44:22,sad,72.96
2026-04-16T19:44:22,happy,52.06
2026-04-16T19:44:22,neutral,73.00
2026-04-16T19:44:22,sad,47.25
2026-04-16T19:44:22,neutral,91.23
2026-04-16T19:44:23,happy,71.47
2026-04-16T19:44:23,neutral,98.13
2026-04-16T19:44:23,fear,99.93
2026-04-16T19:44:23,neutral,99.48
2026-04-16T19:44:23,fear,99.74
2026-04-16T19:44:24,neutral,99.08
2026-04-16T19:44:24,fear,99.60
2026-04-16T19:44:24,neutral,99.78
2026-04-16T19:44:24,fear,99.95
2026-04-16T19:44:24,neutral,99.72
2026-04-16T19:44:24,fear,99.72
2026-04-16T19:44:25,neutral,98.67
2026-04-16T19:44:25,happy,93.69
2026-04-16T19:44:25,fear,73.23
2026-04-16T19:44:25,neutral,81.50
2026-04-16T19:44:25,fear,75.48
2026-04-16T19:44:25,neutral,90.68
2026-04-16T19:44:25,fear,99.88
2026-04-16T19:44:25,neutral,99.25
2026-04-16T19:44:26,fear,97.92
2026-04-16T19:44:27,happy,78.69
2026-04-16T19:44:27,fear,66.17
2026-04-16T19:44:27,happy,90.55
2026-04-16T19:44:27,neutral,28.33
2026-04-16T19:44:27,happy,57.43
2026-04-16T19:44:27,sad,58.27
2026-04-16T19:44:28,happy,66.82
2026-04-16T19:44:28,sad,74.00
2026-04-16T19:44:28,happy,77.38
2026-04-16T19:44:28,sad,37.81
2026-04-16T19:44:28,fear,62.68
2026-04-16T19:44:30,sad,39.22
2026-04-16T19:44:30,neutral,40.96
2026-04-16T19:44:30,fear,35.80
2026-04-16T19:44:30,neutral,85.70
2026-04-16T19:44:30,sad,47.82
2026-04-16T19:44:30,neutral,45.72
2026-04-16T19:44:30,sad,54.12
2026-04-16T19:44:30,fear,59.04
2026-04-16T19:44:30,neutral,68.89
2026-04-16T19:44:31,sad,48.61
2026-04-16T19:44:31,fear,80.33
2026-04-16T19:44:31,neutral,45.69
2026-04-16T19:44:31,fear,99.22
2026-04-16T19:44:31,sad,50.98
2026-04-16T19:44:32,happy,46.66
2026-04-16T19:44:32,sad,43.23
2026-04-16T19:44:32,fear,56.46
2026-04-16T19:44:32,neutral,98.67
2026-04-16T19:44:33,angry,75.20
2026-04-16T19:44:33,neutral,99.98
2026-04-16T19:44:33,fear,68.55
2026-04-16T19:44:33,neutral,99.83
2026-04-16T19:44:33,fear,94.43
2026-04-16T19:44:34,neutral,99.97
2026-04-16T19:44:34,fear,96.05
2026-04-16T19:44:34,neutral,99.76
2026-04-16T19:44:34,fear,98.33
2026-04-16T19:44:34,neutral,99.98
2026-04-16T19:44:34,fear,98.07
2026-04-16T19:44:34,neutral,99.94
2026-04-16T19:44:34,fear,95.96
2026-04-16T19:44:34,neutral,99.27
2026-04-16T19:44:35,fear,98.79
2026-04-16T19:44:35,neutral,88.06
2026-04-16T19:44:35,fear,83.87
2026-04-16T19:44:35,angry,94.12
2026-04-16T19:44:35,fear,95.36
2026-04-16T19:44:35,angry,98.33
2026-04-16T19:44:37,fear,84.98
2026-04-16T19:44:37,angry,52.00
2026-04-16T19:44:37,fear,66.71
2026-04-16T19:44:38,angry,51.36
2026-04-16T19:44:38,fear,67.11
2026-04-16T19:44:38,angry,65.56
2026-04-16T19:44:38,fear,55.60
2026-04-16T19:44:38,angry,52.44
2026-04-16T19:44:38,fear,51.69
2026-04-16T19:44:38,angry,64.47
2026-04-16T19:44:39,fear,53.23
2026-04-16T19:44:39,angry,50.38
2026-04-16T19:44:39,fear,67.18
2026-04-16T19:44:39,angry,55.17
2026-04-16T19:44:39,fear,64.72
2026-04-16T19:44:41,surprise,58.11
2026-04-16T19:44:41,fear,49.09
2026-04-16T19:44:41,surprise,67.86
2026-04-16T19:44:41,fear,56.45
2026-04-16T19:44:41,surprise,53.25
2026-04-16T19:44:41,fear,57.04
2026-04-16T19:44:41,surprise,66.68
2026-04-16T19:44:41,fear,53.44
2026-04-16T19:44:41,surprise,64.53
2026-04-16T19:44:41,fear,57.64
2026-04-16T19:44:41,surprise,50.00
2026-04-16T19:44:42,fear,62.34
2026-04-16T19:44:42,surprise,66.97
2026-04-16T19:44:42,fear,56.60
2026-04-16T19:44:42,surprise,55.20
2026-04-16T19:44:42,fear,48.22
2026-04-16T19:44:42,surprise,58.39
2026-04-16T19:44:42,fear,63.13
2026-04-16T19:44:42,surprise,47.42
2026-04-16T19:44:42,fear,69.12
2026-04-16T19:44:44,surprise,51.61
2026-04-16T19:44:44,fear,71.98
2026-04-16T19:44:44,surprise,56.78
2026-04-16T19:44:45,fear,55.14
2026-04-16T19:44:45,surprise,51.97
2026-04-16T19:44:45,fear,52.56
2026-04-16T19:44:45,surprise,70.27
2026-04-16T19:44:45,happy,49.10
2026-04-16T19:44:45,surprise,89.39
2026-04-16T19:44:49,happy,76.88
2026-04-16T19:44:49,surprise,52.96
2026-04-16T19:44:49,happy,49.05
2026-04-16T19:44:49,surprise,55.09
2026-04-16T19:44:49,happy,73.93
2026-04-16T19:44:49,surprise,56.64
2026-04-16T19:44:50,happy,44.90
2026-04-16T19:44:50,surprise,41.75
2026-04-16T19:44:50,fear,43.27
2026-04-16T19:44:50,happy,41.59
2026-04-16T19:44:50,fear,55.92
2026-04-16T19:44:50,happy,53.55
2026-04-16T19:44:50,fear,79.88
2026-04-16T19:44:51,neutral,99.81
2026-04-16T19:44:51,fear,99.93
2026-04-16T19:44:51,neutral,99.32
2026-04-16T19:44:51,fear,97.01
2026-04-16T19:44:51,neutral,95.26
2026-04-16T19:44:52,fear,90.98
2026-04-16T19:44:52,neutral,97.38
2026-04-16T19:44:56,sad,99.86
2026-04-16T19:44:56,neutral,99.52
2026-04-16T19:44:56,sad,99.64
2026-04-16T19:44:56,neutral,98.68
2026-04-16T19:44:56,sad,94.41
2026-04-16T19:44:57,neutral,99.44
2026-04-16T19:44:57,sad,97.21
2026-04-16T19:44:57,neutral,88.27
2026-04-16T19:44:59,sad,77.90
2026-04-16T19:44:59,neutral,51.56
2026-04-16T19:45:00,sad,99.04
2026-04-16T19:45:00,neutral,98.39
2026-04-16T19:45:00,sad,99.27
2026-04-16T19:45:01,neutral,98.14
2026-04-16T19:45:01,sad,99.29
2026-04-16T19:45:02,neutral,99.58
2026-04-16T19:45:02,sad,99.35
2026-04-16T19:45:02,neutral,99.69
2026-04-16T19:45:02,sad,99.57
2026-04-16T19:45:02,neutral,99.82
2026-04-16T19:45:02,sad,97.34
2026-04-16T19:45:03,neutral,99.45
2026-04-16T19:45:03,sad,77.17
2026-04-16T19:45:03,neutral,63.07
2026-04-16T19:45:04,sad,94.94
2026-04-16T19:45:04,neutral,99.40
2026-04-16T19:45:04,sad,99.19
2026-04-16T19:45:04,neutral,99.47
2026-04-16T19:45:04,sad,99.45
2026-04-16T19:45:05,neutral,99.74
2026-04-16T19:45:07,sad,89.93
2026-04-16T19:45:07,neutral,99.70
2026-04-16T19:45:07,sad,93.58
2026-04-16T19:45:07,neutral,98.56
2026-04-16T19:45:13,sad,98.63
2026-04-16T19:45:13,neutral,97.49
2026-04-16T19:45:13,sad,62.99
2026-04-16T19:45:13,neutral,99.68
2026-04-16T19:45:13,sad,88.13
2026-04-16T19:45:13,neutral,99.35
2026-04-16T19:45:14,sad,99.47
2026-04-16T19:45:15,neutral,85.18
2026-04-16T19:45:15,sad,75.95
2026-04-16T19:45:15,neutral,88.64
2026-04-16T19:45:16,sad,89.75
2026-04-16T19:45:16,neutral,59.39
2026-04-16T19:45:16,angry,59.01
2026-04-16T19:45:17,sad,98.05
2026-04-16T19:45:17,angry,56.80
2026-04-16T19:45:17,neutral,54.96
2026-04-16T19:45:17,sad,91.22
2026-04-16T19:45:17,fear,73.43
2026-04-16T19:45:17,angry,53.25
2026-04-16T19:45:18,neutral,97.65
2026-04-16T19:45:18,angry,93.66
2026-04-16T19:45:18,surprise,81.01
2026-04-16T19:45:18,angry,99.98
2026-04-16T19:45:18,neutral,70.55
2026-04-16T19:45:18,angry,99.87
2026-04-16T19:45:18,neutral,83.35
2026-04-16T19:45:19,angry,90.74
2026-04-16T19:45:19,neutral,98.50
2026-04-16T19:45:19,angry,95.42
2026-04-16T19:45:19,neutral,76.35
2026-04-16T19:45:19,fear,89.37
2026-04-16T19:45:20,neutral,85.64
2026-04-16T19:45:20,fear,50.17
2026-04-16T19:45:20,angry,99.99
2026-04-16T19:45:20,neutral,90.87
2026-04-16T19:45:21,fear,57.31
2026-04-16T19:45:21,neutral,61.43
2026-04-16T19:45:21,fear,72.32
2026-04-16T19:45:21,happy,53.60
2026-04-16T19:45:21,fear,80.63
2026-04-16T19:45:21,angry,84.69
2026-04-16T19:45:22,neutral,99.77
2026-04-16T19:45:22,angry,99.32
2026-04-16T19:45:23,neutral,98.94
2026-04-16T19:45:23,angry,97.97
2026-04-16T19:45:24,neutral,99.77
2026-04-16T19:45:24,angry,90.70
2026-04-16T19:45:24,neutral,99.78
2026-04-16T19:45:24,angry,74.27
2026-04-16T19:45:25,neutral,93.90
2026-04-16T19:45:26,angry,99.43
2026-04-16T19:45:28,fear,53.86
2026-04-16T19:45:28,angry,80.19
2026-04-16T19:45:28,fear,62.63
2026-04-16T19:45:28,angry,63.44
2026-04-16T19:45:28,fear,60.47
2026-04-16T19:45:28,angry,95.53
2026-04-16T19:45:29,fear,87.20
2026-04-16T19:45:30,neutral,87.78
2026-04-16T19:45:30,happy,47.89
2026-04-16T19:45:30,surprise,99.40
2026-04-16T19:45:30,angry,98.93
2026-04-16T19:45:31,neutral,53.36
2026-04-16T19:45:31,angry,98.79
2026-04-16T19:45:31,fear,54.08
2026-04-16T19:45:31,angry,54.11
2026-04-16T19:45:32,fear,54.15
2026-04-16T19:45:32,angry,79.25
2026-04-16T19:45:32,fear,58.48
2026-04-16T19:45:32,angry,92.55
2026-04-16T19:45:33,neutral,95.43
2026-04-16T19:45:33,angry,68.29
2026-04-16T19:45:33,fear,50.11
2026-04-16T19:45:33,angry,89.36
2026-04-16T19:45:34,neutral,91.88
2026-04-16T19:45:34,angry,97.40
2026-04-16T19:45:35,fear,36.52
2026-04-16T19:45:35,happy,82.17
2026-04-16T19:45:35,surprise,65.01
2026-04-16T19:45:36,happy,43.05
2026-04-16T19:45:36,fear,87.04
2026-04-16T19:45:36,neutral,47.33
2026-04-16T19:45:36,fear,50.95
2026-04-16T19:45:36,neutral,96.36
2026-04-16T19:45:37,fear,68.42
2026-04-16T19:45:37,angry,77.52
2026-04-16T19:45:37,neutral,99.19
2026-04-16T19:45:37,angry,84.58
2026-04-16T19:45:37,fear,62.02
2026-04-16T19:45:37,angry,87.03
2026-04-16T19:45:38,fear,55.20
2026-04-16T19:45:38,angry,97.07
2026-04-16T19:45:38,fear,49.39
2026-04-16T19:45:38,angry,93.53
2026-04-16T19:45:38,fear,66.03
2026-04-16T19:45:39,angry,76.32
2026-04-16T19:45:39,fear,79.71
2026-04-16T19:45:39,angry,82.44
2026-04-16T19:45:40,fear,54.39
2026-04-16T19:45:40,angry,73.12
2026-04-16T19:45:41,fear,61.48
2026-04-16T19:45:41,angry,90.88
2026-04-16T19:45:42,fear,59.05
2026-04-16T19:45:42,angry,55.34
2026-04-16T19:45:42,fear,60.79
2026-04-16T19:45:42,neutral,98.80
2026-04-16T19:45:43,fear,56.84
2026-04-16T19:45:43,angry,82.38
2026-04-16T19:45:43,fear,53.30
2026-04-16T19:45:43,angry,94.58
2026-04-16T19:45:43,fear,57.90
2026-04-16T19:45:44,neutral,89.30
2026-04-16T19:45:45,fear,69.74
2026-04-16T19:45:45,neutral,91.54
2026-04-16T19:45:45,fear,42.12
2026-04-16T19:45:46,neutral,50.19
2026-04-16T19:45:46,fear,97.27
2026-04-16T19:45:47,neutral,52.16
2026-04-16T19:45:47,fear,65.86
2026-04-16T19:45:47,neutral,97.52
2026-04-16T19:45:47,fear,49.17
2026-04-16T19:45:47,surprise,57.15
2026-04-16T19:45:48,neutral,96.55
2026-04-16T19:45:48,surprise,63.33
2026-04-16T19:45:48,neutral,99.58
2026-04-16T19:45:48,fear,81.11
2026-04-16T19:45:48,neutral,98.43
2026-04-16T19:45:49,angry,98.94
2026-04-16T19:45:50,neutral,51.82
2026-04-16T19:45:51,fear,68.15
2026-04-16T19:45:51,neutral,99.01
2026-04-16T19:45:52,fear,53.36
2026-04-16T19:45:53,angry,83.29
2026-04-16T19:45:53,fear,57.22
2026-04-16T19:45:53,angry,82.60
2026-04-16T19:45:53,fear,77.22
2026-04-16T19:45:53,angry,88.78
2026-04-16T19:45:53,fear,40.66
2026-04-16T19:45:54,angry,85.48
2026-04-16T19:45:54,neutral,80.85
2026-04-16T19:45:54,fear,80.36
2026-04-16T19:45:54,neutral,84.21
2026-04-16T19:45:54,happy,90.89
2026-04-16T19:45:54,neutral,96.57
2026-04-16T19:45:55,fear,65.10
2026-04-16T19:45:55,neutral,98.04
2026-04-16T19:45:55,fear,79.62
2026-04-16T19:45:56,neutral,73.54
2026-04-16T19:45:56,fear,80.50
2026-04-16T19:45:56,neutral,64.64
2026-04-16T19:45:56,fear,63.41
2026-04-16T19:45:56,happy,61.29
2026-04-16T19:45:56,angry,46.72
2026-04-16T19:45:57,neutral,98.23
2026-04-16T19:45:57,fear,79.81
2026-04-16T19:45:57,angry,61.76
2026-04-16T19:45:58,fear,54.25
2026-04-16T19:45:58,neutral,62.59
2026-04-16T19:45:58,fear,78.48
2026-04-16T19:45:58,neutral,98.65
2026-04-16T19:45:58,fear,62.88
2026-04-16T19:45:58,neutral,99.17
2026-04-16T19:45:59,fear,58.51
2026-04-16T19:45:59,angry,67.39
2026-04-16T19:45:59,fear,72.70
2026-04-16T19:45:59,angry,48.50
2026-04-16T19:45:59,fear,58.05
2026-04-16T19:46:00,sad,44.54
2026-04-16T19:46:00,angry,92.09
2026-04-16T19:46:01,neutral,68.45
2026-04-16T19:46:01,angry,55.27
2026-04-16T19:46:01,fear,46.47
2026-04-16T19:46:02,angry,54.56
2026-04-16T19:46:02,fear,64.56
2026-04-16T19:46:02,angry,60.21
2026-04-16T19:46:02,fear,56.16
2026-04-16T19:46:02,angry,46.30
2026-04-16T19:46:02,fear,58.71
2026-04-16T19:46:03,angry,83.56
2026-04-16T19:46:05,fear,58.87
2026-04-16T19:46:05,angry,71.96
2026-04-16T19:46:07,neutral,99.94
2026-04-16T19:46:07,surprise,45.21
2026-04-16T19:46:08,fear,52.64
2026-04-16T19:46:08,surprise,79.94
2026-04-16T19:46:09,fear,55.45
2026-04-16T19:46:09,surprise,92.67
2026-04-16T19:46:10,fear,52.47
2026-04-16T19:46:10,surprise,63.03
2026-04-16T19:46:10,fear,53.91
2026-04-16T19:46:10,surprise,49.45
2026-04-16T19:46:10,fear,56.78
2026-04-16T19:46:10,surprise,50.43
2026-04-16T19:46:11,fear,60.40
2026-04-16T19:46:11,surprise,77.82
2026-04-16T19:46:12,fear,50.16
2026-04-16T19:46:12,surprise,62.01
2026-04-16T19:46:12,fear,76.29
2026-04-16T19:46:12,surprise,50.41
2026-04-16T19:46:13,fear,59.99
2026-04-16T19:46:13,surprise,71.30
2026-04-16T19:46:13,fear,64.79
2026-04-16T19:46:13,surprise,50.97
2026-04-16T19:46:13,fear,83.41
2026-04-16T19:46:14,surprise,61.75
2026-04-16T19:46:14,fear,72.18
2026-04-16T19:46:15,surprise,54.58
2026-04-16T19:46:15,fear,62.44
2026-04-16T19:46:16,neutral,99.38
2026-04-16T19:46:16,fear,82.78
2026-04-16T19:46:17,surprise,60.58
2026-04-16T19:46:17,fear,51.92
2026-04-16T19:46:17,surprise,52.52
2026-04-16T19:46:17,fear,54.91
2026-04-16T19:46:17,surprise,67.46
2026-04-16T19:46:17,fear,65.37
2026-04-16T19:46:18,surprise,47.71
2026-04-16T19:46:18,fear,56.38
2026-04-16T19:46:18,surprise,65.43
2026-04-16T19:46:18,fear,90.35
2026-04-16T19:46:20,surprise,53.67
2026-04-16T19:46:20,fear,67.47
2026-04-16T19:46:21,angry,49.96
2026-04-16T19:46:21,fear,53.05
2026-04-16T19:46:21,angry,72.28
2026-04-16T19:46:21,fear,71.99
2026-04-16T19:46:22,surprise,63.41
2026-04-16T19:46:24,happy,91.33
2026-04-16T19:46:24,fear,67.73
2026-04-16T19:46:24,happy,77.84
2026-04-16T19:46:25,fear,91.65
2026-04-16T19:46:25,happy,93.60
2026-04-16T19:46:25,neutral,47.83
2026-04-16T19:46:25,happy,54.03
2026-04-16T19:46:26,fear,57.29
2026-04-16T19:46:26,happy,44.11
2026-04-16T19:46:26,neutral,42.77
2026-04-16T19:46:26,happy,60.74
2026-04-16T19:46:27,neutral,52.66
2026-04-16T19:46:27,sad,55.93
2026-04-16T19:46:27,neutral,44.47
2026-04-16T19:46:27,happy,68.71
2026-04-16T19:46:27,neutral,97.48
2026-04-16T19:46:28,happy,49.66
2026-04-16T19:46:28,neutral,98.68
2026-04-16T19:46:28,happy,90.00
2026-04-16T19:46:29,fear,58.15
2026-04-16T19:46:29,happy,99.86
2026-04-16T19:46:29,fear,60.11
2026-04-16T19:46:29,happy,88.79
2026-04-16T19:46:30,fear,59.40
2026-04-16T19:46:30,happy,50.41
2026-04-16T19:46:30,neutral,98.54
2026-04-16T19:46:31,happy,55.12
2026-04-16T19:46:31,fear,53.79
2026-04-16T19:46:31,neutral,98.06
2026-04-16T19:46:31,happy,98.36
2026-04-16T19:46:31,neutral,97.08
2026-04-16T19:46:31,happy,97.89
2026-04-16T19:46:32,neutral,99.16
2026-04-16T19:46:32,surprise,59.56
2026-04-16T19:46:32,neutral,95.94
2026-04-16T19:46:33,surprise,48.30
2026-04-16T19:46:33,fear,54.40
2026-04-16T19:46:33,happy,68.59
2026-04-16T19:46:33,neutral,79.97
2026-04-16T19:46:33,happy,94.84
2026-04-16T19:46:35,fear,54.36
2026-04-16T19:46:35,happy,95.76
2026-04-16T19:46:35,neutral,98.19
2026-04-16T19:46:35,happy,97.44
2026-04-16T19:46:35,surprise,63.41
2026-04-16T19:46:36,fear,48.97
2026-04-16T19:46:36,surprise,54.71
2026-04-16T19:46:36,fear,48.02
2026-04-16T19:46:37,surprise,58.41
2026-04-16T19:46:37,fear,47.06
2026-04-16T19:46:37,surprise,67.83
2026-04-16T19:46:38,happy,55.83
2026-04-16T19:46:38,surprise,54.70
2026-04-16T19:46:38,fear,43.30
2026-04-16T19:46:38,neutral,84.90
2026-04-16T19:46:38,fear,66.98
2026-04-16T19:46:39,neutral,99.03
2026-04-16T19:46:39,happy,68.52
2026-04-16T19:46:39,neutral,97.44
2026-04-16T19:46:39,happy,99.75
2026-04-16T19:46:39,neutral,98.62
2026-04-16T19:46:39,happy,99.89
2026-04-16T19:46:41,fear,68.71
2026-04-16T19:46:41,happy,77.87
2026-04-16T19:46:41,fear,50.70
2026-04-16T19:46:41,happy,71.32
2026-04-16T19:46:41,fear,61.04
2026-04-16T19:46:41,happy,80.02
2026-04-16T19:46:42,fear,59.09
2026-04-16T19:46:42,happy,69.08
2026-04-16T19:46:43,neutral,93.50
2026-04-16T19:46:43,fear,49.59
2026-04-16T19:46:43,happy,99.81
2026-04-16T19:46:43,neutral,96.66
2026-04-16T19:46:43,happy,99.86
2026-04-16T19:46:44,neutral,86.37
2026-04-16T19:46:44,happy,90.66
2026-04-16T19:46:44,neutral,46.68
2026-04-16T19:46:44,happy,99.51
2026-04-16T19:46:44,neutral,79.69
2026-04-16T19:46:45,happy,99.56
2026-04-16T19:46:45,neutral,90.99
2026-04-16T19:46:46,happy,99.58
2026-04-16T19:46:46,neutral,84.00
2026-04-16T19:46:47,happy,99.69
2026-04-16T19:46:47,neutral,88.37
2026-04-16T19:46:47,happy,99.18
2026-04-16T19:46:48,neutral,89.64
2026-04-16T19:46:48,happy,99.55
2026-04-16T19:46:48,neutral,96.17
2026-04-16T19:46:48,happy,99.87
2026-04-16T19:46:48,neutral,91.26
2026-04-16T19:46:49,happy,99.35
2026-04-16T19:46:49,neutral,77.92
2026-04-16T19:46:49,happy,99.99
2026-04-16T19:46:49,neutral,69.50
2026-04-16T19:46:49,happy,99.99
2026-04-16T19:46:50,neutral,91.15
2026-04-16T19:46:50,happy,99.89
2026-04-16T19:46:50,neutral,85.44
2026-04-16T19:46:50,happy,97.47
2026-04-16T19:46:51,fear,94.09
2026-04-16T19:46:51,surprise,99.04
2026-04-16T19:46:52,angry,43.34
2026-04-16T19:46:52,fear,51.92
2026-04-16T19:46:52,surprise,69.38
2026-04-16T19:46:52,fear,37.42
2026-04-16T19:46:52,angry,86.55
2026-04-16T19:46:52,fear,47.37
2026-04-16T19:46:52,angry,85.22
2026-04-16T19:46:52,fear,58.65
2026-04-16T19:46:53,neutral,65.21
2026-04-16T19:46:53,happy,67.83
2026-04-16T19:46:53,angry,61.58
2026-04-16T19:46:53,happy,52.00
2026-04-16T19:46:54,angry,70.91
2026-04-16T19:46:54,happy,95.55
2026-04-16T19:46:55,angry,97.88
2026-04-16T19:46:58,fear,93.35
2026-04-16T19:46:58,neutral,81.79
2026-04-16T19:46:59,fear,51.44
2026-04-16T19:46:59,angry,77.79
2026-04-16T19:46:59,fear,68.50
2026-04-16T19:46:59,angry,68.15
2026-04-16T19:46:59,fear,85.53
2026-04-16T19:47:00,angry,61.51
2026-04-16T19:47:00,fear,83.11
2026-04-16T19:47:00,angry,74.53
2026-04-16T19:47:00,fear,78.43
2026-04-16T19:47:00,angry,78.75
2026-04-16T19:47:01,fear,89.80
2026-04-16T19:47:01,angry,52.38
2026-04-16T19:47:01,fear,67.19
2026-04-16T19:47:02,angry,92.34
2026-04-16T19:47:02,fear,71.08
2026-04-16T19:47:02,angry,55.66
2026-04-16T19:47:02,fear,84.23
2026-04-16T19:47:03,happy,84.04
2026-04-16T19:47:03,neutral,57.39
2026-04-16T19:47:03,happy,63.36
2026-04-16T19:47:03,angry,63.01
2026-04-16T19:47:03,fear,75.14
2026-04-16T19:47:03,angry,86.00
2026-04-16T19:47:03,neutral,98.56
2026-04-16T19:47:04,happy,94.88
2026-04-16T19:47:04,neutral,96.73
2026-04-16T19:47:04,angry,65.98
2026-04-16T19:47:05,neutral,74.06
2026-04-16T19:47:06,fear,88.37
2026-04-16T19:47:06,happy,92.92
2026-04-16T19:47:06,neutral,61.72
2026-04-16T19:47:06,happy,61.17
2026-04-16T19:47:06,fear,83.35
2026-04-16T19:47:07,neutral,65.35
2026-04-16T19:47:07,fear,58.37
2026-04-16T19:47:07,angry,56.35
2026-04-16T19:47:08,neutral,91.64
2026-04-16T19:47:08,angry,88.36
2026-04-16T19:47:10,fear,58.27
2026-04-16T19:47:10,angry,79.92
2026-04-16T19:47:10,fear,52.40
2026-04-16T19:47:10,angry,67.15
2026-04-16T19:47:11,fear,54.55
2026-04-16T19:47:11,angry,85.70
2026-04-16T19:47:11,neutral,98.62
2026-04-16T19:47:11,happy,75.84
2026-04-16T19:47:11,neutral,96.32
2026-04-16T19:47:12,happy,95.74
2026-04-16T19:47:12,fear,74.90
2026-04-16T19:47:12,angry,57.05
2026-04-16T19:47:12,fear,77.29
2026-04-16T19:47:12,angry,60.47
2026-04-16T19:47:12,fear,57.11
2026-04-16T19:47:13,angry,76.14
2026-04-16T19:47:13,fear,62.86
2026-04-16T19:47:13,angry,56.15
2026-04-16T19:47:13,fear,68.69
2026-04-16T19:47:13,angry,78.55
2026-04-16T19:47:16,fear,74.06
2026-04-16T19:47:17,surprise,72.36
2026-04-16T19:47:18,fear,52.65
2026-04-16T19:47:18,surprise,80.85
2026-04-16T19:47:18,fear,92.00
2026-04-16T19:47:19,surprise,49.92
2026-04-16T19:47:19,angry,81.17
2026-04-16T19:47:21,surprise,55.43
2026-04-16T19:47:21,fear,87.67
2026-04-16T19:47:23,surprise,57.40
2026-04-16T19:47:23,fear,89.32
2026-04-16T19:47:24,neutral,99.11
2026-04-16T19:47:25,fear,50.08
2026-04-16T19:47:25,surprise,46.04
2026-04-16T19:47:25,fear,53.97
2026-04-16T19:47:25,surprise,42.08
2026-04-16T19:47:25,fear,47.83
2026-04-16T19:47:27,neutral,90.10
2026-04-16T19:47:27,fear,94.98
2026-04-16T19:47:27,neutral,66.58
2026-04-16T19:47:28,fear,55.69
2026-04-16T19:47:28,neutral,68.39
2026-04-16T19:47:28,happy,53.74
2026-04-16T19:47:28,neutral,43.10
2026-04-16T19:47:28,happy,99.71
2026-04-16T19:47:31,neutral,97.46
2026-04-16T19:47:31,happy,99.41
2026-04-16T19:47:31,neutral,98.92
2026-04-16T19:47:31,happy,75.01
2026-04-16T19:47:32,neutral,84.97
2026-04-16T19:47:32,happy,99.99
2026-04-16T19:47:32,neutral,98.35
2026-04-16T19:47:32,happy,99.06
2026-04-16T19:47:33,neutral,99.79
2026-04-16T19:47:33,happy,94.70
2026-04-16T19:47:33,neutral,90.98
2026-04-16T19:47:33,happy,99.99
2026-04-16T19:47:34,neutral,99.54
2026-04-16T19:47:34,happy,96.52
2026-04-16T19:47:35,neutral,99.72
2026-04-16T19:47:35,happy,96.15
2026-04-16T19:47:35,neutral,98.29
2026-04-16T19:47:35,happy,93.41
2026-04-16T19:47:36,neutral,74.81
2026-04-16T19:47:36,happy,45.17
2026-04-16T19:47:36,neutral,94.99
2026-04-16T19:47:37,sad,49.23
2026-04-16T19:47:37,neutral,98.35
2026-04-16T19:47:37,happy,94.41
2026-04-16T19:47:38,sad,45.65
2026-04-16T19:47:38,neutral,56.64
2026-04-16T19:47:38,happy,83.61
2026-04-16T19:47:38,sad,52.89
2026-04-16T19:47:38,fear,86.57
2026-04-16T19:47:38,neutral,88.37
2026-04-16T19:47:38,happy,77.80
2026-04-16T19:47:39,neutral,90.18
2026-04-16T19:47:39,happy,96.41
2026-04-16T19:47:39,neutral,94.91
2026-04-16T19:47:40,happy,99.67
2026-04-16T19:47:40,neutral,97.08
2026-04-16T19:47:40,happy,95.02
2026-04-16T19:47:40,neutral,92.69
2026-04-16T19:47:41,happy,67.66
2026-04-16T19:47:41,neutral,93.86
2026-04-16T19:47:42,fear,59.93
2026-04-16T19:47:42,neutral,64.24
2026-04-16T19:47:42,happy,87.42
2026-04-16T19:47:43,fear,52.70
2026-04-16T19:47:43,happy,80.58
2026-04-16T19:47:43,neutral,88.87
2026-04-16T19:47:43,happy,62.75
2026-04-16T19:47:43,neutral,91.22
2026-04-16T19:47:43,happy,81.50
2026-04-16T19:47:43,neutral,86.55
2026-04-16T19:47:44,fear,59.12
2026-04-16T19:47:44,neutral,84.39
2026-04-16T19:47:44,happy,78.98
2026-04-16T19:47:44,fear,89.61
2026-04-16T19:47:45,happy,70.56
2026-04-16T19:47:45,fear,53.95
2026-04-16T19:47:45,happy,71.90
2026-04-16T19:47:45,fear,50.32
2026-04-16T19:47:45,neutral,86.74
2026-04-16T19:47:45,happy,60.04
2026-04-16T19:47:45,fear,68.16
2026-04-16T19:47:46,neutral,49.56
2026-04-16T19:47:46,happy,47.28
2026-04-16T19:47:46,neutral,44.55
2026-04-16T19:47:46,happy,86.06
2026-04-16T19:47:46,neutral,65.80
2026-04-16T19:47:47,sad,35.15
2026-04-16T19:47:47,neutral,78.74
2026-04-16T19:47:47,happy,95.93
2026-04-16T19:47:47,neutral,89.90
2026-04-16T19:47:48,sad,48.53
2026-04-16T19:47:48,neutral,34.22
2026-04-16T19:47:49,sad,40.84
2026-04-16T19:47:49,neutral,85.06
2026-04-16T19:47:49,happy,91.81
2026-04-16T19:47:49,neutral,42.18
2026-04-16T19:47:49,happy,56.19
2026-04-16T19:47:50,neutral,89.83
2026-04-16T19:47:50,happy,63.66
2026-04-16T19:47:50,neutral,68.71
2026-04-16T19:47:50,happy,49.15
2026-04-16T19:47:50,neutral,63.11
2026-04-16T19:47:50,sad,41.83
2026-04-16T19:47:50,neutral,78.31
2026-04-16T19:47:52,happy,58.03
2026-04-16T19:47:52,fear,49.28
2026-04-16T19:47:53,neutral,99.11
2026-04-16T19:47:53,fear,75.78
2026-04-16T19:47:53,neutral,97.34
2026-04-16T19:47:53,fear,89.01
2026-04-16T19:47:54,neutral,72.41
2026-04-16T19:47:54,fear,94.39
2026-04-16T19:47:54,neutral,92.37
2026-04-16T19:47:54,happy,29.68
2026-04-16T19:47:54,neutral,83.69
2026-04-16T19:47:55,sad,41.21
2026-04-16T19:47:55,neutral,60.14
2026-04-16T19:47:55,fear,38.20
2026-04-16T19:47:55,happy,35.72
2026-04-16T19:47:55,neutral,92.17
2026-04-16T19:47:56,happy,50.91
2026-04-16T19:47:56,neutral,93.98
2026-04-16T19:47:57,sad,46.65
2026-04-16T19:47:57,neutral,57.47
2026-04-16T19:47:58,happy,99.62
2026-04-16T19:47:58,neutral,82.63
2026-04-16T19:47:58,sad,48.47
2026-04-16T19:47:58,neutral,68.80
2026-04-16T19:47:58,sad,42.89
2026-04-16T19:47:58,neutral,80.30
2026-04-16T19:47:59,fear,76.45
2026-04-16T19:47:59,neutral,90.83
2026-04-16T19:47:59,fear,52.01
2026-04-16T19:47:59,neutral,49.70
2026-04-16T19:47:59,happy,58.57
2026-04-16T19:47:59,neutral,74.61
2026-04-16T19:48:00,fear,48.09
2026-04-16T19:48:00,neutral,51.97
2026-04-16T19:48:00,sad,35.15
2026-04-16T19:48:00,neutral,65.24
2026-04-16T19:48:03,happy,96.40
2026-04-16T19:48:03,sad,58.08
2026-04-16T19:48:03,neutral,87.47
2026-04-16T19:48:03,sad,34.15
2026-04-16T19:48:03,neutral,94.86
2026-04-16T19:48:05,happy,89.11
2026-04-16T19:48:05,neutral,54.08
2026-04-16T19:48:05,happy,87.64
2026-04-16T19:48:05,neutral,81.65
2026-04-16T19:48:07,happy,96.88
2026-04-16T19:48:07,neutral,93.88
2026-04-16T19:48:07,happy,89.88
2026-04-16T19:48:07,neutral,98.87
2026-04-16T19:48:07,happy,91.44
2026-04-16T19:48:07,neutral,78.86
2026-04-16T19:48:08,happy,97.80
2026-04-16T19:48:08,fear,46.26
2026-04-16T19:48:09,happy,53.97
2026-04-16T19:48:09,fear,55.15
2026-04-16T19:48:09,neutral,92.39
2026-04-16T19:48:09,fear,58.57
2026-04-16T19:48:09,sad,78.71
2026-04-16T19:48:10,fear,53.58
2026-04-16T19:48:10,sad,69.65
2026-04-16T19:48:11,fear,48.96
2026-04-16T19:48:11,sad,42.99
2026-04-16T19:48:11,fear,53.67
2026-04-16T19:48:11,sad,56.46
2026-04-16T19:48:13,angry,53.75
2026-04-16T19:48:13,sad,74.20
2026-04-16T19:48:14,angry,49.59
2026-04-16T19:48:14,sad,74.50
2026-04-16T19:48:14,angry,42.15
2026-04-16T19:48:16,happy,68.20
2026-04-16T19:48:16,fear,61.94
2026-04-16T19:48:16,neutral,98.26
2026-04-16T19:48:16,fear,51.72
2026-04-16T19:48:17,neutral,99.17
2026-04-16T19:48:17,fear,70.90
2026-04-16T19:48:17,happy,47.79
2026-04-16T19:48:18,fear,77.53
2026-04-16T19:48:18,neutral,99.90
2026-04-16T19:48:18,happy,44.27
2026-04-16T19:48:19,neutral,57.40
2026-04-16T19:48:19,sad,54.37
2026-04-16T19:48:19,neutral,70.04
2026-04-16T19:48:19,happy,77.65
2026-04-16T19:48:19,sad,48.68
2026-04-16T19:48:21,happy,72.86
2026-04-16T19:48:21,fear,81.13
2026-04-16T19:48:22,angry,77.85
2026-04-16T19:48:22,fear,53.84
2026-04-16T19:48:22,angry,97.18
2026-04-16T19:48:25,fear,91.60
2026-04-16T19:48:26,happy,51.73
2026-04-16T19:48:26,fear,96.25
2026-04-16T19:48:26,angry,81.51
2026-04-16T19:48:26,fear,53.22
2026-04-16T19:48:27,angry,71.43
2026-04-16T19:48:27,fear,61.63
2026-04-16T19:48:28,angry,49.99
2026-04-16T19:48:28,fear,93.81
2026-04-16T19:48:28,angry,91.72
2026-04-16T19:48:28,fear,57.12
2026-04-16T19:48:29,angry,49.81
2026-04-16T19:48:29,happy,87.10
2026-04-16T19:48:29,fear,59.39
2026-04-16T19:48:29,happy,70.01
2026-04-16T19:48:29,fear,52.14
2026-04-16T19:48:29,sad,53.40
2026-04-16T19:48:30,fear,67.91
2026-04-16T19:48:30,sad,67.31
2026-04-16T19:48:31,happy,56.27
2026-04-16T19:48:31,neutral,60.04
2026-04-16T19:48:31,happy,42.81
2026-04-16T19:48:31,sad,95.02
2026-04-16T19:48:31,happy,80.43
2026-04-16T19:48:31,sad,89.33
2026-04-16T19:48:32,happy,96.70
2026-04-16T19:48:32,sad,78.34
2026-04-16T19:48:32,happy,99.13
2026-04-16T19:48:32,fear,45.31
2026-04-16T19:48:33,neutral,50.14
2026-04-16T19:48:33,surprise,36.97
2026-04-16T19:48:33,happy,50.95
2026-04-16T19:48:33,surprise,47.99
2026-04-16T19:48:33,fear,60.05
2026-04-16T19:48:33,surprise,37.46
2026-04-16T19:48:33,fear,42.12
2026-04-16T19:48:34,happy,70.77
2026-04-16T19:48:34,neutral,58.63
2026-04-16T19:48:34,happy,69.52
2026-04-16T19:48:34,neutral,97.55
2026-04-16T19:48:34,sad,39.33
2026-04-16T19:48:34,happy,67.49
2026-04-16T19:48:34,neutral,90.71
2026-04-16T19:48:35,happy,77.22
2026-04-16T19:48:35,neutral,90.04
2026-04-16T19:48:35,happy,63.41
2026-04-16T19:48:35,fear,53.15
2026-04-16T19:48:35,neutral,67.67
2026-04-16T19:48:36,happy,83.83
2026-04-16T19:48:36,neutral,99.61
2026-04-16T19:48:36,happy,80.92
2026-04-16T19:48:36,neutral,98.11
2026-04-16T19:48:36,happy,70.56
2026-04-16T19:48:37,neutral,97.77
2026-04-16T19:48:37,happy,76.16
2026-04-16T19:48:37,neutral,99.83
2026-04-16T19:48:38,happy,86.84
2026-04-16T19:48:38,neutral,98.94
2026-04-16T19:48:40,fear,86.98
2026-04-16T19:48:40,neutral,97.15
2026-04-16T19:48:44,fear,77.11
2026-04-16T19:48:44,neutral,99.28
2026-04-16T19:48:44,fear,76.67
2026-04-16T19:48:44,neutral,98.99
2026-04-16T19:48:45,fear,83.03
2026-04-16T19:48:45,neutral,98.76
2026-04-16T19:48:45,fear,75.44
2026-04-16T19:48:45,neutral,92.51
2026-04-16T19:48:45,fear,72.31
2026-04-16T19:48:45,happy,66.80
2026-04-16T19:48:46,fear,83.76
2026-04-16T19:48:46,happy,68.33
2026-04-16T19:48:46,fear,53.30
2026-04-16T19:48:46,happy,77.39
2026-04-16T19:48:48,fear,58.72
2026-04-16T19:48:48,neutral,99.18
2026-04-16T19:48:49,fear,69.29
2026-04-16T19:48:49,happy,59.56
2026-04-16T19:48:49,fear,57.42
2026-04-16T19:48:49,neutral,98.31
2026-04-16T19:48:49,fear,67.87
2026-04-16T19:48:49,neutral,97.59
2026-04-16T19:48:49,happy,56.42
2026-04-16T19:48:50,fear,65.73
2026-04-16T19:48:50,neutral,98.84
2026-04-16T19:48:50,happy,61.97
2026-04-16T19:48:50,fear,58.86
2026-04-16T19:48:50,neutral,96.74
2026-04-16T19:48:50,fear,50.70
2026-04-16T19:48:51,happy,60.63
2026-04-16T19:48:51,neutral,97.89
2026-04-16T19:48:51,fear,61.30
2026-04-16T19:48:51,neutral,98.49
2026-04-16T19:48:51,fear,67.70
2026-04-16T19:48:52,neutral,98.19
2026-04-16T19:48:52,fear,89.02
2026-04-16T19:48:52,surprise,72.35
2026-04-16T19:48:52,fear,53.16
2026-04-16T19:48:53,angry,97.31
2026-04-16T19:48:53,fear,96.58
2026-04-16T19:48:54,happy,59.19
2026-04-16T19:48:54,surprise,66.55
2026-04-16T19:48:54,happy,37.34
2026-04-16T19:48:55,fear,69.78
2026-04-16T19:48:55,happy,69.50
2026-04-16T19:48:55,surprise,78.50
2026-04-16T19:48:56,fear,46.49
2026-04-16T19:48:56,surprise,62.87
2026-04-16T19:48:56,fear,68.77
2026-04-16T19:48:56,angry,58.29
2026-04-16T19:48:56,fear,81.93
2026-04-16T19:48:57,happy,63.00
2026-04-16T19:48:57,surprise,95.04
2026-04-16T19:48:57,angry,84.25
2026-04-16T19:48:58,fear,53.15
2026-04-16T19:48:58,angry,97.23
2026-04-16T19:48:59,fear,50.30
2026-04-16T19:48:59,angry,69.60
2026-04-16T19:48:59,fear,60.38
2026-04-16T19:48:59,angry,55.17
2026-04-16T19:49:00,neutral,95.69
2026-04-16T19:49:00,fear,68.13
2026-04-16T19:49:00,neutral,91.50
2026-04-16T19:49:01,angry,63.47
2026-04-16T19:49:01,neutral,99.12
2026-04-16T19:49:01,angry,51.33
2026-04-16T19:49:01,neutral,96.33
2026-04-16T19:49:02,fear,82.57
2026-04-16T19:49:02,neutral,89.55
2026-04-16T19:49:03,angry,68.41
2026-04-16T19:49:03,neutral,98.88
2026-04-16T19:49:03,angry,92.12
2026-04-16T19:49:03,neutral,99.21
2026-04-16T19:49:04,angry,81.29
2026-04-16T19:49:04,neutral,94.82
2026-04-16T19:49:04,angry,62.55
2026-04-16T19:49:04,neutral,99.41
2026-04-16T19:49:04,angry,92.19
2026-04-16T19:49:05,neutral,99.27
2026-04-16T19:49:05,fear,51.89
2026-04-16T19:49:05,angry,68.96
2026-04-16T19:49:05,neutral,98.88
2026-04-16T19:49:05,fear,67.43
2026-04-16T19:49:05,neutral,97.02
2026-04-16T19:49:05,fear,60.99
2026-04-16T19:49:05,angry,81.55
2026-04-16T19:49:08,surprise,72.80
2026-04-16T19:49:09,angry,98.80
2026-04-16T19:49:12,neutral,97.87
2026-04-16T19:49:12,angry,62.52
2026-04-16T19:49:12,neutral,99.56
2026-04-16T19:49:13,fear,66.27
2026-04-16T19:49:13,neutral,99.12
2026-04-16T19:49:14,angry,88.20
2026-04-16T19:49:14,neutral,94.04
2026-04-16T19:49:14,angry,90.57
2026-04-16T19:49:15,neutral,95.53
2026-04-16T19:49:15,angry,76.63
2026-04-16T19:49:15,neutral,85.22
2026-04-16T19:49:16,angry,93.71
2026-04-16T19:49:16,neutral,89.36
2026-04-16T19:49:16,angry,85.76
2026-04-16T19:49:16,neutral,97.34
2026-04-16T19:49:16,angry,87.71
2026-04-16T19:49:17,neutral,81.83
2026-04-16T19:49:17,fear,73.78
2026-04-16T19:49:17,neutral,85.32
2026-04-16T19:49:17,fear,62.07
2026-04-16T19:49:17,neutral,91.55
2026-04-16T19:49:17,surprise,89.27
2026-04-16T19:49:18,neutral,98.98
2026-04-16T19:49:18,surprise,79.18
2026-04-16T19:49:18,neutral,97.70
2026-04-16T19:49:18,surprise,84.84
2026-04-16T19:49:18,neutral,97.13
2026-04-16T19:49:18,surprise,79.95
2026-04-16T19:49:19,neutral,95.78
2026-04-16T19:49:19,surprise,77.59
2026-04-16T19:49:19,fear,66.39
2026-04-16T19:49:20,surprise,81.91
2026-04-16T19:49:20,fear,53.11
2026-04-16T19:49:20,surprise,55.96
2026-04-16T19:49:20,fear,50.36
2026-04-16T19:49:20,neutral,94.93
2026-04-16T19:49:20,surprise,57.29
2026-04-16T19:49:20,neutral,94.18
2026-04-16T19:49:20,surprise,75.98
2026-04-16T19:49:21,neutral,93.00
2026-04-16T19:49:21,fear,56.51
2026-04-16T19:49:22,surprise,63.77
2026-04-16T19:49:22,neutral,95.23
2026-04-16T19:49:22,surprise,51.51
2026-04-16T19:49:22,fear,66.08
2026-04-16T19:49:22,neutral,99.88
2026-04-16T19:49:22,surprise,68.12
2026-04-16T19:49:23,neutral,96.79
2026-04-16T19:49:23,surprise,57.18
2026-04-16T19:49:23,neutral,94.85
2026-04-16T19:49:23,surprise,61.80
2026-04-16T19:49:23,fear,55.57
2026-04-16T19:49:24,surprise,75.03
2026-04-16T19:49:24,neutral,91.03
2026-04-16T19:49:24,surprise,92.37
2026-04-16T19:49:24,neutral,94.91
2026-04-16T19:49:25,fear,80.93
2026-04-16T19:49:25,surprise,62.10
2026-04-16T19:49:25,fear,65.68
2026-04-16T19:49:25,happy,42.08
2026-04-16T19:49:25,surprise,44.80
2026-04-16T19:49:25,fear,54.18
2026-04-16T19:49:25,neutral,96.91
2026-04-16T19:49:26,surprise,73.30
2026-04-16T19:49:26,fear,61.35
2026-04-16T19:49:26,surprise,65.75
2026-04-16T19:49:26,fear,70.63
2026-04-16T19:49:26,surprise,69.97
2026-04-16T19:49:27,neutral,97.60
2026-04-16T19:49:27,surprise,98.58
2026-04-16T19:49:28,angry,42.79
2026-04-16T19:49:28,fear,57.09
2026-04-16T19:49:28,angry,96.27
2026-04-16T19:49:29,fear,54.59
2026-04-16T19:49:29,angry,56.96
2026-04-16T19:49:29,fear,71.41
2026-04-16T19:49:29,angry,68.70
2026-04-16T19:49:29,surprise,95.00
2026-04-16T19:49:30,happy,72.55
2026-04-16T19:49:30,surprise,79.26
2026-04-16T19:49:30,fear,52.59
2026-04-16T19:49:30,happy,98.36
2026-04-16T19:49:31,neutral,89.97
2026-04-16T19:49:31,happy,98.98
2026-04-16T19:49:31,neutral,52.35
2026-04-16T19:49:31,happy,97.63
2026-04-16T19:49:31,neutral,38.87
2026-04-16T19:49:31,happy,99.13
2026-04-16T19:49:32,fear,96.71
2026-04-16T19:49:33,happy,85.01
2026-04-16T19:49:34,sad,67.72
2026-04-16T19:49:34,happy,99.85
2026-04-16T19:49:34,fear,45.87
2026-04-16T19:49:34,happy,99.60
2026-04-16T19:49:35,fear,37.45
2026-04-16T19:49:35,happy,95.78
2026-04-16T19:49:35,sad,39.39
2026-04-16T19:49:35,happy,65.48
2026-04-16T19:49:35,fear,53.75
2026-04-16T19:49:35,happy,94.17
2026-04-16T19:49:35,neutral,48.02
2026-04-16T19:49:35,happy,96.79
2026-04-16T19:49:35,fear,55.92
2026-04-16T19:49:35,happy,82.16
2026-04-16T19:49:37,sad,52.17
2026-04-16T19:49:37,happy,97.70
2026-04-16T19:49:38,fear,68.78
2026-04-16T19:49:38,happy,99.55
2026-04-16T19:49:38,neutral,54.06
2026-04-16T19:49:38,happy,99.58
2026-04-16T19:49:39,fear,49.40
2026-04-16T19:49:39,happy,99.45
2026-04-16T19:49:39,neutral,33.77
2026-04-16T19:49:39,fear,66.72
2026-04-16T19:49:39,happy,99.24
2026-04-16T19:49:41,fear,42.26
2026-04-16T19:49:41,happy,78.28
2026-04-16T19:49:42,fear,40.45
2026-04-16T19:49:42,happy,77.74
2026-04-16T19:49:43,fear,41.97
2026-04-16T19:49:43,angry,38.98
2026-04-16T19:49:43,happy,76.75
2026-04-16T19:49:43,angry,52.62
2026-04-16T19:49:43,happy,65.12
2026-04-16T19:49:44,angry,45.89
2026-04-16T19:49:44,happy,45.72
2026-04-16T19:49:45,angry,45.11
2026-04-16T19:49:45,happy,48.88
2026-04-16T19:49:45,angry,43.52
2026-04-16T19:49:45,happy,39.80
2026-04-16T19:49:46,angry,46.46
2026-04-16T19:49:46,happy,49.96
2026-04-16T19:49:47,angry,33.90
2026-04-16T19:49:47,happy,46.50
2026-04-16T19:49:47,angry,42.34
2026-04-16T19:49:48,happy,48.13
2026-04-16T19:49:48,angry,51.53
2026-04-16T19:49:48,happy,52.15
2026-04-16T19:49:48,angry,43.95
2026-04-16T19:49:48,happy,44.26
2026-04-16T19:49:48,angry,40.35
2026-04-16T19:49:49,happy,60.41
2026-04-16T19:49:51,angry,37.67
2026-04-16T19:49:51,fear,40.64
2026-04-16T19:49:51,angry,34.30
2026-04-16T19:49:51,fear,46.92
2026-04-16T19:49:51,angry,38.34
2026-04-16T19:49:52,fear,69.39
2026-04-16T19:49:55,happy,96.48
2026-04-16T19:49:56,angry,43.92
2026-04-16T19:49:56,happy,74.33
2026-04-16T19:49:56,fear,71.23
2026-04-16T19:49:57,angry,94.02
2026-04-16T19:49:57,fear,93.03
2026-04-16T19:49:58,angry,45.16
2026-04-16T19:49:58,fear,66.87
2026-04-16T19:49:59,neutral,99.66
2026-04-16T19:50:00,fear,79.22
2026-04-16T19:50:00,neutral,89.08
2026-04-16T19:50:00,fear,85.69
2026-04-16T19:50:00,happy,47.08
2026-04-16T19:50:00,fear,82.30
2026-04-16T19:50:00,neutral,99.04
2026-04-16T19:50:01,fear,75.64
2026-04-16T19:50:01,neutral,99.09
2026-04-16T19:50:01,fear,96.28
2026-04-16T19:50:01,neutral,92.79
2026-04-16T19:50:01,fear,82.85
2026-04-16T19:50:01,neutral,98.72
2026-04-16T19:50:02,fear,92.63
2026-04-16T19:50:02,neutral,99.15
2026-04-16T19:50:03,fear,62.64
2026-04-16T19:50:03,neutral,93.27
2026-04-16T19:50:03,fear,89.11
2026-04-16T19:50:03,neutral,79.14
2026-04-16T19:50:03,fear,78.73
2026-04-16T19:50:04,happy,48.74
2026-04-16T19:50:04,fear,64.19
2026-04-16T19:50:05,neutral,98.10
2026-04-16T19:50:05,fear,68.50
2026-04-16T19:50:05,neutral,96.18
2026-04-16T19:50:05,fear,64.87
2026-04-16T19:50:06,neutral,98.40
2026-04-16T19:50:06,fear,96.44
2026-04-16T19:50:06,neutral,95.53
2026-04-16T19:50:06,fear,91.22
2026-04-16T19:50:08,angry,54.93
2026-04-16T19:50:08,fear,59.77
2026-04-16T19:50:08,surprise,99.78
2026-04-16T19:50:09,angry,87.16
2026-04-16T19:50:09,surprise,67.68
2026-04-16T19:50:09,angry,77.19
2026-04-16T19:50:09,surprise,88.01
2026-04-16T19:50:11,angry,67.83
2026-04-16T19:50:11,surprise,65.37
2026-04-16T19:50:11,angry,99.48
2026-04-16T19:50:11,surprise,41.92
2026-04-16T19:50:11,angry,73.19
2026-04-16T19:50:11,fear,64.20
2026-04-16T19:50:12,surprise,51.34
2026-04-16T19:50:12,angry,36.06
2026-04-16T19:50:12,fear,36.20
2026-04-16T19:50:12,surprise,55.27
2026-04-16T19:50:12,angry,51.76
2026-04-16T19:50:13,surprise,58.18
2026-04-16T19:50:13,fear,46.27
2026-04-16T19:50:13,surprise,40.90
2026-04-16T19:50:13,angry,59.19
2026-04-16T19:50:13,fear,42.70
2026-04-16T19:50:13,angry,67.79
2026-04-16T19:50:13,fear,50.20
2026-04-16T19:50:14,surprise,50.55
2026-04-16T19:50:14,angry,44.97
2026-04-16T19:50:14,fear,48.45
2026-04-16T19:50:14,surprise,42.23
2026-04-16T19:50:14,angry,49.49
2026-04-16T19:50:14,fear,70.61
2026-04-16T19:50:14,angry,59.64
2026-04-16T19:50:15,fear,60.83
2026-04-16T19:50:15,angry,51.49
2026-04-16T19:50:15,fear,66.21
2026-04-16T19:50:15,angry,79.84
2026-04-16T19:50:16,fear,72.67
2026-04-16T19:50:16,angry,47.06
2026-04-16T19:50:16,fear,63.92
2026-04-16T19:50:16,angry,60.73
2026-04-16T19:50:16,fear,74.58
2026-04-16T19:50:16,angry,54.68
2026-04-16T19:50:16,fear,76.98
2026-04-16T19:50:17,angry,59.20
2026-04-16T19:50:17,fear,58.36
2026-04-16T19:50:17,angry,56.37
2026-04-16T19:50:17,fear,71.05
2026-04-16T19:50:17,angry,60.61
2026-04-16T19:50:17,fear,69.00
2026-04-16T19:50:18,angry,50.86
2026-04-16T19:50:18,fear,79.03
2026-04-16T19:50:19,neutral,98.88
2026-04-16T19:50:19,angry,67.31
2026-04-16T19:50:19,fear,51.02
2026-04-16T19:50:19,angry,63.11
2026-04-16T19:50:19,neutral,68.16
2026-04-16T19:50:19,angry,76.69
2026-04-16T19:50:19,fear,48.23
2026-04-16T19:50:19,angry,74.98
2026-04-16T19:50:20,fear,53.45
2026-04-16T19:50:20,angry,79.29
2026-04-16T19:50:20,fear,74.04
2026-04-16T19:50:21,angry,78.96
2026-04-16T19:50:21,fear,86.64
2026-04-16T19:50:21,angry,56.55
2026-04-16T19:50:21,fear,63.76
2026-04-16T19:50:21,angry,53.34
2026-04-16T19:50:21,fear,78.78
2026-04-16T19:50:22,angry,59.45
2026-04-16T19:50:22,fear,69.18
2026-04-16T19:50:22,angry,77.73
2026-04-16T19:50:22,fear,69.63
2026-04-16T19:50:22,angry,98.42
2026-04-16T19:50:23,fear,38.62
2026-04-16T19:50:23,surprise,49.30
2026-04-16T19:50:23,fear,48.82
2026-04-16T19:50:23,angry,68.55
2026-04-16T19:50:24,fear,69.86
2026-04-16T19:50:24,angry,61.10
2026-04-16T19:50:24,fear,55.43
2026-04-16T19:50:24,angry,87.57
2026-04-16T19:50:24,fear,52.45
2026-04-16T19:50:25,angry,91.50
2026-04-16T19:50:25,fear,54.40
2026-04-16T19:50:25,angry,95.21
2026-04-16T19:50:25,fear,57.56
2026-04-16T19:50:25,angry,93.92
2026-04-16T19:50:26,fear,52.38
2026-04-16T19:50:26,angry,85.78
2026-04-16T19:50:26,fear,50.59
2026-04-16T19:50:26,angry,85.09
2026-04-16T19:50:29,fear,79.69
2026-04-16T19:50:29,angry,68.56
2026-04-16T19:50:29,fear,82.90
2026-04-16T19:50:31,angry,44.14
2026-04-16T19:50:31,fear,65.39
2026-04-16T19:50:31,angry,54.16
2026-04-16T19:50:31,fear,71.09
2026-04-16T19:50:31,angry,61.65
2026-04-16T19:50:31,fear,59.87
2026-04-16T19:50:32,angry,46.99
2026-04-16T19:50:32,fear,64.57
2026-04-16T19:50:32,angry,60.83
2026-04-16T19:50:32,fear,51.24
2026-04-16T19:50:32,angry,86.42
2026-04-16T19:50:32,fear,55.30
2026-04-16T19:50:33,angry,77.64
2026-04-16T19:50:33,fear,53.41
2026-04-16T19:50:33,angry,65.81
2026-04-16T19:50:33,fear,54.80
2026-04-16T19:50:34,angry,50.35
2026-04-16T19:50:34,fear,78.81
2026-04-16T19:50:34,angry,53.62
2026-04-16T19:50:34,fear,70.61
2026-04-16T19:50:35,angry,86.39
2026-04-16T19:50:35,fear,61.74
2026-04-16T19:50:35,angry,67.49
2026-04-16T19:50:35,fear,59.76
2026-04-16T19:50:36,angry,74.87
2026-04-16T19:50:36,fear,74.04
2026-04-16T19:50:36,angry,62.82
2026-04-16T19:50:36,fear,55.88
2026-04-16T19:50:36,angry,69.06
2026-04-16T19:50:36,fear,77.33
2026-04-16T19:50:37,angry,76.03
2026-04-16T19:50:37,surprise,69.32
2026-04-16T19:50:37,angry,41.21
2026-04-16T19:50:37,surprise,40.96
2026-04-16T19:50:38,angry,71.94
2026-04-16T19:50:38,fear,59.88
2026-04-16T19:50:39,angry,87.34
2026-04-16T19:50:39,fear,63.80
2026-04-16T19:50:39,angry,58.29
2026-04-16T19:50:39,fear,83.10
2026-04-16T19:50:39,angry,85.29
2026-04-16T19:50:39,fear,75.20
2026-04-16T19:50:40,angry,84.52
2026-04-16T19:50:40,fear,52.99
2026-04-16T19:50:40,angry,96.39
2026-04-16T19:50:42,fear,56.08
2026-04-16T19:50:42,angry,85.73
2026-04-16T19:50:44,fear,42.90
2026-04-16T19:50:44,angry,89.85
2026-04-16T19:50:46,fear,38.68
2026-04-16T19:50:46,angry,92.59
2026-04-16T19:50:47,fear,52.63
2026-04-16T19:50:47,angry,71.78
2026-04-16T19:50:48,fear,44.68
2026-04-16T19:50:48,angry,91.96
2026-04-16T19:50:50,fear,43.82
2026-04-16T19:50:50,angry,86.91
2026-04-16T19:50:51,fear,52.15
2026-04-16T19:50:51,angry,74.02
2026-04-16T19:50:51,fear,59.13
2026-04-16T19:50:51,angry,78.37
2026-04-16T19:50:51,fear,59.39
2026-04-16T19:50:51,angry,86.28
2026-04-16T19:50:52,fear,56.05
2026-04-16T19:50:52,angry,80.08
2026-04-16T19:50:52,fear,54.28
2026-04-16T19:50:52,angry,91.09
2026-04-16T19:50:52,fear,45.62
2026-04-16T19:50:52,angry,92.24
2026-04-16T19:50:52,fear,46.11
2026-04-16T19:50:53,angry,90.45
2026-04-16T19:50:53,fear,51.01
2026-04-16T19:50:53,angry,68.67
2026-04-16T19:50:53,fear,49.98
2026-04-16T19:50:53,angry,72.32
2026-04-16T19:50:53,fear,54.46
2026-04-16T19:50:53,angry,85.65
2026-04-16T19:50:54,fear,47.20
2026-04-16T19:50:54,angry,90.75
2026-04-16T19:50:54,fear,47.43
2026-04-16T19:50:54,angry,93.19
2026-04-16T19:50:54,fear,47.29
2026-04-16T19:50:54,angry,92.41
2026-04-16T19:50:55,fear,49.82
2026-04-16T19:50:55,angry,79.90
2026-04-16T19:50:59,fear,50.92
2026-04-16T19:50:59,angry,91.71
2026-04-16T19:50:59,fear,45.01
2026-04-16T19:50:59,angry,87.32
2026-04-16T19:51:00,fear,38.17
2026-04-16T19:51:00,angry,91.86
2026-04-16T19:51:03,surprise,48.07
2026-04-16T19:51:03,angry,95.55
2026-04-16T19:51:03,surprise,82.87
2026-04-16T19:51:03,angry,75.43
2026-04-16T19:51:04,surprise,57.35
2026-04-16T19:51:04,angry,96.16
2026-04-16T19:51:04,surprise,54.99
2026-04-16T19:51:05,angry,70.28
2026-04-16T19:51:05,fear,39.08
2026-04-16T19:51:05,angry,93.65
2026-04-16T19:51:06,surprise,45.19
2026-04-16T19:51:06,fear,54.95
2026-04-16T19:51:06,angry,93.59
2026-04-16T19:51:07,fear,45.17
2026-04-16T19:51:07,angry,61.13
2026-04-16T19:51:07,fear,48.77
2026-04-16T19:51:07,surprise,42.78
2026-04-16T19:51:08,angry,58.37
2026-04-16T19:51:08,surprise,47.21
2026-04-16T19:51:08,angry,54.74
2026-04-16T19:51:08,neutral,99.79
2026-04-16T19:51:08,fear,43.70
2026-04-16T19:51:08,surprise,58.97
2026-04-16T19:51:08,happy,97.67
2026-04-16T19:51:08,neutral,75.60
2026-04-16T19:51:09,happy,99.84
2026-04-16T19:51:10,neutral,61.06
2026-04-16T19:51:11,happy,48.96
2026-04-16T19:51:11,neutral,83.71
2026-04-16T19:51:11,happy,86.72
2026-04-16T19:51:12,neutral,82.86
2026-04-16T19:51:12,happy,72.31
2026-04-16T19:51:12,neutral,96.99
2026-04-16T19:51:12,happy,65.58
2026-04-16T19:51:13,neutral,83.60
2026-04-16T19:51:17,fear,42.82
2026-04-16T19:51:17,happy,85.42
2026-04-16T19:51:17,fear,76.91
2026-04-16T19:51:18,happy,83.20
2026-04-16T19:51:18,neutral,84.11
2026-04-16T19:51:19,angry,95.21
2026-04-16T19:51:19,fear,51.41
2026-04-16T19:51:19,angry,86.26
2026-04-16T19:51:19,fear,52.49
2026-04-16T19:51:20,angry,93.94
2026-04-16T19:51:20,happy,99.46
2026-04-16T19:51:21,neutral,89.73
2026-04-16T19:51:21,happy,54.96
2026-04-16T19:51:23,neutral,99.49
2026-04-16T19:51:23,happy,99.91
2026-04-16T19:51:24,neutral,99.46
2026-04-16T19:51:26,happy,100.00
2026-04-16T19:51:27,neutral,97.78
2026-04-16T19:51:27,happy,99.97
2026-04-16T19:51:27,neutral,99.51
2026-04-16T19:51:27,happy,99.88
2026-04-16T19:51:28,neutral,97.86
2026-04-16T19:51:28,happy,99.83
2026-04-16T19:51:28,neutral,98.61
2026-04-16T19:51:28,happy,99.99
2026-04-16T19:51:28,neutral,98.94
2026-04-16T19:51:28,happy,99.92
2026-04-16T19:51:28,neutral,99.47
2026-04-16T19:51:28,happy,99.88
2026-04-16T19:51:28,neutral,99.37
2026-04-16T19:51:28,happy,99.88
2026-04-16T19:51:29,neutral,98.67
2026-04-16T19:51:29,happy,99.98
2026-04-16T19:51:29,neutral,99.69
2026-04-16T19:51:29,happy,99.87
2026-04-16T19:51:29,neutral,99.20
2026-04-16T19:51:29,happy,99.81
2026-04-16T19:51:29,neutral,99.75
2026-04-16T19:51:30,happy,99.79
2026-04-16T19:51:30,neutral,99.80
2026-04-16T19:51:30,happy,99.97
2026-04-16T19:51:30,neutral,98.99
2026-04-16T19:51:32,happy,99.15
2026-04-16T19:51:32,neutral,99.76
2026-04-16T19:51:32,happy,99.97
2026-04-16T19:51:32,neutral,99.61
2026-04-16T19:51:32,happy,99.82
2026-04-16T19:51:34,neutral,99.57
2026-04-16T19:51:34,happy,99.12
2026-04-16T19:51:43,fear,97.31
2026-04-16T19:51:47,happy,59.79
2026-04-16T19:51:50,neutral,93.43
2026-04-16T19:51:50,fear,57.21
2026-04-16T19:51:51,happy,95.78
2026-04-16T19:51:54,fear,72.84
2026-04-16T19:51:54,happy,95.10
2026-04-16T19:51:55,fear,73.24
2026-04-16T19:51:55,sad,62.86
2026-04-16T19:51:55,happy,36.79
2026-04-16T19:51:55,sad,41.74
2026-04-16T19:51:55,fear,45.16
2026-04-16T19:51:56,happy,74.11
2026-04-16T19:52:00,fear,82.41
2026-04-16T19:52:00,happy,60.25
2026-04-16T19:52:01,fear,37.21
2026-04-16T19:52:01,happy,99.56
2026-04-16T19:52:03,neutral,46.85
2026-04-16T19:52:03,happy,93.49
2026-04-16T19:52:04,neutral,99.63
2026-04-16T19:52:04,happy,99.55
2026-04-16T19:52:04,neutral,99.03
2026-04-16T19:52:05,happy,99.27
2026-04-16T19:52:05,neutral,98.99
2026-04-16T19:52:05,happy,99.29
2026-04-16T19:52:05,neutral,99.18
2026-04-16T19:52:05,happy,99.86
2026-04-16T19:52:06,neutral,99.72
2026-04-16T19:52:06,happy,99.93
2026-04-16T19:52:06,neutral,99.37
2026-04-16T19:52:06,happy,99.04
2026-04-16T19:52:06,neutral,97.28
2026-04-16T19:52:07,happy,99.75
2026-04-16T19:52:07,neutral,99.11
2026-04-16T19:52:07,happy,99.65
2026-04-16T19:52:07,neutral,90.96
2026-04-16T19:52:07,happy,89.17
2026-04-16T19:52:07,neutral,97.82
2026-04-16T19:52:07,happy,99.24
2026-04-16T19:52:08,neutral,99.13
2026-04-16T19:52:08,happy,99.21
2026-04-16T19:52:08,neutral,94.82
2026-04-16T19:52:08,happy,98.62
2026-04-16T19:52:08,neutral,93.41
2026-04-16T19:52:08,happy,99.11
2026-04-16T19:52:09,neutral,96.20
2026-04-16T19:52:09,happy,99.86
2026-04-16T19:52:09,neutral,96.94
2026-04-16T19:52:09,happy,99.31
2026-04-16T19:52:10,neutral,96.50
2026-04-16T19:52:10,happy,72.91
2026-04-16T19:52:10,neutral,98.85
2026-04-16T19:52:10,happy,99.96
2026-04-16T19:52:15,neutral,97.12
2026-04-16T19:52:15,happy,98.27
2026-04-16T19:52:15,neutral,98.31
2026-04-16T19:52:16,happy,99.91
2026-04-16T19:52:16,neutral,99.60
2026-04-16T19:52:16,happy,99.72
2026-04-16T19:52:16,neutral,99.30
2026-04-16T19:52:16,happy,48.28
2026-04-16T19:52:16,fear,43.45
2026-04-16T19:52:16,happy,49.89
2026-04-16T19:52:16,sad,40.32
2026-04-16T19:52:17,happy,41.72
2026-04-16T19:52:17,neutral,98.60
2026-04-16T19:52:17,happy,74.42
2026-04-16T19:52:17,neutral,99.29
2026-04-16T19:52:18,happy,79.63
2026-04-16T19:52:18,neutral,99.59
2026-04-16T19:52:18,happy,62.05
2026-04-16T19:52:18,fear,37.84
2026-04-16T19:52:18,neutral,99.25
2026-04-16T19:52:19,happy,85.77
2026-04-16T19:52:19,neutral,98.82
2026-04-16T19:52:19,happy,97.31
2026-04-16T19:52:19,neutral,99.11
2026-04-16T19:52:19,happy,82.64
2026-04-16T19:52:19,neutral,99.11
2026-04-16T19:52:19,happy,89.08
2026-04-16T19:52:19,neutral,99.49
2026-04-16T19:52:20,happy,90.47
2026-04-16T19:52:20,neutral,98.99
2026-04-16T19:52:20,happy,83.12
2026-04-16T19:52:20,neutral,99.72
2026-04-16T19:52:20,happy,85.96
2026-04-16T19:52:20,neutral,99.33
2026-04-16T19:52:21,happy,90.17
2026-04-16T19:52:21,neutral,97.77
2026-04-16T19:52:21,happy,94.63
2026-04-16T19:52:21,neutral,98.13
2026-04-16T19:52:23,happy,79.31
2026-04-16T19:52:24,neutral,99.53
2026-04-16T19:52:25,sad,52.01
2026-04-16T19:52:25,neutral,98.92
2026-04-16T19:52:26,sad,67.03
2026-04-16T19:52:26,neutral,92.08
2026-04-16T19:52:27,happy,96.45
2026-04-16T19:52:27,neutral,97.47
2026-04-16T19:52:27,happy,75.00
2026-04-16T19:52:27,neutral,99.48
2026-04-16T19:52:27,happy,68.49
2026-04-16T19:52:27,neutral,99.35
2026-04-16T19:52:27,happy,94.75
2026-04-16T19:52:27,neutral,98.97
2026-04-16T19:52:28,happy,62.15
2026-04-16T19:52:28,neutral,98.95
2026-04-16T19:52:28,happy,75.60
2026-04-16T19:52:28,neutral,99.41
2026-04-16T19:52:28,happy,99.80
2026-04-16T19:52:29,neutral,98.55
2026-04-16T19:52:29,happy,99.81
2026-04-16T19:52:29,neutral,99.35
2026-04-16T19:52:29,happy,99.86
2026-04-16T19:52:30,neutral,99.69
2026-04-16T19:52:30,happy,96.86
2026-04-16T19:52:30,neutral,99.48
2026-04-16T19:52:30,happy,99.26
2026-04-16T19:52:31,fear,91.62
2026-04-16T19:52:32,happy,68.02
2026-04-16T19:52:32,fear,85.63
2026-04-16T19:52:32,happy,84.20
2026-04-16T19:52:32,fear,97.57
2026-04-16T19:52:32,angry,62.56
2026-04-16T19:52:32,fear,93.42
2026-04-16T19:52:32,angry,67.05
2026-04-16T19:52:32,fear,69.19
2026-04-16T19:52:32,angry,61.71
2026-04-16T19:52:32,happy,67.34
2026-04-16T19:52:33,angry,81.26
2026-04-16T19:52:33,happy,53.71
2026-04-16T19:52:33,angry,51.08
2026-04-16T19:52:33,fear,52.11
2026-04-16T19:52:33,angry,48.81
2026-04-16T19:52:33,fear,80.81
2026-04-16T19:52:33,angry,40.37
2026-04-16T19:52:33,fear,55.07
2026-04-16T19:52:34,happy,91.17
2026-04-16T19:52:34,neutral,99.24
2026-04-16T19:52:34,happy,72.70
2026-04-16T19:52:35,neutral,99.60
2026-04-16T19:52:35,happy,72.52
2026-04-16T19:52:35,neutral,99.09
2026-04-16T19:52:35,fear,82.95
2026-04-16T19:52:35,neutral,99.16
2026-04-16T19:52:36,fear,68.98
2026-04-16T19:52:36,happy,99.97
2026-04-16T19:52:37,neutral,88.27
2026-04-16T19:52:37,happy,65.41
2026-04-16T19:52:37,neutral,99.42
2026-04-16T19:52:37,happy,70.99
2026-04-16T19:52:37,neutral,99.26
2026-04-16T19:52:37,happy,97.94
2026-04-16T19:52:38,neutral,49.35
2026-04-16T19:52:38,happy,81.56
2026-04-16T19:52:38,fear,83.58
2026-04-16T19:52:38,happy,41.02
2026-04-16T19:52:38,fear,87.51
2026-04-16T19:52:38,happy,44.18
2026-04-16T19:52:38,fear,47.13
2026-04-16T19:52:38,happy,73.90
2026-04-16T19:52:38,neutral,99.60
2026-04-16T19:52:38,happy,63.10
2026-04-16T19:52:38,neutral,99.73
2026-04-16T19:52:38,happy,36.87
2026-04-16T19:52:39,neutral,97.32
2026-04-16T19:52:39,happy,98.52
2026-04-16T19:52:39,neutral,81.26
2026-04-16T19:52:39,happy,93.69
2026-04-16T19:52:39,neutral,33.18
2026-04-16T19:52:40,fear,79.93
2026-04-16T19:52:40,neutral,39.34
2026-04-16T19:52:40,happy,81.40
2026-04-16T19:52:44,neutral,99.25
2026-04-16T19:52:44,happy,98.92
2026-04-16T19:52:46,neutral,99.76
2026-04-16T19:52:47,happy,99.80
2026-04-16T19:52:47,neutral,99.86
2026-04-16T19:52:47,happy,99.92
2026-04-16T19:52:47,neutral,99.67
2026-04-16T19:52:47,happy,99.82
2026-04-16T19:52:47,neutral,99.65
2026-04-16T19:52:47,happy,99.69
2026-04-16T19:52:48,neutral,99.59
2026-04-16T19:52:48,happy,99.43
2026-04-16T19:52:48,neutral,99.84
2026-04-16T19:52:48,happy,99.92
2026-04-16T19:52:49,neutral,99.70
2026-04-16T19:52:49,happy,97.44
2026-04-16T19:52:50,neutral,99.69
2026-04-16T19:52:50,happy,98.43
2026-04-16T19:52:50,neutral,99.61
2026-04-16T19:52:50,happy,96.85
2026-04-16T19:52:50,neutral,99.56
2026-04-16T19:52:50,happy,97.22
2026-04-16T19:52:50,neutral,99.25
2026-04-16T19:52:50,happy,96.78
2026-04-16T19:52:51,neutral,95.04
2026-04-16T19:52:51,happy,98.87
2026-04-16T19:52:51,neutral,99.55
2026-04-16T19:52:51,happy,58.09
2026-04-16T19:52:51,neutral,99.59
2026-04-16T19:52:51,sad,61.51
2026-04-16T19:52:51,happy,59.25
2026-04-16T19:52:51,neutral,99.42
2026-04-16T19:52:51,happy,84.29
2026-04-16T19:52:52,neutral,99.22
2026-04-16T19:52:52,happy,88.53
2026-04-16T19:52:53,neutral,99.62
2026-04-16T19:52:53,happy,99.51
2026-04-16T19:52:53,neutral,99.46
2026-04-16T19:52:53,happy,99.21
2026-04-16T19:52:54,neutral,99.35
2026-04-16T19:52:54,happy,99.37
2026-04-16T19:52:54,neutral,99.39
2026-04-16T19:52:54,happy,98.49
2026-04-16T19:52:54,neutral,98.99
2026-04-16T19:52:54,happy,89.13
2026-04-16T19:52:55,sad,68.38
2026-04-16T19:52:55,neutral,97.47
2026-04-16T19:52:55,happy,79.99
2026-04-16T19:52:55,sad,58.70
2026-04-16T19:52:55,neutral,99.10
2026-04-16T19:52:55,sad,69.91
2026-04-16T19:52:55,neutral,99.51
2026-04-16T19:52:55,sad,77.57
2026-04-16T19:52:55,neutral,99.89
2026-04-16T19:52:55,sad,58.84
2026-04-16T19:52:55,neutral,99.83
2026-04-16T19:52:55,sad,79.22
2026-04-16T19:52:56,neutral,94.14
2026-04-16T19:52:57,sad,78.41
2026-04-16T19:52:57,neutral,99.02
2026-04-16T19:52:57,sad,50.61
2026-04-16T19:52:57,happy,96.88
2026-04-16T19:52:57,sad,68.42
2026-04-16T19:52:57,fear,45.91
2026-04-16T19:52:57,sad,69.63
2026-04-16T19:52:58,fear,63.94
2026-04-16T19:52:58,sad,51.97
2026-04-16T19:52:58,neutral,97.94
2026-04-16T19:52:58,sad,65.63
2026-04-16T19:52:58,happy,46.07
2026-04-16T19:52:59,fear,45.98
2026-04-16T19:52:59,sad,39.86
2026-04-16T19:52:59,happy,56.01
2026-04-16T19:52:59,sad,39.76
2026-04-16T19:52:59,fear,36.78
2026-04-16T19:52:59,sad,44.69
2026-04-16T19:52:59,fear,58.75
2026-04-16T19:52:59,neutral,99.03
2026-04-16T19:52:59,fear,51.23
2026-04-16T19:52:59,neutral,98.92
2026-04-16T19:53:00,fear,97.36
2026-04-16T19:53:00,neutral,99.04
2026-04-16T19:53:01,fear,80.09
2026-04-16T19:53:01,neutral,99.75
2026-04-16T19:53:01,fear,74.40
2026-04-16T19:53:01,neutral,99.88
2026-04-16T19:53:01,sad,71.81
2026-04-16T19:53:01,fear,77.53
2026-04-16T19:53:01,sad,52.22
2026-04-16T19:53:01,fear,60.16
2026-04-16T19:53:01,sad,65.21
2026-04-16T19:53:02,fear,48.66
2026-04-16T19:53:02,sad,47.95
2026-04-16T19:53:02,fear,71.08
2026-04-16T19:53:02,sad,63.09
2026-04-16T19:53:02,happy,40.08
2026-04-16T19:53:02,sad,44.79
2026-04-16T19:53:02,happy,46.93
2026-04-16T19:53:02,sad,57.34
2026-04-16T19:53:03,happy,74.65
2026-04-16T19:53:03,sad,41.89
2026-04-16T19:53:03,happy,78.40
2026-04-16T19:53:03,fear,61.06
2026-04-16T19:53:03,sad,31.04
2026-04-16T19:53:03,happy,73.37
2026-04-16T19:53:03,sad,43.22
2026-04-16T19:53:03,happy,49.52
2026-04-16T19:53:03,sad,44.16
2026-04-16T19:53:03,happy,37.58
2026-04-16T19:53:03,fear,65.88
2026-04-16T19:53:04,happy,50.33
2026-04-16T19:53:04,fear,63.06
2026-04-16T19:53:04,sad,32.03
2026-04-16T19:53:04,fear,80.22
2026-04-16T19:53:04,happy,72.55
2026-04-16T19:53:04,sad,49.03
2026-04-16T19:53:04,neutral,99.12
2026-04-16T19:53:04,sad,51.92
2026-04-16T19:53:05,fear,61.66
2026-04-16T19:53:05,neutral,98.63
2026-04-16T19:53:05,fear,63.42
2026-04-16T19:53:05,sad,51.50
2026-04-16T19:53:05,neutral,98.40
2026-04-16T19:53:05,sad,76.35
2026-04-16T19:53:05,neutral,98.51
2026-04-16T19:53:06,sad,49.26
2026-04-16T19:53:06,neutral,99.72
2026-04-16T19:53:06,sad,46.37
2026-04-16T19:53:06,neutral,99.76
2026-04-16T19:53:07,fear,40.06
2026-04-16T19:53:07,neutral,99.72
2026-04-16T19:53:08,fear,59.19
2026-04-16T19:53:08,neutral,94.52
2026-04-16T19:53:08,fear,63.82
2026-04-16T19:53:08,neutral,98.76
2026-04-16T19:53:09,sad,40.36
2026-04-16T19:53:09,neutral,98.88
2026-04-16T19:53:09,sad,44.73
2026-04-16T19:53:09,neutral,97.44
2026-04-16T19:53:09,fear,48.47
2026-04-16T19:53:09,neutral,96.10
2026-04-16T19:53:09,fear,69.72
2026-04-16T19:53:09,neutral,94.67
2026-04-16T19:53:09,fear,85.86
2026-04-16T19:53:10,neutral,98.14
2026-04-16T19:53:10,happy,53.02
2026-04-16T19:53:10,neutral,99.68
2026-04-16T19:53:11,happy,61.30
2026-04-16T19:53:12,neutral,90.23
2026-04-16T19:53:12,happy,98.90
2026-04-16T19:53:13,neutral,93.95
2026-04-16T19:53:13,happy,100.00
2026-04-16T19:53:13,neutral,99.62
2026-04-16T19:53:14,happy,99.99
2026-04-16T19:53:14,neutral,97.73
2026-04-16T19:53:14,happy,99.92
2026-04-16T19:53:14,neutral,97.98
2026-04-16T19:53:14,happy,99.70
2026-04-16T19:53:21,neutral,92.68
2026-04-16T19:53:22,happy,97.17
2026-04-16T19:53:22,neutral,93.77
2026-04-16T19:53:24,happy,98.69
2026-04-16T19:53:24,neutral,99.09
2026-04-16T19:53:24,happy,99.81
2026-04-16T19:53:24,neutral,89.81
2026-04-16T19:53:24,happy,99.46
2026-04-16T19:53:24,neutral,95.85
2026-04-16T19:53:24,happy,94.33
2026-04-16T19:53:24,neutral,49.85
2026-04-16T19:53:25,happy,99.94
2026-04-16T19:53:25,neutral,90.77
2026-04-16T19:53:26,happy,65.77
2026-04-16T19:53:26,neutral,97.41
2026-04-16T19:53:26,sad,54.61
2026-04-16T19:53:27,happy,66.78
2026-04-16T19:53:27,sad,58.91
2026-04-16T19:53:27,happy,66.73
2026-04-16T19:53:27,sad,68.99
2026-04-16T19:53:27,happy,51.34
2026-04-16T19:53:27,fear,49.18
2026-04-16T19:53:27,neutral,59.39
2026-04-16T19:53:28,sad,85.39
2026-04-16T19:53:28,neutral,78.73
2026-04-16T19:53:29,sad,81.77
2026-04-16T19:53:29,happy,90.62
2026-04-16T19:53:29,sad,60.96
2026-04-16T19:53:31,happy,60.78
2026-04-16T19:53:31,neutral,99.54
2026-04-16T19:53:31,happy,99.70
2026-04-16T19:53:32,neutral,98.74
2026-04-16T19:53:32,happy,63.17
2026-04-16T19:53:32,neutral,96.65
2026-04-16T19:53:33,happy,99.62
2026-04-16T19:53:33,neutral,90.64
2026-04-16T19:53:33,happy,99.90
2026-04-16T19:53:33,neutral,98.94
2026-04-16T19:53:34,happy,65.80
2026-04-16T19:53:37,neutral,98.31
2026-04-16T19:53:38,happy,99.86
2026-04-16T19:53:38,neutral,99.64
2026-04-16T19:53:38,happy,99.51
2026-04-16T19:53:39,neutral,97.72
2026-04-16T19:53:40,happy,87.35
2026-04-16T19:53:40,sad,59.71
2026-04-16T19:53:40,happy,54.65
2026-04-16T19:53:40,sad,50.58
2026-04-16T19:53:40,happy,77.41
2026-04-16T19:53:41,neutral,94.83
2026-04-16T19:53:41,sad,35.14
2026-04-16T19:53:41,happy,64.01
2026-04-16T19:53:41,fear,72.05
2026-04-16T19:53:41,happy,59.14
2026-04-16T19:53:42,neutral,91.03
2026-04-16T19:53:42,happy,96.51
2026-04-16T19:53:42,neutral,96.43
2026-04-16T19:53:42,happy,53.58
2026-04-16T19:53:42,neutral,99.84
2026-04-16T19:53:42,happy,99.38
2026-04-16T19:53:43,fear,78.04
2026-04-16T19:53:44,sad,98.60
2026-04-16T19:53:44,neutral,95.86
2026-04-16T19:53:45,fear,56.57
2026-04-16T19:53:45,neutral,73.65
2026-04-16T19:53:45,sad,38.32
2026-04-16T19:53:46,neutral,72.38
2026-04-16T19:53:46,fear,32.02
2026-04-16T19:53:46,neutral,85.50
2026-04-16T19:53:46,angry,97.86
2026-04-16T19:53:46,happy,95.44
2026-04-16T19:53:46,angry,73.67
2026-04-16T19:53:46,happy,90.68
2026-04-16T19:53:47,angry,98.86
2026-04-16T19:53:47,happy,97.18
2026-04-16T19:53:47,neutral,98.91
2026-04-16T19:53:48,happy,97.85
2026-04-16T19:53:48,neutral,52.66
2026-04-16T19:53:48,happy,91.28
2026-04-16T19:53:48,neutral,50.58
2026-04-16T19:53:48,fear,48.12
2026-04-16T19:53:48,neutral,79.86
2026-04-16T19:53:49,happy,98.31
2026-04-16T19:53:49,fear,39.58
2026-04-16T19:53:49,neutral,36.23
2026-04-16T19:53:50,fear,55.83
2026-04-16T19:53:50,neutral,58.25
2026-04-16T19:53:50,fear,86.97
2026-04-16T19:53:50,neutral,68.48
2026-04-16T19:53:51,fear,65.20
2026-04-16T19:53:51,neutral,98.12
2026-04-16T19:53:51,fear,42.05
2026-04-16T19:53:52,neutral,82.26
2026-04-16T19:53:52,fear,58.14
2026-04-16T19:53:52,neutral,63.59
2026-04-16T19:53:53,fear,40.99
2026-04-16T19:53:53,neutral,68.91
2026-04-16T19:53:53,fear,47.66
2026-04-16T19:53:53,neutral,54.70
2026-04-16T19:53:53,fear,65.01
2026-04-16T19:53:54,happy,62.05
2026-04-16T19:53:54,neutral,94.53
2026-04-16T19:53:54,happy,97.57
2026-04-16T19:53:54,neutral,49.87
2026-04-16T19:53:54,happy,93.55
2026-04-16T19:53:55,fear,98.12
2026-04-16T19:53:55,happy,98.68
2026-04-16T19:53:55,neutral,83.33
2026-04-16T19:53:55,happy,66.91
2026-04-16T19:53:55,fear,63.04
2026-04-16T19:53:57,angry,67.89
2026-04-16T19:53:57,fear,72.71
2026-04-16T19:53:58,angry,50.52
2026-04-16T19:53:58,fear,71.42
2026-04-16T19:53:58,happy,46.40
2026-04-16T19:53:58,fear,56.17
2026-04-16T19:53:59,happy,76.28
2026-04-16T19:54:00,neutral,98.84
2026-04-16T19:54:00,happy,100.00
2026-04-16T19:54:03,fear,45.93
2026-04-16T19:54:04,happy,51.13
2026-04-16T19:54:08,neutral,99.82
2026-04-16T19:54:09,neutral,98.68
2026-04-16T19:54:09,happy,93.77
2026-04-16T19:54:10,neutral,98.64
2026-04-16T19:54:10,happy,92.76
2026-04-16T19:54:10,neutral,60.58
2026-04-16T19:54:11,happy,64.67
2026-04-16T19:54:11,neutral,77.16
2026-04-16T19:54:11,happy,92.08
2026-04-16T19:54:12,neutral,95.10
2026-04-16T19:54:12,happy,100.00
2026-04-16T19:54:12,neutral,99.54
2026-04-16T19:54:12,happy,100.00
2026-04-16T19:54:13,neutral,97.92
2026-04-16T19:54:13,happy,100.00
2026-04-16T19:54:13,neutral,99.00
2026-04-16T19:54:14,happy,100.00
2026-04-16T19:54:14,neutral,99.07
2026-04-16T19:54:14,happy,100.00
2026-04-16T19:54:14,neutral,99.91
2026-04-16T19:54:15,happy,100.00
2026-04-16T19:54:15,neutral,97.54
2026-04-16T19:54:15,happy,100.00
2026-04-16T19:54:16,neutral,99.63
2026-04-16T19:54:16,happy,100.00
2026-04-16T19:54:19,neutral,95.90
2026-04-16T19:54:20,happy,100.00
2026-04-16T19:54:20,neutral,98.73
2026-04-16T19:54:20,happy,100.00
2026-04-16T19:54:22,neutral,98.96
2026-04-16T19:54:22,happy,100.00
2026-04-16T19:54:22,angry,99.45
2026-04-16T19:54:25,neutral,78.22
2026-04-16T19:54:25,happy,77.74
2026-04-16T19:54:27,angry,51.54
2026-04-16T19:54:27,happy,92.52
2026-04-16T19:54:27,disgust,88.30
2026-04-16T19:54:27,happy,94.79
2026-04-16T19:54:28,fear,98.55
2026-04-16T19:54:29,angry,99.94
2026-04-16T19:54:30,neutral,100.00
2026-04-16T19:54:32,fear,42.01
2026-04-16T19:54:34,disgust,96.35
2026-04-16T19:54:34,neutral,57.68
2026-04-16T19:54:36,angry,98.46
2026-04-16T19:54:38,fear,83.91
2026-04-16T19:54:39,happy,91.13
2026-04-16T19:54:39,fear,48.17
2026-04-16T19:54:39,happy,82.55
2026-04-16T19:54:40,fear,62.20
2026-04-16T19:54:40,happy,74.37
2026-04-16T19:54:40,fear,79.20
2026-04-16T19:54:40,happy,57.41
2026-04-16T19:54:40,fear,67.60
2026-04-16T19:54:40,neutral,73.77
2026-04-16T19:54:41,sad,41.27
2026-04-16T19:54:41,happy,91.43
2026-04-16T19:54:41,sad,79.13
2026-04-16T19:54:41,happy,67.59
2026-04-16T19:54:41,sad,83.77
2026-04-16T19:54:41,neutral,74.17
2026-04-16T19:54:41,sad,77.31
2026-04-16T19:54:41,neutral,85.62
2026-04-16T19:54:42,sad,81.93
2026-04-16T19:54:42,neutral,89.30
2026-04-16T19:54:42,sad,81.06
2026-04-16T19:54:42,neutral,63.86
2026-04-16T19:54:42,sad,42.25
2026-04-16T19:54:43,neutral,48.95
2026-04-16T19:54:43,sad,98.10
2026-04-16T19:54:44,sad,98.39
2026-04-16T19:54:44,neutral,90.07
2026-04-16T19:54:44,sad,93.76
2026-04-16T19:54:44,happy,81.98
2026-04-16T19:54:45,neutral,79.69
2026-04-16T19:54:45,fear,97.36
2026-04-16T19:54:45,sad,61.78
2026-04-16T19:54:45,neutral,71.06
2026-04-16T19:54:46,fear,55.94
2026-04-16T19:54:46,fear,99.06
2026-04-16T19:54:46,neutral,53.46
2026-04-16T19:54:46,fear,59.06
2026-04-16T19:54:46,happy,71.95
2026-04-16T19:54:46,neutral,57.40
2026-04-16T19:54:46,surprise,60.88
2026-04-16T19:54:47,sad,87.36
2026-04-16T19:54:47,fear,63.40
2026-04-16T19:54:47,sad,88.17
2026-04-16T19:54:47,neutral,53.97
2026-04-16T19:54:47,sad,35.53
2026-04-16T19:54:47,fear,43.61
2026-04-16T19:54:48,neutral,87.32
2026-04-16T19:54:48,fear,74.48
2026-04-16T19:54:48,neutral,59.98
2026-04-16T19:54:48,fear,52.60
2026-04-16T19:54:49,neutral,99.56
2026-04-16T19:54:49,sad,91.19
2026-04-16T19:54:49,neutral,61.77
2026-04-16T19:54:49,fear,81.23
2026-04-16T19:54:49,sad,99.67
2026-04-16T19:54:49,fear,59.49
2026-04-16T19:54:50,neutral,53.53
2026-04-16T19:54:51,sad,92.56
2026-04-16T19:54:51,neutral,52.87
2026-04-16T19:54:51,sad,78.00
2026-04-16T19:54:51,neutral,71.59
2026-04-16T19:54:51,sad,88.19
2026-04-16T19:54:53,fear,77.57
2026-04-16T19:54:53,sad,66.56
2026-04-16T19:54:53,neutral,91.62
2026-04-16T19:54:53,happy,88.83
2026-04-16T19:54:54,neutral,97.28
2026-04-16T19:54:54,happy,99.56
2026-04-16T19:54:54,neutral,53.09
2026-04-16T19:54:54,sad,92.61
2026-04-16T19:54:56,neutral,99.44
2026-04-16T19:54:56,sad,63.79
2026-04-16T19:54:56,neutral,82.13
2026-04-16T19:54:56,happy,92.05
2026-04-16T19:54:56,neutral,92.30
2026-04-16T19:54:56,neutral,53.30
2026-04-16T19:54:56,fear,96.83
2026-04-16T19:54:56,sad,99.15
2026-04-16T19:54:56,sad,96.45
2026-04-16T19:54:57,fear,91.11
2026-04-16T19:54:57,sad,97.31
2026-04-16T19:54:57,neutral,99.89
2026-04-16T19:54:57,fear,86.65
2026-04-16T19:54:57,neutral,59.73
2026-04-16T19:54:57,angry,36.04
2026-04-16T19:54:57,fear,87.24
2026-04-16T19:54:57,neutral,58.14
2026-04-16T19:54:57,sad,61.66
2026-04-16T19:54:57,sad,97.54
2026-04-16T19:54:57,fear,72.73
2026-04-16T19:54:57,sad,97.80
2026-04-16T19:54:57,fear,89.38
2026-04-16T19:54:57,fear,44.00
2026-04-16T19:54:57,neutral,49.72
2026-04-16T19:54:57,neutral,91.05
2026-04-16T19:54:57,fear,90.91
2026-04-16T19:54:58,neutral,49.83
2026-04-16T19:54:58,fear,83.43
2026-04-16T19:54:58,sad,95.11
2026-04-16T19:54:58,fear,67.80
2026-04-16T19:54:58,sad,82.39
2026-04-16T19:54:59,neutral,95.98
2026-04-16T19:54:59,sad,69.45
2026-04-16T19:54:59,happy,57.63
2026-04-16T19:54:59,sad,90.92
2026-04-16T19:54:59,happy,96.26
2026-04-16T19:54:59,sad,50.88
2026-04-16T19:54:59,happy,63.06
2026-04-16T19:55:00,sad,86.53
2026-04-16T19:55:00,happy,64.72
2026-04-16T19:55:01,sad,82.24
2026-04-16T19:55:01,happy,89.25
2026-04-16T19:55:01,fear,58.50
2026-04-16T19:55:02,angry,67.41
2026-04-16T19:55:03,neutral,99.86
2026-04-16T19:55:03,fear,69.85
2026-04-16T19:55:03,neutral,99.79
2026-04-16T19:55:03,fear,85.11
2026-04-16T19:55:04,neutral,99.97
2026-04-16T19:55:04,fear,86.53
2026-04-16T19:55:05,happy,84.85
2026-04-16T19:55:05,neutral,97.94
2026-04-16T19:55:08,happy,92.46
2026-04-16T19:55:08,neutral,99.24
2026-04-16T19:55:08,happy,88.84
2026-04-16T19:55:08,neutral,97.21
2026-04-16T19:55:08,happy,96.02
2026-04-16T19:55:08,neutral,98.81
2026-04-16T19:55:09,fear,76.04
2026-04-16T19:55:09,neutral,98.22
2026-04-16T19:55:09,happy,58.55
2026-04-16T19:55:09,neutral,99.30
2026-04-16T19:55:09,happy,54.65
2026-04-16T19:55:10,neutral,99.55
2026-04-16T19:55:10,fear,72.58
2026-04-16T19:55:10,happy,56.46
2026-04-16T19:55:10,neutral,97.55
2026-04-16T19:55:10,fear,73.19
2026-04-16T19:55:10,happy,80.69
2026-04-16T19:55:11,fear,73.72
2026-04-16T19:55:11,sad,52.66
2026-04-16T19:55:11,happy,47.45
2026-04-16T19:55:11,neutral,44.93
2026-04-16T19:55:11,happy,97.62
2026-04-16T19:55:11,sad,63.98
2026-04-16T19:55:11,happy,98.15
2026-04-16T19:55:14,fear,66.18
2026-04-16T19:55:14,happy,75.53
2026-04-16T19:55:14,sad,60.75
2026-04-16T19:55:14,fear,77.29
2026-04-16T19:55:15,sad,90.61
2026-04-16T19:55:15,happy,62.18
2026-04-16T19:55:15,fear,97.16
2026-04-16T19:55:15,sad,79.73
2026-04-16T19:55:15,happy,91.71
2026-04-16T19:55:15,sad,87.32
2026-04-16T19:55:15,fear,54.09
2026-04-16T19:55:15,sad,91.97
2026-04-16T19:55:15,fear,85.20
2026-04-16T19:55:16,fear,88.17
2026-04-16T19:55:16,neutral,98.16
2026-04-16T19:55:16,happy,95.50
2026-04-16T19:55:16,neutral,95.05
2026-04-16T19:55:16,happy,98.02
2026-04-16T19:55:17,neutral,87.84
2026-04-16T19:55:17,sad,37.41
2026-04-16T19:55:17,neutral,64.47
2026-04-16T19:55:17,happy,50.12
2026-04-16T19:55:18,sad,34.33
2026-04-16T19:55:18,happy,70.38
2026-04-16T19:55:18,neutral,63.86
2026-04-16T19:55:18,happy,61.27
2026-04-16T19:55:18,neutral,40.29
2026-04-16T19:55:18,happy,48.48
2026-04-16T19:55:18,neutral,60.69
2026-04-16T19:55:18,happy,56.67
2026-04-16T19:55:19,fear,44.11
2026-04-16T19:55:19,happy,76.35
2026-04-16T19:55:19,fear,93.71
2026-04-16T19:55:21,happy,95.11
2026-04-16T19:55:21,neutral,98.97
2026-04-16T19:55:21,happy,98.39
2026-04-16T19:55:22,neutral,99.85
2026-04-16T19:55:22,happy,97.38
2026-04-16T19:55:22,neutral,96.33
2026-04-16T19:55:22,happy,81.86
2026-04-16T19:55:22,fear,97.45
2026-04-16T19:55:23,happy,91.22
2026-04-16T19:55:23,fear,56.64
2026-04-16T19:55:24,sad,60.23
2026-04-16T19:55:24,happy,52.84
2026-04-16T19:55:25,sad,72.94
2026-04-16T19:55:25,fear,53.97
2026-04-16T19:55:26,sad,98.40
2026-04-16T19:55:26,happy,99.49
2026-04-16T19:55:27,happy,98.96
2026-04-16T19:55:27,sad,58.85
2026-04-16T19:55:27,happy,91.45
2026-04-16T19:55:29,sad,94.45
2026-04-16T19:55:29,happy,82.20
2026-04-16T19:55:29,neutral,61.51
2026-04-16T19:55:29,happy,85.11
2026-04-16T19:55:29,sad,82.51
2026-04-16T19:55:30,happy,91.87
2026-04-16T19:55:30,sad,97.14
2026-04-16T19:55:32,fear,65.25
2026-04-16T19:55:32,sad,67.16
2026-04-16T19:55:32,happy,86.05
2026-04-16T19:55:32,neutral,60.33
2026-04-16T19:55:32,fear,95.46
2026-04-16T19:55:33,sad,36.63
2026-04-16T19:55:33,fear,43.86
2026-04-16T19:55:33,sad,47.63
2026-04-16T19:55:33,fear,76.83
2026-04-16T19:55:33,sad,59.04
2026-04-16T19:55:33,happy,58.23
2026-04-16T19:55:34,angry,81.88
2026-04-16T19:55:34,neutral,99.90
2026-04-16T19:55:34,neutral,87.53
2026-04-16T19:55:34,fear,61.88
2026-04-16T19:55:34,neutral,65.31
2026-04-16T19:55:34,sad,60.93
2026-04-16T19:55:34,neutral,70.98
2026-04-16T19:55:34,sad,88.50
2026-04-16T19:55:35,neutral,53.60
2026-04-16T19:55:35,sad,77.64
2026-04-16T19:55:35,neutral,63.48
2026-04-16T19:55:35,sad,64.39
2026-04-16T19:55:35,neutral,65.86
2026-04-16T19:55:35,sad,59.24
2026-04-16T19:55:36,angry,49.94
2026-04-16T19:55:36,sad,41.13
2026-04-16T19:55:36,happy,81.82
2026-04-16T19:55:36,fear,98.26
2026-04-16T19:55:37,sad,53.29
2026-04-16T19:55:37,angry,79.79
2026-04-16T19:55:37,fear,58.03
2026-04-16T19:55:39,happy,81.83
2026-04-16T19:55:39,neutral,99.28
2026-04-16T19:55:39,happy,71.93
2026-04-16T19:55:39,neutral,99.43
2026-04-16T19:55:39,happy,99.83
2026-04-16T19:55:40,neutral,83.80
2026-04-16T19:55:40,sad,73.49
2026-04-16T19:55:40,angry,48.62
2026-04-16T19:55:40,sad,55.67
2026-04-16T19:55:40,angry,98.22
2026-04-16T19:55:40,neutral,93.60
2026-04-16T19:55:41,angry,98.98
2026-04-16T19:55:41,sad,53.46
2026-04-16T19:55:42,neutral,86.04
2026-04-16T19:55:42,fear,99.17
2026-04-16T19:55:43,neutral,43.52
2026-04-16T19:55:43,sad,35.60
2026-04-16T19:55:43,neutral,44.76
2026-04-16T19:55:43,angry,85.02
2026-04-16T19:55:43,fear,74.61
2026-04-16T19:55:43,sad,62.40
2026-04-16T19:55:44,fear,88.57
2026-04-16T19:55:44,angry,99.41
2026-04-16T19:55:44,fear,71.67
2026-04-16T19:55:44,angry,78.27
2026-04-16T19:55:46,neutral,88.58
2026-04-16T19:55:46,sad,80.46
2026-04-16T19:55:46,angry,91.37
2026-04-16T19:55:49,surprise,66.00
2026-04-16T19:55:49,sad,91.90
2026-04-16T19:55:49,neutral,98.37
2026-04-16T19:55:52,happy,79.85
2026-04-16T19:55:53,fear,69.01
2026-04-16T19:55:54,happy,40.40
2026-04-16T19:55:58,neutral,92.45
2026-04-16T19:55:58,angry,99.70
2026-04-16T19:55:58,happy,65.64
2026-04-16T19:55:58,fear,99.48
2026-04-16T19:55:58,fear,89.21
2026-04-16T19:55:59,neutral,99.65
2026-04-16T19:55:59,angry,62.29
2026-04-16T19:55:59,fear,76.66
2026-04-16T19:56:01,angry,46.36
2026-04-16T19:56:01,fear,81.54
2026-04-16T19:56:01,angry,48.96
2026-04-16T19:56:01,fear,79.79
2026-04-16T19:56:02,angry,55.45
2026-04-16T19:56:02,fear,90.82
2026-04-16T19:56:02,angry,50.45
2026-04-16T19:56:03,neutral,99.49
2026-04-16T19:56:03,fear,53.22
2026-04-16T19:56:03,neutral,94.71
2026-04-16T19:56:04,fear,79.85
2026-04-16T19:56:04,angry,66.04
2026-04-16T19:56:04,neutral,99.63
2026-04-16T19:56:05,fear,46.53
2026-04-16T19:56:05,neutral,77.53
2026-04-16T19:56:05,fear,98.92
2026-04-16T19:56:05,neutral,77.03
2026-04-16T19:56:05,fear,38.97
2026-04-16T19:56:05,neutral,60.79
2026-04-16T19:56:08,fear,74.41
2026-04-16T19:56:08,sad,72.24
2026-04-16T19:56:08,neutral,48.36
2026-04-16T19:56:09,fear,95.25
2026-04-16T19:56:09,neutral,53.98
2026-04-16T19:56:09,fear,95.30
2026-04-16T19:56:10,sad,99.86
2026-04-16T19:56:10,neutral,88.87
2026-04-16T19:56:11,sad,76.66
2026-04-16T19:56:11,neutral,82.58
2026-04-16T19:56:11,sad,66.71
2026-04-16T19:56:11,neutral,72.68
2026-04-16T19:56:11,fear,96.44
2026-04-16T19:56:11,neutral,63.80
2026-04-16T19:56:12,fear,56.00
2026-04-16T19:56:12,sad,90.90
2026-04-16T19:56:12,neutral,98.83
2026-04-16T19:56:14,fear,99.94
2026-04-16T19:56:14,neutral,99.89
2026-04-16T19:56:15,sad,61.06
2026-04-16T19:56:15,neutral,56.07
2026-04-16T19:56:15,sad,48.66
2026-04-16T19:56:15,neutral,99.49
2026-04-16T19:56:16,sad,99.86
2026-04-16T19:56:16,fear,74.20
2026-04-16T19:56:16,neutral,97.33
2026-04-16T19:56:17,fear,97.29
2026-04-16T19:56:20,fear,74.85
2026-04-16T19:56:21,angry,80.24
2026-04-16T19:56:22,neutral,98.92
2026-04-16T19:56:22,angry,99.05
2026-04-16T19:56:22,fear,69.51
2026-04-16T19:56:22,angry,68.01
2026-04-16T19:56:23,fear,85.49
2026-04-16T19:56:23,angry,51.40
2026-04-16T19:56:23,fear,99.36
2026-04-16T19:56:24,neutral,97.09
2026-04-16T19:56:24,fear,99.56
2026-04-16T19:56:25,sad,64.76
2026-04-16T19:56:25,fear,51.88
2026-04-16T19:56:25,neutral,93.14
2026-04-16T19:56:25,fear,79.94
2026-04-16T19:56:25,sad,90.36
2026-04-16T19:56:26,fear,93.34
2026-04-16T19:56:26,sad,53.94
2026-04-16T19:56:26,neutral,94.83
2026-04-16T19:56:26,fear,99.52
2026-04-16T19:56:27,sad,90.08
2026-04-16T19:56:27,angry,38.66
2026-04-16T19:56:27,fear,67.97
2026-04-16T19:56:27,sad,62.01
2026-04-16T19:56:27,angry,49.50
2026-04-16T19:56:27,sad,73.42
2026-04-16T19:56:28,angry,99.98
2026-04-16T19:56:29,fear,62.32
2026-04-16T19:56:29,fear,71.16
2026-04-16T19:56:29,sad,98.61
2026-04-16T19:56:29,fear,82.72
2026-04-16T19:56:29,surprise,54.04
2026-04-16T19:56:29,fear,65.71
2026-04-16T19:56:29,surprise,80.88
2026-04-16T19:56:30,fear,52.14
2026-04-16T19:56:30,surprise,47.42
2026-04-16T19:56:30,sad,45.03
2026-04-16T19:56:30,fear,62.08
2026-04-16T19:56:30,sad,50.25
2026-04-16T19:56:30,happy,98.90
2026-04-16T19:56:30,fear,57.62
2026-04-16T19:56:30,sad,98.58
2026-04-16T19:56:30,surprise,90.96
2026-04-16T19:56:31,sad,66.49
2026-04-16T19:56:31,fear,67.85
2026-04-16T19:56:31,sad,95.61
2026-04-16T19:56:31,surprise,59.93
2026-04-16T19:56:31,sad,99.70
2026-04-16T19:56:31,surprise,72.63
2026-04-16T19:56:31,sad,95.25
2026-04-16T19:56:31,sad,94.60
2026-04-16T19:56:32,fear,90.71
2026-04-16T19:56:32,fear,52.60
2026-04-16T19:56:32,sad,99.87
2026-04-16T19:56:32,surprise,50.82
2026-04-16T19:56:32,sad,88.01
2026-04-16T19:56:33,sad,87.49
2026-04-16T19:56:33,neutral,75.85
2026-04-16T19:56:33,sad,98.50
2026-04-16T19:56:33,neutral,48.26
2026-04-16T19:56:33,sad,97.39
2026-04-16T19:56:33,neutral,49.23
2026-04-16T19:56:33,sad,93.20
2026-04-16T19:56:35,neutral,99.89
2026-04-16T19:56:35,angry,49.48
2026-04-16T19:56:35,fear,82.71
2026-04-16T19:56:35,angry,57.24
2026-04-16T19:56:35,fear,54.93
2026-04-16T19:56:36,neutral,76.36
2026-04-16T19:56:36,fear,98.69
2026-04-16T19:56:36,neutral,40.03
2026-04-16T19:56:36,happy,99.15
2026-04-16T19:56:37,neutral,46.67
2026-04-16T19:56:37,happy,99.62
2026-04-16T19:56:37,fear,50.24
2026-04-16T19:56:37,fear,56.36
2026-04-16T19:56:37,angry,43.18
2026-04-16T19:56:37,happy,99.56
2026-04-16T19:56:37,fear,61.38
2026-04-16T19:56:38,happy,89.87
2026-04-16T19:56:38,fear,47.59
2026-04-16T19:56:38,happy,97.83
2026-04-16T19:56:38,fear,62.02
2026-04-16T19:56:38,fear,93.78
2026-04-16T19:56:39,happy,61.72
2026-04-16T19:56:39,fear,75.92
2026-04-16T19:56:39,happy,51.45
2026-04-16T19:56:39,fear,99.81
2026-04-16T19:56:40,neutral,98.52
2026-04-16T19:56:41,angry,54.43
2026-04-16T19:56:41,neutral,90.14
2026-04-16T19:56:42,sad,59.77
2026-04-16T19:56:43,angry,55.43
2026-04-16T19:56:43,fear,52.09
2026-04-16T19:56:44,angry,67.72
2026-04-16T19:56:44,neutral,86.47
2026-04-16T19:56:44,angry,47.96
2026-04-16T19:56:44,neutral,78.39
2026-04-16T19:56:44,angry,68.54
2026-04-16T19:56:46,fear,63.07
2026-04-16T19:56:47,sad,72.04
2026-04-16T19:56:48,fear,95.76
2026-04-16T19:56:48,sad,50.69
2026-04-16T19:56:48,fear,76.18
2026-04-16T19:56:49,fear,98.45
2026-04-16T19:56:49,sad,86.24
2026-04-16T19:56:49,fear,88.37
2026-04-16T19:56:49,sad,75.44
2026-04-16T19:56:49,fear,98.23
2026-04-16T19:56:49,sad,50.08
2026-04-16T19:56:50,fear,98.84
2026-04-16T19:56:50,sad,50.39
2026-04-16T19:56:50,fear,68.23
2026-04-16T19:56:50,sad,99.34
2026-04-16T19:56:50,fear,59.26
2026-04-16T19:56:50,sad,98.66
2026-04-16T19:56:51,fear,97.58
2026-04-16T19:56:51,sad,98.56
2026-04-16T19:56:51,fear,98.91
2026-04-16T19:56:51,sad,80.34
2026-04-16T19:56:51,fear,98.41
2026-04-16T19:56:52,angry,71.08
2026-04-16T19:56:52,sad,96.24
2026-04-16T19:56:52,fear,80.32
2026-04-16T19:56:52,surprise,88.71
2026-04-16T19:56:52,neutral,77.54
2026-04-16T19:56:53,sad,89.66
2026-04-16T19:56:53,neutral,98.83
2026-04-16T19:56:53,surprise,78.86
2026-04-16T19:56:54,neutral,45.74
2026-04-16T19:56:54,neutral,91.44
2026-04-16T19:56:54,fear,61.14
2026-04-16T19:56:54,neutral,88.80
2026-04-16T19:56:54,fear,63.54
2026-04-16T19:56:54,neutral,97.27
2026-04-16T19:56:55,fear,48.59
2026-04-16T19:56:55,neutral,56.24
2026-04-16T19:56:55,fear,71.00
2026-04-16T19:56:55,neutral,33.46
2026-04-16T19:56:56,happy,29.76
2026-04-16T19:56:56,fear,72.22
2026-04-16T19:56:56,neutral,46.79
2026-04-16T19:56:56,fear,48.13
2026-04-16T19:56:56,neutral,98.67
2026-04-16T19:56:56,fear,52.97
2026-04-16T19:56:56,neutral,30.59
2026-04-16T19:56:57,happy,34.86
2026-04-16T19:56:57,neutral,64.27
2026-04-16T19:56:57,fear,70.10
2026-04-16T19:56:58,neutral,88.55
2026-04-16T19:56:58,happy,52.10
2026-04-16T19:56:58,neutral,98.37
2026-04-16T19:56:58,fear,40.37
2026-04-16T19:56:59,neutral,96.93
2026-04-16T19:56:59,fear,39.02
2026-04-16T19:56:59,neutral,84.20
2026-04-16T19:56:59,fear,56.04
2026-04-16T19:56:59,neutral,41.07
2026-04-16T19:57:00,happy,70.74
2026-04-16T19:57:00,fear,76.60
2026-04-16T19:57:00,fear,97.86
2026-04-16T19:57:02,angry,55.81
2026-04-16T19:57:02,sad,72.77
2026-04-16T19:57:02,fear,98.76
2026-04-16T19:57:02,sad,60.24
2026-04-16T19:57:03,fear,57.34
2026-04-16T19:57:03,neutral,85.80
2026-04-16T19:57:03,sad,48.56
2026-04-16T19:57:03,fear,49.71
2026-04-16T19:57:03,sad,47.46
2026-04-16T19:57:03,angry,37.75
2026-04-16T19:57:03,sad,77.52
2026-04-16T19:57:03,fear,94.25
2026-04-16T19:57:04,sad,67.66
2026-04-16T19:57:04,fear,69.92
2026-04-16T19:57:04,sad,50.67
2026-04-16T19:57:04,neutral,83.15
2026-04-16T19:57:04,fear,45.44
2026-04-16T19:57:04,neutral,99.91
2026-04-16T19:57:04,fear,56.00
2026-04-16T19:57:05,neutral,89.56
2026-04-16T19:57:05,fear,50.44
2026-04-16T19:57:05,neutral,99.94
2026-04-16T19:57:05,happy,85.22
2026-04-16T19:57:06,neutral,58.23
2026-04-16T19:57:06,sad,86.85
2026-04-16T19:57:07,happy,99.78
2026-04-16T19:57:07,neutral,95.24
2026-04-16T19:57:08,angry,94.70
2026-04-16T19:57:08,neutral,35.78
2026-04-16T19:57:08,angry,44.52
2026-04-16T19:57:08,neutral,72.82
2026-04-16T19:57:09,happy,87.60
2026-04-16T19:57:09,neutral,95.49
2026-04-16T19:57:10,neutral,99.59
2026-04-16T19:57:10,happy,87.53
2026-04-16T19:57:10,neutral,72.55
2026-04-16T19:57:10,happy,94.23
2026-04-16T19:57:10,neutral,92.67
2026-04-16T19:57:10,happy,93.54
2026-04-16T19:57:10,neutral,59.04
2026-04-16T19:57:10,happy,97.18
2026-04-16T19:57:11,neutral,94.03
2026-04-16T19:57:11,happy,49.37
2026-04-16T19:57:11,sad,46.43
2026-04-16T19:57:11,neutral,72.15
2026-04-16T19:57:12,sad,54.37
2026-04-16T19:57:12,sad,79.29
2026-04-16T19:57:12,neutral,99.30
2026-04-16T19:57:13,sad,64.72
2026-04-16T19:57:13,neutral,81.08
2026-04-16T19:57:13,sad,88.62
2026-04-16T19:57:13,neutral,84.52
2026-04-16T19:57:13,sad,48.14
2026-04-16T19:57:14,neutral,57.46
2026-04-16T19:57:14,neutral,74.45
2026-04-16T19:57:14,sad,49.00
2026-04-16T19:57:14,neutral,99.17
2026-04-16T19:57:14,happy,99.98
2026-04-16T19:57:15,neutral,97.83
2026-04-16T19:57:16,happy,76.70
2026-04-16T19:57:16,neutral,98.73
2026-04-16T19:57:16,happy,99.86
2026-04-16T19:57:16,neutral,99.32
2026-04-16T19:57:17,happy,54.74
2026-04-16T19:57:17,neutral,99.29
2026-04-16T19:57:17,happy,96.39
2026-04-16T19:57:18,neutral,88.76
2026-04-16T19:57:18,sad,51.32
2026-04-16T19:57:19,neutral,60.30
2026-04-16T19:57:20,sad,88.77
2026-04-16T19:57:20,neutral,84.37
2026-04-16T19:57:20,sad,90.90
2026-04-16T19:57:20,sad,63.16
2026-04-16T19:57:21,neutral,94.11
2026-04-16T19:57:21,happy,98.97
2026-04-16T19:57:21,neutral,99.61
2026-04-16T19:57:22,sad,48.87
2026-04-16T19:57:22,angry,42.67
2026-04-16T19:57:23,neutral,73.87
2026-04-16T19:57:23,happy,99.90
2026-04-16T19:57:24,neutral,98.51
2026-04-16T19:57:24,sad,65.36
2026-04-16T19:57:24,happy,61.66
2026-04-16T19:57:24,sad,77.22
2026-04-16T19:57:24,neutral,90.13
2026-04-16T19:57:25,happy,54.12
2026-04-16T19:57:25,neutral,77.80
2026-04-16T19:57:25,fear,71.02
2026-04-16T19:57:25,angry,99.61
2026-04-16T19:57:25,fear,76.36
2026-04-16T19:57:26,neutral,99.54
2026-04-16T19:57:27,sad,69.03
2026-04-16T19:57:27,neutral,99.97
2026-04-16T19:57:27,sad,88.47
2026-04-16T19:57:27,happy,84.14
2026-04-16T19:57:27,sad,62.62
2026-04-16T19:57:27,happy,53.98
2026-04-16T19:57:27,sad,57.69
2026-04-16T19:57:28,neutral,50.63
2026-04-16T19:57:28,sad,67.07
2026-04-16T19:57:29,happy,68.58
2026-04-16T19:57:29,neutral,99.91
2026-04-16T19:57:30,happy,93.78
2026-04-16T19:57:30,neutral,99.94
2026-04-16T19:57:30,sad,51.30
2026-04-16T19:57:30,neutral,99.91
2026-04-16T19:57:30,happy,53.19
2026-04-16T19:57:31,neutral,99.85
2026-04-16T19:57:31,happy,92.28
2026-04-16T19:57:31,neutral,99.87
2026-04-16T19:57:31,sad,79.66
2026-04-16T19:57:31,neutral,99.89
2026-04-16T19:57:31,sad,49.64
2026-04-16T19:57:32,happy,49.64
2026-04-16T19:57:32,angry,47.02
2026-04-16T19:57:33,neutral,59.17
2026-04-16T19:57:33,happy,94.24
2026-04-16T19:57:34,neutral,99.90
2026-04-16T19:57:35,angry,96.36
2026-04-16T19:57:35,neutral,97.59
2026-04-16T19:57:35,surprise,73.13
2026-04-16T19:57:37,fear,54.87
2026-04-16T19:57:37,neutral,98.84
2026-04-16T19:57:37,fear,54.62
2026-04-16T19:57:37,neutral,93.90
2026-04-16T19:57:37,fear,62.64
2026-04-16T19:57:37,neutral,98.83
2026-04-16T19:57:37,fear,76.37
2026-04-16T19:57:37,neutral,93.90
2026-04-16T19:57:39,sad,60.72
2026-04-16T19:57:39,happy,88.87
2026-04-16T19:57:40,sad,48.66
2026-04-16T19:57:40,fear,53.04
2026-04-16T19:57:40,happy,90.93
2026-04-16T19:57:40,sad,45.35
2026-04-16T19:57:40,sad,78.40
2026-04-16T19:57:41,neutral,98.75
2026-04-16T19:57:41,sad,79.38
2026-04-16T19:57:41,neutral,96.20
2026-04-16T19:57:42,sad,72.13
2026-04-16T19:57:42,neutral,99.89
2026-04-16T19:57:42,sad,60.11
2026-04-16T19:57:42,neutral,81.98
2026-04-16T19:57:44,happy,62.14
2026-04-16T19:57:45,neutral,98.16
2026-04-16T19:57:45,fear,92.80
2026-04-16T19:57:45,happy,70.99
2026-04-16T19:57:45,neutral,73.93
2026-04-16T19:57:45,happy,76.85
2026-04-16T19:57:45,neutral,99.74
2026-04-16T19:57:46,happy,87.65
2026-04-16T19:57:46,fear,52.70
2026-04-16T19:57:46,happy,85.34
2026-04-16T19:57:46,fear,61.63
2026-04-16T19:57:46,happy,83.91
2026-04-16T19:57:47,fear,69.17
2026-04-16T19:57:47,sad,62.90
2026-04-16T19:57:47,neutral,99.73
2026-04-16T19:57:47,sad,56.15
2026-04-16T19:57:47,neutral,72.71
2026-04-16T19:57:48,sad,50.72
2026-04-16T19:57:48,happy,51.03
2026-04-16T19:57:48,sad,89.99
2026-04-16T19:57:49,neutral,96.25
2026-04-16T19:57:49,happy,99.99
2026-04-16T19:57:50,neutral,98.96
2026-04-16T19:57:50,happy,85.36
2026-04-16T19:57:50,angry,79.75
2026-04-16T19:57:50,happy,59.21
2026-04-16T19:57:50,angry,60.79
2026-04-16T19:57:50,happy,56.63
2026-04-16T19:57:50,fear,68.00
2026-04-16T19:57:52,neutral,99.98
2026-04-16T19:57:52,fear,77.00
2026-04-16T19:57:52,angry,49.33
2026-04-16T19:57:52,fear,82.21
2026-04-16T19:57:53,angry,64.16
2026-04-16T19:57:53,neutral,99.35
2026-04-16T19:57:53,sad,48.55
2026-04-16T19:57:53,happy,82.83
2026-04-16T19:57:53,fear,76.22
2026-04-16T19:57:53,sad,44.44
2026-04-16T19:57:53,fear,83.25
2026-04-16T19:57:53,happy,64.76
2026-04-16T19:57:53,neutral,90.06
2026-04-16T19:57:54,fear,92.10
2026-04-16T19:57:54,happy,88.74
2026-04-16T19:57:54,neutral,95.28
2026-04-16T19:57:54,fear,53.56
2026-04-16T19:57:54,neutral,99.53
2026-04-16T19:57:54,happy,88.77
2026-04-16T19:57:54,neutral,99.60
2026-04-16T19:57:55,fear,29.38
2026-04-16T19:57:55,neutral,99.58
2026-04-16T19:57:56,happy,45.05
2026-04-16T19:57:56,neutral,99.89
2026-04-16T19:57:57,neutral,86.53
2026-04-16T19:57:57,happy,89.54
2026-04-16T19:57:57,happy,87.09
2026-04-16T19:57:57,neutral,95.96
2026-04-16T19:57:57,happy,88.54
2026-04-16T19:57:58,neutral,98.49
2026-04-16T19:57:58,happy,71.10
2026-04-16T19:57:58,neutral,99.35
2026-04-16T19:57:58,happy,97.87
2026-04-16T19:57:58,neutral,99.84
2026-04-16T19:57:59,sad,55.89
2026-04-16T19:57:59,neutral,82.53
2026-04-16T19:58:00,sad,73.95
2026-04-16T19:58:01,neutral,53.99
2026-04-16T19:58:01,sad,79.99
2026-04-16T19:58:01,happy,66.07
2026-04-16T19:58:01,neutral,58.24
2026-04-16T19:58:01,sad,62.81
2026-04-16T19:58:02,neutral,99.76
2026-04-16T19:58:02,sad,35.58
2026-04-16T19:58:02,neutral,99.46
2026-04-16T19:58:02,sad,92.70
2026-04-16T19:58:02,neutral,99.87
2026-04-16T19:58:03,happy,47.44
2026-04-16T19:58:03,sad,86.10
2026-04-16T19:58:03,happy,94.30
2026-04-16T19:58:04,neutral,55.80
2026-04-16T19:58:04,happy,99.36
2026-04-16T19:58:05,neutral,96.37
2026-04-16T19:58:05,sad,94.62
2026-04-16T19:58:05,neutral,99.69
2026-04-16T19:58:05,sad,79.01
2026-04-16T19:58:05,happy,81.55
2026-04-16T19:58:06,neutral,98.73
2026-04-16T19:58:06,sad,79.88
2026-04-16T19:58:06,neutral,99.13
2026-04-16T19:58:06,happy,75.89
2026-04-16T19:58:07,sad,71.72
2026-04-16T19:58:07,neutral,99.11
2026-04-16T19:58:07,sad,95.58
2026-04-16T19:58:07,neutral,97.94
2026-04-16T19:58:07,sad,86.51
2026-04-16T19:58:07,neutral,97.80
2026-04-16T19:58:07,sad,97.53
2026-04-16T19:58:08,neutral,98.17
2026-04-16T19:58:09,sad,69.70
2026-04-16T19:58:10,neutral,93.71
2026-04-16T19:58:10,sad,63.75
2026-04-16T19:58:10,neutral,99.68
2026-04-16T19:58:10,happy,80.32
2026-04-16T19:58:10,neutral,99.37
2026-04-16T19:58:10,happy,91.89
2026-04-16T19:58:10,neutral,98.64
2026-04-16T19:58:11,disgust,46.39
2026-04-16T19:58:11,happy,66.76
2026-04-16T19:58:11,neutral,98.96
2026-04-16T19:58:12,fear,38.73
2026-04-16T19:58:12,sad,41.47
2026-04-16T19:58:12,neutral,99.17
2026-04-16T19:58:12,happy,69.08
2026-04-16T19:58:12,neutral,99.00
2026-04-16T19:58:13,happy,43.61
2026-04-16T19:58:14,happy,81.47
2026-04-16T19:58:14,neutral,99.79
2026-04-16T19:58:14,happy,84.59
2026-04-16T19:58:14,neutral,99.32
2026-04-16T19:58:15,happy,49.20
2026-04-16T19:58:15,neutral,99.31
2026-04-16T19:58:15,sad,54.06
2026-04-16T19:58:15,neutral,99.12
2026-04-16T19:58:16,disgust,77.05
2026-04-16T19:58:17,happy,88.04
2026-04-16T19:58:17,sad,67.35
2026-04-16T19:58:17,neutral,92.55
2026-04-16T19:58:17,happy,92.37
2026-04-16T19:58:18,neutral,96.69
2026-04-16T19:58:18,happy,79.04
2026-04-16T19:58:18,neutral,99.46
2026-04-16T19:58:18,happy,76.19
2026-04-16T19:58:18,sad,63.98
2026-04-16T19:58:18,neutral,96.87
2026-04-16T19:58:19,happy,91.03
2026-04-16T19:58:19,neutral,95.30
2026-04-16T19:58:20,happy,92.95
2026-04-16T19:58:20,disgust,93.60
2026-04-16T19:58:20,happy,43.92
2026-04-16T19:58:20,neutral,99.39
2026-04-16T19:58:21,happy,88.87
2026-04-16T19:58:21,neutral,99.48
2026-04-16T19:58:21,happy,70.77
2026-04-16T19:58:21,neutral,89.94
2026-04-16T19:58:21,sad,73.14
2026-04-16T19:58:22,sad,48.32
2026-04-16T19:58:22,happy,94.92
2026-04-16T19:58:22,neutral,43.98
2026-04-16T19:58:22,sad,67.74
2026-04-16T19:58:22,sad,60.80
2026-04-16T19:58:22,happy,92.67
2026-04-16T19:58:23,neutral,69.76
2026-04-16T19:58:23,sad,69.08
2026-04-16T19:58:24,neutral,56.78
2026-04-16T19:58:25,sad,84.63
2026-04-16T19:58:25,happy,98.11
2026-04-16T19:58:25,sad,52.84
2026-04-16T19:58:25,neutral,90.18
2026-04-16T19:58:26,sad,55.71
2026-04-16T19:58:26,neutral,76.01
2026-04-16T19:58:26,sad,54.93
2026-04-16T19:58:26,neutral,58.72
2026-04-16T19:58:26,sad,73.96
2026-04-16T19:58:26,happy,50.73
2026-04-16T19:58:27,fear,86.18
2026-04-16T19:58:28,sad,52.10
2026-04-16T19:58:28,happy,77.36
2026-04-16T19:58:28,sad,59.91
2026-04-16T19:58:28,happy,65.50
2026-04-16T19:58:29,fear,88.60
2026-04-16T19:58:29,sad,55.44
2026-04-16T19:58:29,fear,71.56
2026-04-16T19:58:29,happy,57.32
2026-04-16T19:58:29,sad,60.45
2026-04-16T19:58:30,happy,50.38
2026-04-16T19:58:30,neutral,99.41
2026-04-16T19:58:30,fear,79.97
2026-04-16T19:58:31,neutral,59.00
2026-04-16T19:58:31,sad,35.99
2026-04-16T19:58:31,fear,49.22
2026-04-16T19:58:31,neutral,73.01
2026-04-16T19:58:31,happy,94.03
2026-04-16T19:58:31,neutral,47.17
2026-04-16T19:58:32,happy,99.48
2026-04-16T19:58:32,neutral,94.92
2026-04-16T19:58:34,fear,66.53
2026-04-16T19:58:35,happy,97.62
2026-04-16T19:58:35,fear,65.50
2026-04-16T19:58:35,happy,99.88
2026-04-16T19:58:35,fear,90.40
2026-04-16T19:58:35,neutral,53.73
2026-04-16T19:58:35,fear,98.36
2026-04-16T19:58:37,sad,69.31
2026-04-16T19:58:37,neutral,57.58
2026-04-16T19:58:37,fear,64.17
2026-04-16T19:58:37,sad,53.64
2026-04-16T19:58:38,fear,84.61
2026-04-16T19:58:38,neutral,54.55
2026-04-16T19:58:38,fear,92.85
2026-04-16T19:58:38,neutral,56.85
2026-04-16T19:58:39,fear,86.62
2026-04-16T19:58:39,neutral,83.67
2026-04-16T19:58:39,fear,73.50
2026-04-16T19:58:39,fear,65.40
2026-04-16T19:58:40,sad,74.30
2026-04-16T19:58:40,neutral,60.24
2026-04-16T19:58:40,fear,63.80
2026-04-16T19:58:41,neutral,73.53
2026-04-16T19:58:41,fear,73.38
2026-04-16T19:58:41,neutral,71.58
2026-04-16T19:58:41,fear,55.93
2026-04-16T19:58:42,neutral,46.47
2026-04-16T19:58:42,fear,80.59
2026-04-16T19:58:43,neutral,87.20
2026-04-16T19:58:47,happy,98.26
2026-04-16T19:58:49,fear,57.50
2026-04-16T19:58:49,neutral,95.69
2026-04-16T19:58:49,happy,99.58
2026-04-16T19:58:49,sad,48.24
2026-04-16T19:58:49,neutral,84.26
2026-04-16T19:58:50,sad,59.82
2026-04-16T19:58:50,happy,90.77
2026-04-16T19:58:50,sad,48.75
2026-04-16T19:58:50,happy,62.41
2026-04-16T19:58:50,sad,93.16
2026-04-16T19:58:50,neutral,76.17
2026-04-16T19:58:50,sad,81.03
2026-04-16T19:58:50,neutral,81.02
2026-04-16T19:58:51,fear,66.02
2026-04-16T19:58:51,angry,72.95
2026-04-16T19:58:51,neutral,90.02
2026-04-16T19:58:51,sad,51.12
2026-04-16T19:58:51,fear,99.61
2026-04-16T19:58:51,happy,55.36
2026-04-16T19:58:51,sad,78.55
2026-04-16T19:58:51,angry,49.41
2026-04-16T19:58:53,happy,64.42
2026-04-16T19:58:53,sad,81.22
2026-04-16T19:58:53,happy,79.64
2026-04-16T19:58:53,sad,71.01
2026-04-16T19:58:53,happy,45.49
2026-04-16T19:58:53,sad,78.77
2026-04-16T19:58:54,happy,61.59
2026-04-16T19:58:54,sad,50.95
2026-04-16T19:58:54,happy,78.91
2026-04-16T19:58:54,sad,96.97
2026-04-16T19:58:54,neutral,60.08
2026-04-16T19:58:55,fear,68.92
2026-04-16T19:58:55,neutral,66.28
2026-04-16T19:58:55,fear,67.64
2026-04-16T19:58:55,neutral,71.99
2026-04-16T19:58:56,happy,64.89
2026-04-16T19:58:56,sad,76.80
2026-04-16T19:58:56,neutral,98.37
2026-04-16T19:58:56,sad,99.83
2026-04-16T19:58:56,neutral,93.69
2026-04-16T19:58:57,sad,98.40
2026-04-16T19:58:57,neutral,92.95
2026-04-16T19:58:57,sad,99.77
2026-04-16T19:58:57,neutral,88.73
2026-04-16T19:58:58,fear,74.91
2026-04-16T19:58:58,neutral,94.65
2026-04-16T19:58:59,fear,44.57
2026-04-16T19:58:59,neutral,93.57
2026-04-16T19:58:59,neutral,48.78
2026-04-16T19:59:00,fear,64.53
2026-04-16T19:59:00,sad,90.51
2026-04-16T19:59:01,neutral,99.73
2026-04-16T19:59:03,sad,64.28
2026-04-16T19:59:03,neutral,91.80
2026-04-16T19:59:05,sad,52.04
2026-04-16T19:59:05,happy,53.75
2026-04-16T19:59:07,neutral,99.05
2026-04-16T19:59:09,fear,67.07
2026-04-16T19:59:09,neutral,92.88
2026-04-16T19:59:12,happy,75.66
2026-04-16T19:59:12,neutral,95.10
2026-04-16T19:59:13,happy,70.76
2026-04-16T19:59:13,neutral,98.90
2026-04-16T19:59:18,fear,47.67
2026-04-16T19:59:18,neutral,52.43
2026-04-16T19:59:21,fear,83.55
2026-04-16T19:59:21,sad,45.94
2026-04-16T19:59:21,neutral,98.82
2026-04-16T19:59:22,sad,56.85
2026-04-16T19:59:22,fear,94.96
2026-04-16T19:59:26,neutral,59.88
2026-04-16T19:59:26,fear,90.65
2026-04-16T19:59:27,neutral,73.74
2026-04-16T19:59:28,fear,93.51
2026-04-16T19:59:30,happy,99.53
2026-04-16T19:59:32,neutral,81.86
2026-04-16T19:59:32,happy,99.99
2026-04-16T19:59:33,neutral,90.34
2026-04-16T19:59:33,happy,99.94
2026-04-16T19:59:33,neutral,96.72
2026-04-16T19:59:33,happy,99.69
2026-04-16T19:59:33,neutral,98.48
2026-04-16T19:59:33,happy,99.55
2026-04-16T19:59:34,neutral,77.57
2026-04-16T19:59:34,happy,99.70
2026-04-16T19:59:34,neutral,84.88
2026-04-16T19:59:34,happy,99.34
2026-04-16T19:59:34,neutral,99.89
2026-04-16T19:59:35,happy,99.90
2026-04-16T19:59:35,neutral,99.61
2026-04-16T19:59:36,fear,78.25
2026-04-16T19:59:36,neutral,70.35
2026-04-16T19:59:37,fear,60.71
2026-04-16T19:59:37,neutral,82.75
2026-04-16T19:59:37,fear,42.94
2026-04-16T19:59:37,neutral,56.37
2026-04-16T19:59:37,happy,55.23
2026-04-16T19:59:37,sad,96.04
2026-04-16T19:59:37,neutral,94.35
2026-04-16T19:59:38,happy,71.18
2026-04-16T19:59:38,neutral,94.75
2026-04-16T19:59:39,sad,66.38
2026-04-16T19:59:39,fear,99.66
2026-04-16T19:59:47,fear,51.23
2026-04-16T19:59:47,neutral,85.46
2026-04-16T19:59:47,happy,100.00
2026-04-16T19:59:49,neutral,98.39
2026-04-16T19:59:49,fear,59.90
2026-04-16T19:59:49,neutral,76.14
2026-04-16T19:59:53,fear,79.84
2026-04-16T19:59:53,neutral,92.41
2026-04-16T19:59:53,fear,77.29
2026-04-16T19:59:53,neutral,50.39
2026-04-16T19:59:54,happy,98.52
2026-04-16T19:59:54,sad,40.60
2026-04-16T19:59:54,neutral,39.85
2026-04-16T19:59:54,fear,64.44
2026-04-16T19:59:54,angry,100.00
2026-04-16T19:59:54,sad,64.25
2026-04-16T19:59:57,neutral,77.55
2026-04-16T19:59:57,angry,100.00
2026-04-16T19:59:57,fear,77.94
2026-04-16T19:59:57,angry,99.99
2026-04-16T19:59:57,neutral,95.73
2026-04-16T19:59:57,angry,99.92
2026-04-16T19:59:57,neutral,68.46
2026-04-16T19:59:57,angry,99.86
2026-04-16T19:59:57,neutral,50.13
2026-04-16T19:59:58,angry,99.94
2026-04-16T19:59:58,neutral,59.29
2026-04-16T19:59:58,fear,56.53
2026-04-16T19:59:58,angry,99.83
2026-04-16T19:59:59,fear,46.54
2026-04-16T19:59:59,angry,99.94
2026-04-16T19:59:59,neutral,88.98
2026-04-16T19:59:59,angry,99.91
2026-04-16T20:00:00,fear,62.24
2026-04-16T20:00:00,angry,99.93
2026-04-16T20:00:02,fear,74.67
2026-04-16T20:00:03,happy,43.48
2026-04-16T20:00:04,fear,60.47
2026-04-16T20:00:04,happy,74.60
2026-04-16T20:00:04,fear,51.55
2026-04-16T20:00:04,happy,54.38
2026-04-16T20:00:04,neutral,62.51
2026-04-16T20:00:06,sad,88.35
2026-04-16T20:00:06,happy,99.97
2026-04-16T20:00:06,fear,56.56
2026-04-16T20:00:06,sad,61.68
2026-04-16T20:00:06,happy,96.59
2026-04-16T20:00:07,neutral,61.16
2026-04-16T20:00:07,happy,91.14
2026-04-16T20:00:08,fear,48.10
2026-04-16T20:00:08,neutral,97.94
2026-04-16T20:00:08,sad,79.17
2026-04-16T20:00:08,sad,88.42
2026-04-16T20:00:08,happy,66.16
2026-04-16T20:00:09,sad,87.92
2026-04-16T20:00:09,neutral,96.77
2026-04-16T20:00:09,happy,61.55
2026-04-16T20:00:09,neutral,96.51
2026-04-16T20:00:10,happy,46.65
2026-04-16T20:00:11,sad,80.58
2026-04-16T20:00:11,happy,80.04
2026-04-16T20:00:11,neutral,37.21
2026-04-16T20:00:11,happy,55.76
2026-04-16T20:00:11,fear,98.86
2026-04-16T20:00:12,neutral,46.93
2026-04-16T20:00:13,neutral,51.43
2026-04-16T20:00:14,fear,61.88
2026-04-16T20:00:14,neutral,80.14
2026-04-16T20:00:15,fear,90.16
2026-04-16T20:00:15,neutral,43.50
2026-04-16T20:00:15,fear,56.37
2026-04-16T20:00:15,neutral,49.11
2026-04-16T20:00:16,happy,99.98
2026-04-16T20:00:16,neutral,70.36
2026-04-16T20:00:16,happy,44.92
2026-04-16T20:00:17,neutral,96.53
2026-04-16T20:00:21,sad,74.61
2026-04-16T20:00:21,happy,55.80
2026-04-16T20:00:21,neutral,89.35
2026-04-16T20:00:21,happy,86.71
2026-04-16T20:00:21,neutral,83.75
2026-04-16T20:00:24,neutral,62.57
2026-04-16T20:00:26,fear,79.76
2026-04-16T20:00:26,neutral,96.81
2026-04-16T20:00:28,fear,45.26
2026-04-16T20:00:28,neutral,98.97
2026-04-16T20:00:30,fear,68.20
2026-04-16T20:00:30,happy,99.86
2026-04-16T20:00:31,neutral,99.23
2026-04-16T20:00:31,happy,99.92
2026-04-16T20:00:32,neutral,98.06
2026-04-16T20:00:35,fear,38.98
2026-04-16T20:00:35,neutral,96.53
2026-04-16T20:00:38,sad,59.40
2026-04-16T20:00:39,fear,79.30
2026-04-16T20:00:39,neutral,99.93
2026-04-16T20:00:40,fear,90.41
2026-04-16T20:00:41,neutral,94.48
2026-04-16T20:00:42,neutral,86.14
2026-04-16T20:00:42,sad,67.67
2026-04-16T20:00:44,fear,82.99
2026-04-16T20:00:46,sad,82.64
2026-04-16T20:00:46,fear,42.35
2026-04-16T20:00:46,fear,79.74
2026-04-16T20:00:46,neutral,98.89
2026-04-16T20:00:47,happy,99.97
2026-04-16T20:00:47,neutral,97.27
2026-04-16T20:00:47,happy,99.91
2026-04-16T20:00:47,neutral,99.46
2026-04-16T20:00:49,happy,97.67
2026-04-16T20:00:50,neutral,98.79
2026-04-16T20:00:50,sad,83.87
2026-04-16T20:00:50,sad,37.14
2026-04-16T20:00:51,neutral,87.17
2026-04-16T20:00:51,fear,68.56
2026-04-16T20:00:51,neutral,61.40
2026-04-16T20:00:51,happy,88.12
2026-04-16T20:00:51,neutral,83.11
2026-04-16T20:00:52,happy,73.09
2026-04-16T20:00:52,neutral,99.64
2026-04-16T20:00:52,happy,98.17
2026-04-16T20:00:52,neutral,93.38
2026-04-16T20:00:52,happy,66.01
2026-04-16T20:00:52,surprise,35.31
2026-04-16T20:00:53,happy,97.76
2026-04-16T20:00:53,fear,80.42
2026-04-16T20:00:53,happy,97.67
2026-04-16T20:00:53,neutral,99.88
2026-04-16T20:00:56,sad,38.27
2026-04-16T20:00:56,neutral,96.92
2026-04-16T20:00:56,neutral,52.66
2026-04-16T20:00:56,sad,99.18
2026-04-16T20:00:57,fear,71.64
2026-04-16T20:00:57,neutral,50.06
2026-04-16T20:00:57,fear,56.19
2026-04-16T20:00:57,neutral,90.00
2026-04-16T20:00:57,happy,99.98
2026-04-16T20:00:57,neutral,89.89
2026-04-16T20:00:58,happy,99.97
2026-04-16T20:00:58,fear,51.29
2026-04-16T20:00:58,happy,99.98
2026-04-16T20:00:58,neutral,97.34
2026-04-16T20:01:00,happy,100.00
2026-04-16T20:01:00,neutral,99.38
2026-04-16T20:01:01,fear,79.38
2026-04-16T20:01:01,neutral,57.04
2026-04-16T20:01:02,fear,65.81
2026-04-16T20:01:02,neutral,47.34
2026-04-16T20:01:04,neutral,88.45
2026-04-16T20:01:05,happy,99.83
2026-04-16T20:01:05,neutral,95.28
2026-04-16T20:01:05,happy,99.81
2026-04-16T20:01:05,neutral,98.26
2026-04-16T20:01:08,sad,99.48
2026-04-16T20:01:08,fear,74.39
2026-04-16T20:01:08,neutral,69.83
2026-04-16T20:01:09,fear,59.60
2026-04-16T20:01:09,happy,61.30
2026-04-16T20:01:09,neutral,86.19
2026-04-16T20:01:09,happy,61.04
2026-04-16T20:01:10,sad,33.71
2026-04-16T20:01:10,happy,81.74
2026-04-16T20:01:10,neutral,98.98
2026-04-16T20:01:11,happy,99.77
2026-04-16T20:01:11,neutral,99.15
2026-04-16T20:01:11,happy,98.68
2026-04-16T20:01:11,neutral,90.94
2026-04-16T20:01:11,happy,98.29
2026-04-16T20:01:11,neutral,80.49
2026-04-16T20:01:12,happy,97.35
2026-04-16T20:01:12,neutral,97.56
2026-04-16T20:01:13,happy,93.22
2026-04-16T20:01:13,neutral,99.85
2026-04-16T20:01:13,fear,90.28
2026-04-16T20:01:13,neutral,44.01
2026-04-16T20:01:14,happy,97.76
2026-04-16T20:01:14,neutral,98.18
2026-04-16T20:01:14,happy,99.02
2026-04-16T20:01:14,neutral,94.72
2026-04-16T20:01:14,fear,87.36
2026-04-16T20:01:14,happy,98.31
2026-04-16T20:01:14,neutral,79.37
2026-04-16T20:01:15,neutral,99.46
2026-04-16T20:01:15,happy,99.35
2026-04-16T20:01:15,neutral,93.33
2026-04-16T20:01:17,sad,98.67
2026-04-16T20:01:19,happy,97.01
2026-04-16T20:01:19,neutral,99.36
2026-04-16T20:01:22,happy,98.17
2026-04-16T20:01:22,neutral,85.06
2026-04-16T20:01:23,happy,87.71
2026-04-16T20:01:23,neutral,96.45
2026-04-16T20:01:23,fear,47.32
2026-04-16T20:01:23,neutral,94.73
2026-04-16T20:01:23,happy,87.58
2026-04-16T20:01:23,neutral,96.15
2026-04-16T20:01:24,happy,93.76
2026-04-16T20:01:24,neutral,99.67
2026-04-16T20:01:25,happy,99.76
2026-04-16T20:01:26,neutral,95.28
2026-04-16T20:01:26,happy,99.80
2026-04-16T20:01:26,neutral,99.62
2026-04-16T20:01:26,happy,72.24
2026-04-16T20:01:27,fear,73.62
2026-04-16T20:01:27,sad,43.74
2026-04-16T20:01:27,fear,95.48
2026-04-16T20:01:27,neutral,42.84
2026-04-16T20:01:27,fear,87.63
2026-04-16T20:01:27,neutral,53.64
2026-04-16T20:01:28,fear,92.07
2026-04-16T20:01:28,neutral,86.12
2026-04-16T20:01:28,fear,67.00
2026-04-16T20:01:28,neutral,90.77
2026-04-16T20:01:28,fear,87.79
2026-04-16T20:01:28,neutral,99.79
2026-04-16T20:01:31,neutral,81.52
2026-04-16T20:01:31,sad,86.80
2026-04-16T20:01:32,happy,99.73
2026-04-16T20:01:32,neutral,98.05
2026-04-16T20:01:36,happy,99.42
2026-04-16T20:01:36,neutral,99.13
2026-04-16T20:01:37,happy,90.97
2026-04-16T20:01:37,sad,76.26
2026-04-16T20:01:37,happy,53.77
2026-04-16T20:01:37,fear,70.33
2026-04-16T20:01:37,happy,60.52
2026-04-16T20:01:38,fear,66.48
2026-04-16T20:01:38,angry,56.95
2026-04-16T20:01:38,fear,84.75
2026-04-16T20:01:39,angry,45.65
2026-04-16T20:01:39,fear,57.91
2026-04-16T20:01:39,sad,61.40
2026-04-16T20:01:40,fear,86.51
2026-04-16T20:01:40,sad,97.81
2026-04-16T20:01:40,neutral,90.17
2026-04-16T20:01:41,angry,40.42
2026-04-16T20:01:41,neutral,39.55
2026-04-16T20:01:41,sad,73.09
2026-04-16T20:01:41,fear,43.98
2026-04-16T20:01:42,sad,67.29
2026-04-16T20:01:42,fear,53.71
2026-04-16T20:01:42,neutral,94.95
2026-04-16T20:01:42,angry,91.24
2026-04-16T20:01:43,fear,76.35
2026-04-16T20:01:43,angry,58.20
2026-04-16T20:01:44,angry,76.03
2026-04-16T20:01:44,fear,89.43
2026-04-16T20:01:44,neutral,98.83
2026-04-16T20:01:44,fear,64.31
2026-04-16T20:01:45,happy,64.78
2026-04-16T20:01:46,sad,75.48
2026-04-16T20:01:46,happy,96.01
2026-04-16T20:01:47,sad,52.19
2026-04-16T20:01:47,happy,60.52
2026-04-16T20:01:47,sad,97.09
2026-04-16T20:01:47,happy,69.36
2026-04-16T20:01:47,sad,92.39
2026-04-16T20:01:47,sad,86.01
2026-04-16T20:01:48,angry,65.23
2026-04-16T20:01:48,sad,55.95
2026-04-16T20:01:50,happy,95.62
2026-04-16T20:01:50,angry,76.81
2026-04-16T20:01:50,sad,66.97
2026-04-16T20:01:50,neutral,99.36
2026-04-16T20:01:51,sad,90.14
2026-04-16T20:01:51,neutral,75.54
2026-04-16T20:01:51,sad,98.42
2026-04-16T20:01:52,neutral,90.66
2026-04-16T20:01:52,sad,73.37
2026-04-16T20:01:52,neutral,74.38
2026-04-16T20:01:53,sad,79.30
2026-04-16T20:01:53,neutral,81.24
2026-04-16T20:01:54,sad,99.47
2026-04-16T20:01:54,sad,88.66
2026-04-16T20:01:54,fear,99.67
2026-04-16T20:01:55,sad,91.58
2026-04-16T20:01:56,neutral,58.42
2026-04-16T20:01:56,sad,54.62
2026-04-16T20:02:00,angry,98.04
2026-04-16T20:02:00,sad,88.03
2026-04-16T20:02:04,neutral,98.73
2026-04-16T20:02:06,sad,56.54
2026-04-16T20:02:06,neutral,99.26
2026-04-16T20:02:07,sad,94.78
2026-04-16T20:02:07,neutral,97.75
2026-04-16T20:02:07,sad,98.15
2026-04-16T20:02:07,neutral,83.67
2026-04-16T20:02:07,sad,57.37
2026-04-16T20:02:08,neutral,96.62
2026-04-16T20:02:08,sad,98.55
2026-04-16T20:02:08,neutral,96.75
2026-04-16T20:02:09,sad,83.75
2026-04-16T20:02:09,fear,91.17
2026-04-16T20:02:09,neutral,96.74
2026-04-16T20:02:09,fear,84.16
2026-04-16T20:02:09,sad,60.85
2026-04-16T20:02:11,fear,89.60
2026-04-16T20:02:12,surprise,93.30
2026-04-16T20:02:12,fear,44.41
2026-04-16T20:02:12,surprise,54.49
2026-04-16T20:02:12,angry,52.37
2026-04-16T20:02:13,surprise,73.10
2026-04-16T20:02:17,fear,99.96
2026-04-16T20:02:17,happy,97.30
2026-04-16T20:02:18,fear,48.34
2026-04-16T20:02:18,surprise,60.31
2026-04-16T20:02:20,fear,52.48
2026-04-16T20:02:20,surprise,59.98
2026-04-16T20:02:20,fear,54.18
2026-04-16T20:02:20,surprise,49.25
2026-04-16T20:02:20,fear,74.55
2026-04-16T20:02:20,surprise,53.05
2026-04-16T20:02:20,fear,53.06
2026-04-16T20:02:20,surprise,50.00
2026-04-16T20:02:20,fear,64.91
2026-04-16T20:02:21,surprise,59.49
2026-04-16T20:02:22,fear,56.42
2026-04-16T20:02:22,surprise,52.43
2026-04-16T20:02:22,fear,58.91
2026-04-16T20:02:23,surprise,49.75
2026-04-16T20:02:23,fear,64.90
2026-04-16T20:02:23,surprise,84.80
2026-04-16T20:02:23,fear,46.81
2026-04-16T20:02:23,surprise,76.96
2026-04-16T20:02:23,fear,67.91
2026-04-16T20:02:24,surprise,71.72
2026-04-16T20:02:24,fear,55.52
2026-04-16T20:02:24,surprise,80.39
2026-04-16T20:02:25,fear,71.03
2026-04-16T20:02:25,surprise,57.47
2026-04-16T20:02:26,fear,54.93
2026-04-16T20:02:26,surprise,72.39
2026-04-16T20:02:26,fear,50.84
2026-04-16T20:02:26,surprise,81.07
2026-04-16T20:02:26,fear,49.79
2026-04-16T20:02:26,surprise,79.59
2026-04-16T20:02:27,fear,54.63
2026-04-16T20:02:27,surprise,75.95
2026-04-16T20:02:27,fear,60.16
2026-04-16T20:02:27,angry,94.93
2026-04-16T20:02:28,sad,59.01
2026-04-16T20:02:28,happy,88.13
2026-04-16T20:02:28,sad,67.31
2026-04-16T20:02:29,neutral,74.69
2026-04-16T20:02:29,fear,91.37
2026-04-16T20:02:29,sad,63.37
2026-04-16T20:02:30,happy,94.30
2026-04-16T20:02:30,neutral,94.12
2026-04-16T20:02:31,angry,53.92
2026-04-16T20:02:31,happy,89.67
2026-04-16T20:02:32,neutral,97.97
2026-04-16T20:02:32,happy,99.90
2026-04-16T20:02:32,neutral,99.56
2026-04-16T20:02:32,happy,99.87
2026-04-16T20:02:33,neutral,99.68
2026-04-16T20:02:35,sad,86.20
2026-04-16T20:02:37,happy,100.00
2026-04-16T20:02:38,neutral,83.34
2026-04-16T20:02:39,neutral,79.21
2026-04-16T20:02:39,happy,93.31
2026-04-16T20:02:40,neutral,89.64
2026-04-16T20:02:40,sad,56.44
2026-04-16T20:02:40,neutral,97.68
2026-04-16T20:02:40,happy,34.79
2026-04-16T20:02:40,sad,80.82
2026-04-16T20:02:41,neutral,95.37
2026-04-16T20:02:41,happy,99.78
2026-04-16T20:02:41,neutral,99.76
2026-04-16T20:02:41,angry,80.79
2026-04-16T20:02:41,fear,47.58
2026-04-16T20:02:41,neutral,99.23
2026-04-16T20:02:42,happy,92.91
2026-04-16T20:02:43,fear,78.51
2026-04-16T20:02:43,angry,63.50
2026-04-16T20:02:43,fear,89.77
2026-04-16T20:02:43,surprise,57.41
2026-04-16T20:02:44,fear,95.92
2026-04-16T20:02:44,happy,68.82
2026-04-16T20:02:44,fear,52.12
2026-04-16T20:02:44,happy,54.77
2026-04-16T20:02:44,fear,97.75
2026-04-16T20:02:45,happy,43.17
2026-04-16T20:02:45,fear,92.52
2026-04-16T20:02:46,angry,52.49
2026-04-16T20:02:46,surprise,75.34
2026-04-16T20:02:46,happy,92.94
2026-04-16T20:02:47,surprise,88.84
2026-04-16T20:02:47,fear,68.08
2026-04-16T20:02:47,surprise,61.16
2026-04-16T20:02:47,fear,63.29
2026-04-16T20:02:48,angry,66.37
2026-04-16T20:02:48,fear,60.83
2026-04-16T20:02:48,surprise,51.20
2026-04-16T20:02:48,fear,58.19
2026-04-16T20:02:49,surprise,49.87
2026-04-16T20:02:49,happy,86.41
2026-04-16T20:02:51,angry,56.38
2026-04-16T20:02:51,happy,91.63
2026-04-16T20:02:51,angry,61.85
2026-04-16T20:02:51,happy,90.59
2026-04-16T20:02:52,neutral,82.97
2026-04-16T20:02:52,happy,87.31
2026-04-16T20:02:54,neutral,77.30
2026-04-16T20:02:54,happy,99.53
2026-04-16T20:02:55,neutral,99.51
2026-04-16T20:02:56,sad,98.21
2026-04-16T20:02:56,neutral,61.71
2026-04-16T20:02:57,fear,56.24
2026-04-16T20:02:57,neutral,90.81
2026-04-16T20:02:57,fear,54.11
2026-04-16T20:02:58,neutral,47.68
2026-04-16T20:02:58,fear,62.81
2026-04-16T20:02:58,angry,65.84
2026-04-16T20:02:58,fear,63.04
2026-04-16T20:02:59,sad,41.69
2026-04-16T20:02:59,angry,57.22
2026-04-16T20:02:59,sad,49.08
2026-04-16T20:02:59,happy,81.24
2026-04-16T20:02:59,sad,74.04
2026-04-16T20:02:59,happy,99.78
2026-04-16T20:02:59,fear,64.50
2026-04-16T20:03:00,angry,95.38
2026-04-16T20:03:00,fear,99.85
2026-04-16T20:03:00,happy,48.98
2026-04-16T20:03:00,fear,97.66
2026-04-16T20:03:01,happy,93.05
2026-04-16T20:03:01,fear,92.72
2026-04-16T20:03:01,angry,62.65
2026-04-16T20:03:01,happy,89.45
2026-04-16T20:03:02,sad,93.11
2026-04-16T20:03:03,happy,99.61
2026-04-16T20:03:04,neutral,87.26
2026-04-16T20:03:04,happy,99.62
2026-04-16T20:03:04,neutral,92.09
2026-04-16T20:03:04,happy,98.92
2026-04-16T20:03:04,neutral,51.88
2026-04-16T20:03:05,happy,99.84
2026-04-16T20:03:05,neutral,99.92
2026-04-16T20:03:05,happy,99.90
2026-04-16T20:03:05,fear,94.39
2026-04-16T20:03:06,happy,61.61
2026-04-16T20:03:06,fear,56.63
2026-04-16T20:03:07,happy,98.29
2026-04-16T20:03:07,neutral,99.65
2026-04-16T20:03:07,happy,94.67
2026-04-16T20:03:07,neutral,99.71
2026-04-16T20:03:08,happy,99.79
2026-04-16T20:03:08,neutral,99.91
2026-04-16T20:03:09,happy,91.23
2026-04-16T20:03:09,neutral,98.12
2026-04-16T20:03:09,happy,63.47
2026-04-16T20:03:09,fear,59.08
2026-04-16T20:03:10,neutral,99.05
2026-04-16T20:03:10,angry,69.42
2026-04-16T20:03:10,neutral,96.39
2026-04-16T20:03:10,angry,67.08
2026-04-16T20:03:10,surprise,37.09
2026-04-16T20:03:11,neutral,95.18
2026-04-16T20:03:11,fear,76.73
2026-04-16T20:03:11,neutral,99.54
2026-04-16T20:03:11,fear,78.37
2026-04-16T20:03:11,neutral,99.95
2026-04-16T20:03:11,fear,98.43
2026-04-16T20:03:12,neutral,99.86
2026-04-16T20:03:12,fear,98.86
2026-04-16T20:03:12,sad,100.00
2026-04-16T20:03:12,neutral,88.18
2026-04-16T20:03:13,sad,39.14
2026-04-16T20:03:13,happy,70.82
2026-04-16T20:03:13,neutral,98.90
2026-04-16T20:03:13,happy,99.82
2026-04-16T20:03:14,fear,90.89
2026-04-16T20:03:14,neutral,96.33
2026-04-16T20:03:14,sad,74.06
2026-04-16T20:03:14,happy,81.50
2026-04-16T20:03:14,neutral,90.26
2026-04-16T20:03:14,happy,52.34
2026-04-16T20:03:14,neutral,68.54
2026-04-16T20:03:15,neutral,93.29
2026-04-16T20:03:15,fear,87.20
2026-04-16T20:03:15,neutral,99.70
2026-04-16T20:03:15,happy,52.56
2026-04-16T20:03:15,neutral,99.72
2026-04-16T20:03:15,happy,46.99
2026-04-16T20:03:15,neutral,99.85
2026-04-16T20:03:16,happy,94.33
2026-04-16T20:03:16,angry,62.50
2026-04-16T20:03:16,fear,99.19
2026-04-16T20:03:16,neutral,99.03
2026-04-16T20:03:17,fear,40.74
2026-04-16T20:03:17,neutral,95.38
2026-04-16T20:03:17,fear,95.50
2026-04-16T20:03:17,neutral,99.09
2026-04-16T20:03:18,fear,73.93
2026-04-16T20:03:18,neutral,99.85
2026-04-16T20:03:18,fear,81.91
2026-04-16T20:03:18,neutral,98.86
2026-04-16T20:03:18,fear,87.35
2026-04-16T20:03:19,happy,57.59
2026-04-16T20:03:19,neutral,99.98
2026-04-16T20:03:19,happy,56.38
2026-04-16T20:03:19,angry,81.07
2026-04-16T20:03:20,happy,73.58
2026-04-16T20:03:21,neutral,98.76
2026-04-16T20:03:21,happy,64.70
2026-04-16T20:03:21,angry,61.28
2026-04-16T20:03:21,happy,51.08
2026-04-16T20:03:21,angry,56.83
2026-04-16T20:03:21,happy,84.09
2026-04-16T20:03:21,neutral,99.42
2026-04-16T20:03:21,happy,48.32
2026-04-16T20:03:21,sad,64.64
2026-04-16T20:03:21,neutral,99.21
2026-04-16T20:03:22,happy,73.31
2026-04-16T20:03:22,neutral,99.54
2026-04-16T20:03:22,happy,90.19
2026-04-16T20:03:22,neutral,99.45
2026-04-16T20:03:22,happy,93.86
2026-04-16T20:03:22,neutral,99.50
2026-04-16T20:03:22,happy,98.09
2026-04-16T20:03:22,neutral,99.02
2026-04-16T20:03:22,happy,56.84
2026-04-16T20:03:23,fear,35.76
2026-04-16T20:03:23,angry,58.66
2026-04-16T20:03:23,neutral,99.61
2026-04-16T20:03:23,happy,86.41
2026-04-16T20:03:23,neutral,99.65
2026-04-16T20:03:23,happy,94.15
2026-04-16T20:03:24,neutral,99.94
2026-04-16T20:03:24,happy,89.32
2026-04-16T20:03:24,neutral,97.33
2026-04-16T20:03:24,happy,46.58
2026-04-16T20:03:26,fear,71.41
2026-04-16T20:03:26,happy,70.46
2026-04-16T20:03:27,neutral,99.38
2026-04-16T20:03:27,happy,89.94
2026-04-16T20:03:27,neutral,99.63
2026-04-16T20:03:27,sad,36.04
2026-04-16T20:03:27,fear,67.58
2026-04-16T20:03:27,angry,65.09
2026-04-16T20:03:28,happy,53.66
2026-04-16T20:03:28,angry,52.74
2026-04-16T20:03:28,happy,62.47
2026-04-16T20:03:29,neutral,98.11
2026-04-16T20:03:29,happy,100.00
2026-04-16T20:03:29,neutral,99.85
2026-04-16T20:03:30,happy,99.96
2026-04-16T20:03:31,neutral,73.39
2026-04-16T20:03:31,happy,95.77
2026-04-16T20:03:35,neutral,99.25
2026-04-16T20:03:35,happy,78.98
2026-04-16T20:03:35,neutral,99.21
2026-04-16T20:03:35,happy,96.52
2026-04-16T20:03:36,neutral,79.13
2026-04-16T20:03:36,happy,85.80
2026-04-16T20:03:38,sad,51.13
2026-04-16T20:03:39,happy,88.19
2026-04-16T20:03:40,sad,74.49
2026-04-16T20:03:40,happy,94.85
2026-04-16T20:03:40,neutral,80.84
2026-04-16T20:03:40,happy,65.12
2026-04-16T20:03:41,neutral,82.34
2026-04-16T20:03:44,surprise,68.79
2026-04-16T20:03:44,fear,78.43
2026-04-16T20:03:45,happy,50.45
2026-04-16T20:03:45,angry,46.99
2026-04-16T20:03:45,fear,72.89
2026-04-16T20:03:45,happy,81.18
2026-04-16T20:03:46,angry,65.21
2026-04-16T20:03:46,fear,61.44
2026-04-16T20:03:46,angry,77.06
2026-04-16T20:03:47,fear,55.50
2026-04-16T20:03:47,angry,84.91
2026-04-16T20:03:48,sad,89.59
2026-04-16T20:03:48,fear,44.11
2026-04-16T20:03:49,angry,100.00
2026-04-16T20:03:49,angry,67.94
2026-04-16T20:03:49,fear,72.01
2026-04-16T20:03:49,angry,82.93
2026-04-16T20:03:50,happy,52.07
2026-04-16T20:03:50,angry,33.65
2026-04-16T20:03:51,happy,57.50
2026-04-16T20:03:51,angry,46.67
2026-04-16T20:03:51,happy,69.69
2026-04-16T20:03:51,fear,58.02
2026-04-16T20:03:52,angry,40.93
2026-04-16T20:03:52,fear,41.91
2026-04-16T20:03:53,happy,57.68
2026-04-16T20:03:53,fear,51.72
2026-04-16T20:03:53,happy,97.50
2026-04-16T20:03:53,sad,47.01
2026-04-16T20:03:54,fear,70.08
2026-04-16T20:03:54,happy,42.38
2026-04-16T20:03:54,fear,51.77
2026-04-16T20:03:54,happy,70.64
2026-04-16T20:03:54,sad,56.60
2026-04-16T20:03:54,fear,71.61
2026-04-16T20:03:55,happy,70.24
2026-04-16T20:03:55,fear,71.60
2026-04-16T20:03:55,sad,51.71
2026-04-16T20:03:55,fear,79.49
2026-04-16T20:03:56,happy,74.64
2026-04-16T20:03:56,fear,49.29
2026-04-16T20:03:56,happy,53.70
2026-04-16T20:03:56,fear,59.21
2026-04-16T20:03:56,surprise,99.55
2026-04-16T20:03:56,fear,99.34
2026-04-16T20:03:57,happy,56.40
2026-04-16T20:03:57,fear,90.40
2026-04-16T20:03:57,surprise,58.34
2026-04-16T20:03:58,happy,91.32
2026-04-16T20:03:58,angry,98.71
2026-04-16T20:03:58,sad,99.43
2026-04-16T20:03:58,happy,64.97
2026-04-16T20:03:59,sad,82.48
2026-04-16T20:03:59,angry,97.93
2026-04-16T20:04:00,happy,98.65
2026-04-16T20:04:01,fear,90.81
2026-04-16T20:04:04,surprise,51.70
2026-04-16T20:04:04,fear,61.09
2026-04-16T20:04:05,surprise,72.57
2026-04-16T20:04:05,fear,51.77
2026-04-16T20:04:06,fear,99.24
2026-04-16T20:04:06,surprise,75.52
2026-04-16T20:04:08,fear,73.19
2026-04-16T20:04:08,surprise,49.38
2026-04-16T20:04:08,fear,65.71
2026-04-16T20:04:08,surprise,61.55
2026-04-16T20:04:09,happy,94.17
2026-04-16T20:04:09,sad,47.94
2026-04-16T20:04:10,neutral,95.87
2026-04-16T20:04:10,happy,84.59
2026-04-16T20:04:10,sad,56.98
2026-04-16T20:04:10,neutral,75.61
2026-04-16T20:04:10,fear,68.68
2026-04-16T20:04:10,neutral,61.20
2026-04-16T20:04:11,sad,99.79
2026-04-16T20:04:11,neutral,62.69
2026-04-16T20:04:12,sad,85.94
2026-04-16T20:04:12,neutral,62.62
2026-04-16T20:04:12,sad,95.34
2026-04-16T20:04:12,sad,83.12
2026-04-16T20:04:13,neutral,62.23
2026-04-16T20:04:13,sad,88.18
2026-04-16T20:04:14,neutral,55.65
2026-04-16T20:04:14,sad,77.89
2026-04-16T20:04:14,neutral,92.39
2026-04-16T20:04:14,sad,90.23
2026-04-16T20:04:14,neutral,83.24
2026-04-16T20:04:15,sad,58.84
2026-04-16T20:04:17,neutral,64.48
2026-04-16T20:04:17,sad,63.10
2026-04-16T20:04:17,neutral,70.28
2026-04-16T20:04:17,sad,92.24
2026-04-16T20:04:17,neutral,93.89
2026-04-16T20:04:18,happy,99.91
2026-04-16T20:04:18,sad,49.09
2026-04-16T20:04:19,happy,54.29
2026-04-16T20:04:21,sad,51.57
2026-04-16T20:04:21,happy,82.12
2026-04-16T20:04:23,neutral,65.33
2026-04-16T20:04:23,neutral,90.86
2026-04-16T20:04:24,happy,96.76
2026-04-16T20:04:26,sad,67.22
2026-04-16T20:04:26,fear,51.62
2026-04-16T20:04:27,neutral,99.93
2026-04-16T20:04:27,fear,63.34
2026-04-16T20:04:27,angry,94.39
2026-04-16T20:04:29,fear,98.71
2026-04-16T20:04:29,sad,70.40
2026-04-16T20:04:30,happy,98.93
2026-04-16T20:04:30,angry,53.15
2026-04-16T20:04:30,fear,47.93
2026-04-16T20:04:31,happy,81.15
2026-04-16T20:04:31,fear,54.13
2026-04-16T20:04:32,happy,56.29
2026-04-16T20:04:32,angry,56.42
2026-04-16T20:04:32,fear,44.75
2026-04-16T20:04:33,happy,54.85
2026-04-16T20:04:33,fear,77.71
2026-04-16T20:04:34,sad,27.74
2026-04-16T20:04:34,neutral,55.86
2026-04-16T20:04:34,happy,71.77
2026-04-16T20:04:35,sad,70.64
2026-04-16T20:04:36,fear,55.14
2026-04-16T20:04:36,sad,90.19
2026-04-16T20:04:36,neutral,60.08
2026-04-16T20:04:36,neutral,78.44
2026-04-16T20:04:36,sad,84.66
2026-04-16T20:04:37,neutral,58.74
2026-04-16T20:04:37,sad,58.99
2026-04-16T20:04:38,neutral,62.29
2026-04-16T20:04:38,sad,65.62
2026-04-16T20:04:38,fear,77.78
2026-04-16T20:04:38,happy,54.17
2026-04-16T20:04:39,angry,52.47
2026-04-16T20:04:39,fear,88.77
2026-04-16T20:04:39,sad,52.31
2026-04-16T20:04:39,sad,72.37
2026-04-16T20:04:40,fear,52.72
2026-04-16T20:04:40,neutral,68.27
2026-04-16T20:04:40,sad,71.68
2026-04-16T20:04:40,happy,70.17
2026-04-16T20:04:40,sad,54.88
2026-04-16T20:04:40,happy,99.63
2026-04-16T20:04:41,angry,99.52
2026-04-16T20:04:43,happy,66.32
2026-04-16T20:04:43,angry,97.88
2026-04-16T20:04:44,fear,53.62
2026-04-16T20:04:45,angry,64.96
2026-04-16T20:04:45,fear,50.66
2026-04-16T20:04:45,angry,90.80
2026-04-16T20:04:45,neutral,98.26
2026-04-16T20:04:46,happy,71.01
2026-04-16T20:04:46,neutral,99.67
2026-04-16T20:04:47,happy,85.35
2026-04-16T20:04:47,neutral,99.00
2026-04-16T20:04:48,sad,95.52
2026-04-16T20:04:48,neutral,78.76
2026-04-16T20:04:49,angry,58.71
2026-04-16T20:04:49,surprise,65.32
2026-04-16T20:04:49,neutral,99.59
2026-04-16T20:04:50,fear,99.93
2026-04-16T20:04:50,sad,57.01
2026-04-16T20:04:50,fear,79.39
2026-04-16T20:04:51,neutral,99.68
2026-04-16T20:04:51,fear,96.87
2026-04-16T20:04:51,angry,58.30
2026-04-16T20:04:51,fear,64.25
2026-04-16T20:04:52,sad,58.25
2026-04-16T20:04:52,fear,91.16
2026-04-16T20:04:52,sad,56.28
2026-04-16T20:04:52,fear,92.25
2026-04-16T20:04:54,sad,65.95
2026-04-16T20:04:54,fear,91.02
2026-04-16T20:04:54,sad,52.00
2026-04-16T20:04:54,fear,51.81
2026-04-16T20:04:54,sad,73.85
2026-04-16T20:04:54,angry,62.64
2026-04-16T20:04:55,fear,89.66
2026-04-16T20:04:55,sad,72.77
2026-04-16T20:04:55,fear,74.20
2026-04-16T20:04:55,sad,72.01
2026-04-16T20:04:56,fear,59.92
2026-04-16T20:04:56,angry,99.79
2026-04-16T20:04:56,fear,76.63
2026-04-16T20:04:57,angry,94.18
2026-04-16T20:04:57,fear,96.81
2026-04-16T20:04:57,angry,43.07
2026-04-16T20:04:57,fear,93.05
2026-04-16T20:04:57,sad,50.65
2026-04-16T20:04:58,angry,54.34
2026-04-16T20:04:58,sad,53.40
2026-04-16T20:04:58,angry,53.66
2026-04-16T20:04:59,sad,85.81
2026-04-16T20:04:59,angry,56.09
2026-04-16T20:04:59,sad,61.44
2026-04-16T20:05:03,neutral,49.78
2026-04-16T20:05:03,fear,74.35
2026-04-16T20:05:04,neutral,67.36
2026-04-16T20:05:05,fear,63.34
2026-04-16T20:05:06,sad,39.63
2026-04-16T20:05:06,fear,92.06
2026-04-16T20:05:07,neutral,67.04
2026-04-16T20:05:07,sad,48.31
2026-04-16T20:05:07,fear,65.42
2026-04-16T20:05:09,neutral,48.54
2026-04-16T20:05:09,neutral,62.86
2026-04-16T20:05:09,fear,69.00
2026-04-16T20:05:09,angry,58.05
2026-04-16T20:05:09,sad,70.02
2026-04-16T20:05:09,neutral,66.87
2026-04-16T20:05:10,fear,92.10
2026-04-16T20:05:10,sad,45.23
2026-04-16T20:05:11,neutral,43.96
2026-04-16T20:05:11,sad,46.22
2026-04-16T20:05:11,neutral,59.59
2026-04-16T20:05:11,neutral,47.30
2026-04-16T20:05:12,fear,64.08
2026-04-16T20:05:12,neutral,75.54
2026-04-16T20:05:12,fear,51.61
2026-04-16T20:05:12,neutral,62.78
2026-04-16T20:05:12,sad,59.62
2026-04-16T20:05:13,sad,55.95
2026-04-16T20:05:13,angry,83.12
2026-04-16T20:05:13,neutral,55.97
2026-04-16T20:05:13,sad,46.84
2026-04-16T20:05:13,angry,85.97
2026-04-16T20:05:13,sad,59.40
2026-04-16T20:05:14,neutral,58.27
2026-04-16T20:05:14,sad,91.54
2026-04-16T20:05:14,sad,67.30
2026-04-16T20:05:14,neutral,47.48
2026-04-16T20:05:14,fear,48.45
2026-04-16T20:05:14,sad,55.24
2026-04-16T20:05:15,fear,52.51
2026-04-16T20:05:15,angry,95.98
2026-04-16T20:05:15,fear,94.84
2026-04-16T20:05:16,angry,80.06
2026-04-16T20:05:16,sad,47.27
2026-04-16T20:05:16,fear,66.14
2026-04-16T20:05:17,sad,94.31
2026-04-16T20:05:17,angry,47.68
2026-04-16T20:05:17,neutral,97.92
2026-04-16T20:05:17,fear,78.96
2026-04-16T20:05:17,neutral,66.45
2026-04-16T20:05:18,sad,62.96
2026-04-16T20:05:18,fear,81.03
2026-04-16T20:05:19,neutral,51.63
2026-04-16T20:05:28,angry,83.86
2026-04-16T20:05:28,neutral,60.94
2026-04-16T20:05:28,angry,62.15
2026-04-16T20:05:29,sad,76.04
2026-04-16T20:05:29,sad,46.30
2026-04-16T20:05:29,neutral,63.48
2026-04-16T20:05:29,sad,81.35
2026-04-16T20:05:29,angry,64.56
2026-04-16T20:05:29,neutral,77.73
2026-04-16T20:05:30,angry,48.43
2026-04-16T20:05:30,neutral,73.08
2026-04-16T20:05:30,sad,59.20
2026-04-16T20:05:30,neutral,99.20
2026-04-16T20:05:32,angry,57.62
2026-04-16T20:05:32,neutral,69.56
2026-04-16T20:05:32,angry,54.12
2026-04-16T20:05:33,neutral,70.33
2026-04-16T20:05:35,sad,72.63
2026-04-16T20:05:35,angry,74.27
2026-04-16T20:05:35,fear,93.91
2026-04-16T20:05:35,angry,80.01
2026-04-16T20:05:35,fear,97.61
2026-04-16T20:05:40,neutral,92.47
2026-04-16T20:05:40,sad,79.81
2026-04-16T20:05:40,neutral,70.54
2026-04-16T20:05:40,fear,65.51
2026-04-16T20:05:41,neutral,58.80
2026-04-16T20:05:41,fear,80.01
2026-04-16T20:05:41,neutral,63.87
2026-04-16T20:05:41,fear,85.89
2026-04-16T20:05:43,neutral,96.39
2026-04-16T20:05:43,angry,59.72
2026-04-16T20:05:44,fear,91.76
2026-04-16T20:05:45,neutral,65.68
2026-04-16T20:05:45,fear,63.76
2026-04-16T20:05:45,neutral,59.83
2026-04-16T20:05:48,sad,85.05
2026-04-16T20:05:59,neutral,95.43
2026-04-16T20:06:12,fear,52.81
2026-04-16T20:06:12,sad,72.48
2026-04-16T20:06:13,fear,48.37
2026-04-16T20:06:13,sad,72.08
2026-04-16T20:06:13,sad,53.42
2026-04-16T20:06:14,fear,59.23
2026-04-16T20:06:15,neutral,94.69
2026-04-16T20:06:15,sad,50.42
2026-04-16T20:06:15,fear,66.10
2026-04-16T20:06:16,sad,57.12
2026-04-16T20:06:16,sad,70.46
2026-04-16T20:06:17,fear,60.62
2026-04-16T20:06:17,sad,52.49
2026-04-16T20:06:18,fear,68.21
2026-04-16T20:06:18,angry,70.83
2026-04-16T20:06:19,fear,82.19
2026-04-16T20:06:20,sad,68.99
2026-04-16T20:06:21,fear,59.84
2026-04-16T20:06:21,sad,61.62
2026-04-16T20:06:22,neutral,94.93
2026-04-16T20:06:22,sad,86.17
2026-04-16T20:06:23,fear,49.29
2026-04-16T20:06:23,sad,75.08
2026-04-16T20:06:24,neutral,59.11
2026-04-16T20:06:25,fear,66.71
2026-04-16T20:06:25,angry,43.39
2026-04-16T20:06:25,fear,66.60
2026-04-16T20:06:26,angry,61.84
2026-04-16T20:06:26,fear,77.15
2026-04-16T20:06:26,angry,71.97
2026-04-16T20:06:26,fear,77.43
2026-04-16T20:06:26,angry,48.45
2026-04-16T20:06:27,fear,75.81
2026-04-16T20:06:27,angry,53.06
2026-04-16T20:06:27,fear,48.44
2026-04-16T20:06:28,angry,68.16
2026-04-16T20:06:28,fear,57.60
2026-04-16T20:06:29,sad,85.12
2026-04-16T20:06:30,fear,61.46
2026-04-16T20:06:30,sad,52.77
2026-04-16T20:06:30,fear,62.61
2026-04-16T20:06:32,angry,90.08
2026-04-16T20:06:32,fear,74.50
2026-04-16T20:06:32,angry,93.99
2026-04-16T20:06:33,sad,80.93
2026-04-16T20:06:33,neutral,86.67
2026-04-16T20:06:33,fear,70.93
2026-04-16T20:06:36,sad,71.00
2026-04-16T20:06:36,fear,75.56
2026-04-16T20:06:36,sad,63.12
2026-04-16T20:06:36,fear,69.69
2026-04-16T20:06:37,sad,50.87
2026-04-16T20:06:44,sad,57.25
2026-04-16T20:06:44,neutral,41.46
2026-04-16T20:06:44,fear,85.03
2026-04-16T20:06:45,angry,96.81
2026-04-16T20:06:45,fear,51.19
2026-04-16T20:06:46,sad,95.83
2026-04-16T20:06:50,fear,65.10
2026-04-16T20:06:50,angry,39.44
2026-04-16T20:06:50,angry,70.43
2026-04-16T20:06:50,sad,55.84
2026-04-16T20:06:50,fear,84.19
2026-04-16T20:06:51,angry,70.66
2026-04-16T20:06:51,fear,89.55
2026-04-16T20:06:51,angry,65.59
2026-04-16T20:06:51,fear,58.25
2026-04-16T20:06:51,sad,86.62
2026-04-16T20:06:51,fear,92.03
2026-04-16T20:06:52,angry,53.42
2026-04-16T20:06:52,fear,80.13
2026-04-16T20:06:53,sad,72.12
2026-04-16T20:06:53,fear,59.38
2026-04-16T20:06:53,sad,57.28
2026-04-16T20:06:54,fear,73.94
2026-04-16T20:06:54,sad,54.38
2026-04-16T20:06:54,fear,69.29
2026-04-16T20:06:55,sad,50.38
2026-04-16T20:06:55,fear,71.93
2026-04-16T20:06:55,sad,55.65
2026-04-16T20:06:55,fear,62.48
2026-04-16T20:06:57,angry,79.39
2026-04-16T20:06:58,fear,75.41
2026-04-16T20:06:59,sad,87.23
2026-04-16T20:06:59,angry,77.88
2026-04-16T20:06:59,fear,86.12
2026-04-16T20:06:59,angry,61.32
2026-04-16T20:06:59,fear,52.90
2026-04-16T20:07:00,angry,95.06
2026-04-16T20:07:00,fear,73.99
2026-04-16T20:07:00,angry,95.06
2026-04-16T20:07:04,fear,67.73
2026-04-16T20:07:06,sad,47.98
2026-04-16T20:07:06,fear,69.30
2026-04-16T20:07:07,angry,77.13
2026-04-16T20:07:07,fear,89.56
2026-04-16T20:07:07,angry,67.88
2026-04-16T20:07:08,fear,69.69
2026-04-16T20:07:08,angry,73.33
2026-04-16T20:07:08,fear,51.78
2026-04-16T20:07:09,angry,97.65
2026-04-16T20:07:10,fear,52.87
2026-04-16T20:07:10,angry,99.07
2026-04-16T20:07:10,fear,87.44
2026-04-16T20:07:10,angry,99.09
2026-04-16T20:07:10,fear,64.94
2026-04-16T20:07:10,angry,90.61
2026-04-16T20:07:10,fear,96.32
2026-04-16T20:07:12,angry,57.25
2026-04-16T20:07:12,fear,56.34
2026-04-16T20:07:13,angry,86.01
2026-04-16T20:07:13,fear,63.28
2026-04-16T20:07:13,angry,89.43
2026-04-16T20:07:13,fear,67.46
2026-04-16T20:07:13,angry,97.66
2026-04-16T20:07:14,fear,64.50
2026-04-16T20:07:14,angry,56.49
2026-04-16T20:07:14,fear,74.79
2026-04-16T20:07:14,angry,91.68
2026-04-16T20:07:14,fear,90.11
2026-04-16T20:07:14,angry,94.50
2026-04-16T20:07:14,fear,79.69
2026-04-16T20:07:17,sad,94.86
2026-04-16T20:07:18,neutral,98.56
2026-04-16T20:07:22,fear,67.55
2026-04-16T20:07:23,sad,58.18
2026-04-16T20:07:23,angry,60.79
2026-04-16T20:07:23,fear,96.17
2026-04-16T20:07:26,sad,62.30
2026-04-16T20:07:26,fear,99.58
2026-04-16T20:07:28,sad,76.72
2026-04-16T20:07:31,fear,67.27
2026-04-16T20:07:36,sad,96.99
2026-04-16T20:07:38,fear,89.43
2026-04-16T20:07:38,angry,68.16
2026-04-16T20:07:39,fear,53.73
2026-04-16T20:07:39,angry,59.06
2026-04-16T20:07:39,fear,76.94
2026-04-16T20:07:39,angry,85.60
2026-04-16T20:07:40,fear,50.86
2026-04-16T20:07:40,angry,93.42
2026-04-16T20:07:40,fear,84.21
2026-04-16T20:07:40,angry,75.04
2026-04-16T20:07:40,fear,76.94
2026-04-16T20:07:40,angry,95.72
2026-04-16T20:07:41,fear,64.09
2026-04-16T20:07:41,happy,60.37
2026-04-16T20:07:41,angry,99.04
2026-04-16T20:07:41,fear,82.08
2026-04-16T20:07:42,fear,85.65
2026-04-16T20:07:42,angry,58.34
2026-04-16T20:07:42,fear,78.66
2026-04-16T20:07:42,angry,65.78
2026-04-16T20:07:42,sad,49.57
2026-04-16T20:07:42,fear,81.20
2026-04-16T20:07:42,angry,91.40
2026-04-16T20:07:43,fear,97.45
2026-04-16T20:07:43,fear,65.74
2026-04-16T20:07:44,angry,75.86
2026-04-16T20:07:44,fear,92.71
2026-04-16T20:07:44,sad,99.35
2026-04-16T20:07:45,happy,82.68
2026-04-16T20:07:45,sad,94.34
2026-04-16T20:07:45,neutral,87.67
2026-04-16T20:07:46,angry,57.16
2026-04-16T20:07:46,sad,100.00
2026-04-16T20:07:49,sad,46.07
2026-04-16T20:07:52,fear,84.79
2026-04-16T20:07:53,angry,95.00
2026-04-16T20:07:53,sad,98.07
2026-04-16T20:07:54,angry,97.04
2026-04-16T20:07:55,sad,99.99
2026-04-16T20:07:55,sad,93.37
2026-04-16T20:07:55,neutral,98.01
2026-04-16T20:07:56,sad,83.83
2026-04-16T20:07:57,angry,52.75
2026-04-16T20:07:57,sad,87.64
2026-04-16T20:07:57,fear,55.46
2026-04-16T20:07:58,happy,43.24
2026-04-16T20:07:58,neutral,98.98
2026-04-16T20:07:58,sad,80.23
2026-04-16T20:07:58,sad,67.86
2026-04-16T20:07:59,neutral,52.13
2026-04-16T20:07:59,fear,83.65
2026-04-16T20:07:59,happy,99.79
2026-04-16T20:08:00,sad,99.97
2026-04-16T20:08:00,fear,55.60
2026-04-16T20:08:00,sad,66.12
2026-04-16T20:08:00,angry,67.17
2026-04-16T20:08:00,fear,95.29
2026-04-16T20:08:01,neutral,96.43
2026-04-16T20:08:01,angry,61.63
2026-04-16T20:08:01,fear,65.35
2026-04-16T20:08:01,angry,55.26
2026-04-16T20:08:02,fear,96.89
2026-04-16T20:08:02,sad,70.97
2026-04-16T20:08:02,fear,94.83
2026-04-16T20:08:04,sad,73.07
2026-04-16T20:08:04,fear,63.69
2026-04-16T20:08:04,sad,71.51
2026-04-16T20:08:04,fear,51.48
2026-04-16T20:08:04,sad,59.09
2026-04-16T20:08:04,fear,81.74
2026-04-16T20:08:05,sad,82.55
2026-04-16T20:08:05,fear,73.87
2026-04-16T20:08:06,angry,46.87
2026-04-16T20:08:06,fear,89.92
2026-04-16T20:08:06,angry,49.67
2026-04-16T20:08:06,fear,64.82
2026-04-16T20:08:06,sad,38.69
2026-04-16T20:08:06,fear,51.02
2026-04-16T20:08:07,angry,53.86
2026-04-16T20:08:07,neutral,74.30
2026-04-16T20:08:07,fear,77.11
2026-04-16T20:08:07,angry,78.15
2026-04-16T20:08:07,fear,88.22
2026-04-16T20:08:07,angry,64.67
2026-04-16T20:08:07,fear,66.16
2026-04-16T20:08:07,angry,83.72
2026-04-16T20:08:08,fear,80.78
2026-04-16T20:08:09,angry,73.46
2026-04-16T20:08:09,fear,63.90
2026-04-16T20:08:09,angry,53.12
2026-04-16T20:08:09,fear,61.84
2026-04-16T20:08:10,fear,94.06
2026-04-16T20:08:10,angry,74.91
2026-04-16T20:08:10,fear,86.37
2026-04-16T20:08:10,angry,49.70
2026-04-16T20:08:11,fear,81.84
2026-04-16T20:08:11,angry,56.70
2026-04-16T20:08:11,fear,50.71
2026-04-16T20:08:12,angry,57.90
2026-04-16T20:08:12,fear,58.84
2026-04-16T20:08:16,angry,69.41
2026-04-16T20:08:17,fear,52.14
2026-04-16T20:08:17,angry,67.95
2026-04-16T20:08:17,fear,76.77
2026-04-16T20:08:17,angry,65.39
2026-04-16T20:08:17,fear,55.78
2026-04-16T20:08:17,angry,64.16
2026-04-16T20:08:17,fear,66.40
2026-04-16T20:08:18,angry,85.72
2026-04-16T20:08:18,fear,88.22
2026-04-16T20:08:18,angry,82.03
2026-04-16T20:08:18,fear,84.46
2026-04-16T20:08:18,angry,54.62
2026-04-16T20:08:19,fear,90.85
2026-04-16T20:08:19,angry,84.43
2026-04-16T20:08:19,fear,56.12
2026-04-16T20:08:19,angry,69.44
2026-04-16T20:08:19,fear,91.71
2026-04-16T20:08:20,angry,86.27
2026-04-16T20:08:20,fear,83.16
2026-04-16T20:08:20,angry,83.54
2026-04-16T20:08:21,fear,92.08
2026-04-16T20:08:21,angry,69.09
2026-04-16T20:08:21,fear,76.68
2026-04-16T20:08:21,angry,95.00
2026-04-16T20:08:21,fear,59.14
2026-04-16T20:08:21,angry,60.85
2026-04-16T20:08:21,fear,92.11
2026-04-16T20:08:21,angry,49.25
2026-04-16T20:08:22,fear,61.81
2026-04-16T20:08:22,neutral,95.59
2026-04-16T20:08:22,angry,69.95
2026-04-16T20:08:22,fear,83.83
2026-04-16T20:08:22,angry,82.14
2026-04-16T20:08:22,fear,85.41
2026-04-16T20:08:22,angry,87.12
2026-04-16T20:08:22,fear,73.47
2026-04-16T20:08:22,angry,60.57
2026-04-16T20:08:23,fear,72.37
2026-04-16T20:08:23,angry,59.18
2026-04-16T20:08:23,fear,84.11
2026-04-16T20:08:23,angry,44.57
2026-04-16T20:08:23,fear,53.68
2026-04-16T20:08:23,angry,50.75
2026-04-16T20:08:23,fear,82.56
2026-04-16T20:08:23,angry,55.41
2026-04-16T20:08:24,fear,82.03
2026-04-16T20:08:24,angry,84.69
2026-04-16T20:08:24,fear,71.65
2026-04-16T20:08:24,angry,75.87
2026-04-16T20:08:24,fear,46.52
2026-04-16T20:08:24,angry,98.43
2026-04-16T20:08:25,fear,75.63
2026-04-16T20:08:25,angry,86.48
2026-04-16T20:08:25,fear,76.68
2026-04-16T20:08:25,angry,50.62
2026-04-16T20:08:25,fear,92.40
2026-04-16T20:08:26,angry,70.68
2026-04-16T20:08:26,fear,78.00
2026-04-16T20:08:26,angry,70.68
2026-04-16T20:08:26,fear,78.98
2026-04-16T20:08:26,sad,66.35
2026-04-16T20:08:26,fear,85.01
2026-04-16T20:08:27,sad,61.56
2026-04-16T20:08:29,fear,51.81
2026-04-16T20:08:29,sad,60.29
2026-04-16T20:08:29,fear,55.78
2026-04-16T20:08:29,sad,54.83
2026-04-16T20:08:30,fear,67.75
2026-04-16T20:08:30,sad,59.83
2026-04-16T20:08:30,fear,63.71
2026-04-16T20:08:31,sad,71.59
2026-04-16T20:08:32,neutral,77.10
2026-04-16T20:08:32,angry,97.35
2026-04-16T20:08:33,sad,77.35
2026-04-16T20:08:33,fear,69.23
2026-04-16T20:08:33,sad,48.75
2026-04-16T20:08:33,fear,52.31
2026-04-16T20:08:33,angry,88.00
2026-04-16T20:08:34,fear,62.71
2026-04-16T20:08:34,surprise,47.02
2026-04-16T20:08:34,fear,70.04
2026-04-16T20:08:34,surprise,49.83
2026-04-16T20:08:34,angry,81.33
2026-04-16T20:08:35,fear,86.97
2026-04-16T20:08:35,angry,75.60
2026-04-16T20:08:35,fear,99.44
2026-04-16T20:08:36,angry,66.81
2026-04-16T20:08:36,fear,59.58
2026-04-16T20:08:37,angry,57.42
2026-04-16T20:08:37,fear,91.20
2026-04-16T20:08:38,angry,77.05
2026-04-16T20:08:38,fear,86.01
2026-04-16T20:08:38,angry,73.85
2026-04-16T20:08:38,fear,93.24
2026-04-16T20:08:39,angry,77.98
2026-04-16T20:08:39,fear,90.51
2026-04-16T20:08:39,angry,86.58
2026-04-16T20:08:39,fear,71.69
2026-04-16T20:08:39,angry,93.18
2026-04-16T20:08:39,fear,71.12
2026-04-16T20:08:39,angry,89.02
2026-04-16T20:08:40,fear,88.22
2026-04-16T20:08:40,angry,88.29
2026-04-16T20:08:40,fear,73.86
2026-04-16T20:08:40,angry,74.44
2026-04-16T20:08:40,fear,91.72
2026-04-16T20:08:40,angry,64.29
2026-04-16T20:08:41,fear,96.00
2026-04-16T20:08:41,angry,66.47
2026-04-16T20:08:41,fear,65.33
2026-04-16T20:08:41,angry,82.06
2026-04-16T20:08:41,fear,86.20
2026-04-16T20:08:41,angry,76.47
2026-04-16T20:08:41,fear,90.92
2026-04-16T20:08:41,angry,49.22
2026-04-16T20:08:42,fear,91.22
2026-04-16T20:08:42,angry,63.70
2026-04-16T20:08:42,fear,71.76
2026-04-16T20:08:42,angry,81.84
2026-04-16T20:08:42,fear,85.53
2026-04-16T20:08:42,angry,86.69
2026-04-16T20:08:43,fear,95.79
2026-04-16T20:08:43,angry,87.49
2026-04-16T20:08:43,fear,92.64
2026-04-16T20:08:43,angry,75.87
2026-04-16T20:08:43,fear,82.94
2026-04-16T20:08:43,angry,88.13
2026-04-16T20:08:44,fear,77.16
2026-04-16T20:08:44,angry,52.89
2026-04-16T20:08:44,fear,92.96
2026-04-16T20:08:48,angry,73.17
2026-04-16T20:08:48,fear,90.19
2026-04-16T20:08:48,angry,69.59
2026-04-16T20:08:48,fear,94.68
2026-04-16T20:08:48,angry,57.51
2026-04-16T20:08:49,fear,91.60
2026-04-16T20:08:49,angry,70.36
2026-04-16T20:08:49,fear,69.68
2026-04-16T20:08:49,angry,71.73
2026-04-16T20:08:49,fear,96.09
2026-04-16T20:08:50,sad,86.59
2026-04-16T20:08:50,fear,78.00
2026-04-16T20:08:52,sad,61.08
2026-04-16T20:08:52,fear,72.51
2026-04-16T20:08:52,sad,82.03
2026-04-16T20:08:53,fear,61.22
2026-04-16T20:08:53,sad,59.13
2026-04-16T20:08:53,fear,91.97
2026-04-16T20:08:53,sad,98.85
2026-04-16T20:08:54,angry,49.05
2026-04-16T20:08:54,fear,78.89
2026-04-16T20:08:55,sad,75.21
2026-04-16T20:08:57,fear,85.38
2026-04-16T20:08:57,angry,91.72
2026-04-16T20:08:58,fear,54.44
2026-04-16T20:08:58,angry,85.34
2026-04-16T20:08:58,fear,75.88
2026-04-16T20:08:58,angry,88.40
2026-04-16T20:08:58,fear,84.01
2026-04-16T20:08:58,angry,92.86
2026-04-16T20:08:58,fear,98.04
2026-04-16T20:08:59,sad,79.94
2026-04-16T20:08:59,fear,53.69
2026-04-16T20:08:59,sad,54.29
2026-04-16T20:08:59,fear,57.69
2026-04-16T20:08:59,sad,79.78
2026-04-16T20:09:00,fear,74.30
2026-04-16T20:09:05,sad,55.19
2026-04-16T20:09:05,fear,50.79
2026-04-16T20:09:07,sad,50.14
2026-04-16T20:09:08,fear,54.47
2026-04-16T20:09:12,sad,65.79
2026-04-16T20:09:12,fear,67.96
2026-04-16T20:09:13,sad,83.19
2026-04-16T20:09:14,fear,92.41
2026-04-16T20:09:15,sad,85.08
2026-04-16T20:09:15,fear,62.75
2026-04-16T20:09:15,sad,65.70
2026-04-16T20:09:15,fear,77.41
2026-04-16T20:09:25,sad,53.17
2026-04-16T20:09:25,fear,91.64
2026-04-16T20:09:27,fear,94.33
2026-04-16T20:09:30,sad,55.16
2026-04-16T20:09:30,happy,94.42
2026-04-16T20:09:30,fear,94.60
2026-04-16T20:09:31,angry,51.55
2026-04-16T20:09:31,neutral,37.50
2026-04-16T20:09:31,angry,91.37
2026-04-16T20:09:31,neutral,46.63
2026-04-16T20:09:31,fear,84.08
2026-04-16T20:09:41,sad,57.05
2026-04-16T20:09:41,fear,88.57
2026-04-16T20:09:53,happy,58.13
2026-04-16T20:09:53,fear,83.47
2026-04-16T20:10:03,sad,54.31
2026-04-16T20:10:03,fear,97.86
2026-04-16T20:10:09,sad,55.72
2026-04-16T20:10:09,fear,72.43
2026-04-16T20:10:18,sad,60.98
2026-04-16T20:10:18,fear,86.24
2026-04-16T20:10:53,angry,54.08
2026-04-16T20:10:53,fear,90.62
2026-04-16T20:11:08,sad,81.42
2026-04-16T20:11:09,fear,60.37
2026-04-16T20:11:09,sad,65.48
2026-04-16T20:11:10,fear,54.46
2026-04-16T20:11:34,angry,72.61
2026-04-16T20:11:36,angry,54.39
2026-04-16T20:11:37,fear,96.52
2026-04-16T20:11:37,fear,73.38
2026-04-16T20:11:37,angry,69.34
2026-04-16T20:11:37,sad,53.62
2026-04-16T20:11:37,fear,64.29
2026-04-16T20:11:38,sad,71.17
2026-04-16T20:11:38,fear,54.97
2026-04-16T20:11:38,sad,63.77
2026-04-16T20:11:39,fear,68.90
2026-04-16T20:11:40,angry,59.48
2026-04-16T20:11:41,fear,85.01
2026-04-16T20:11:41,sad,91.33
2026-04-16T20:11:41,fear,74.41
2026-04-16T20:11:41,fear,89.38
2026-04-16T20:11:41,sad,98.97
2026-04-16T20:11:41,fear,94.50
2026-04-16T20:11:42,neutral,84.13
2026-04-16T20:11:44,sad,56.77
2026-04-16T20:11:44,neutral,99.99
2026-04-16T20:11:48,happy,74.08
2026-04-16T20:11:49,sad,99.53
2026-04-16T20:11:49,angry,99.48
2026-04-16T20:11:49,fear,95.76
2026-04-16T20:11:49,sad,73.20
2026-04-16T20:11:50,angry,45.48
2026-04-16T20:11:50,sad,95.86
2026-04-16T20:11:50,fear,85.59
2026-04-16T20:11:51,angry,68.16
2026-04-16T20:11:51,fear,77.12
2026-04-16T20:11:57,angry,58.71
2026-04-16T20:11:57,neutral,100.00
2026-04-16T20:11:58,happy,77.28
2026-04-16T20:11:58,neutral,99.74
2026-04-16T20:11:58,angry,57.60
2026-04-16T20:11:59,angry,57.93
2026-04-16T20:11:59,fear,88.81
2026-04-16T20:12:01,fear,74.13
2026-04-16T20:12:01,sad,74.32
2026-04-16T20:12:01,fear,62.74
2026-04-16T20:12:01,sad,50.81
2026-04-16T20:12:02,fear,79.48
2026-04-16T20:12:02,sad,75.08
2026-04-16T20:12:03,angry,81.94
2026-04-16T20:12:03,fear,81.96
2026-04-16T20:12:04,sad,74.65
2026-04-16T20:12:05,fear,53.95
2026-04-16T20:12:05,sad,62.57
2026-04-16T20:12:05,fear,59.74
2026-04-16T20:12:05,sad,75.28
2026-04-16T20:12:06,fear,63.72
2026-04-16T20:12:06,sad,69.66
2026-04-16T20:12:06,fear,86.85
2026-04-16T20:12:07,sad,57.09
2026-04-16T20:12:07,fear,62.22
2026-04-16T20:12:16,sad,50.58
2026-04-16T20:12:16,fear,81.24
2026-04-16T20:12:16,sad,57.22
2026-04-16T20:12:17,fear,60.22
2026-04-16T20:12:17,sad,67.73
2026-04-16T20:12:18,fear,81.37
2026-04-16T20:12:20,sad,78.91
2026-04-16T20:12:20,fear,53.82
2026-04-16T20:12:20,neutral,44.96
2026-04-16T20:12:21,sad,56.92
2026-04-16T20:12:21,fear,98.48
2026-04-16T20:12:21,neutral,84.27
2026-04-16T20:12:21,fear,58.95
2026-04-16T20:12:21,sad,65.90
2026-04-16T20:12:21,fear,53.31
2026-04-16T20:12:21,sad,57.75
2026-04-16T20:12:22,fear,57.92
2026-04-16T20:12:22,sad,65.11
2026-04-16T20:12:22,fear,59.14
2026-04-16T20:12:22,sad,60.66
2026-04-16T20:12:23,fear,51.46
2026-04-16T20:12:23,neutral,68.83
2026-04-16T20:12:23,sad,60.45
2026-04-16T20:12:23,fear,62.38
2026-04-16T20:12:23,sad,51.95
2026-04-16T20:12:24,neutral,47.61
2026-04-16T20:12:24,sad,56.51
2026-04-16T20:12:24,fear,52.47
2026-04-16T20:12:24,sad,62.38
2026-04-16T20:12:24,neutral,69.58
2026-04-16T20:12:24,sad,68.14
2026-04-16T20:12:25,neutral,66.96
2026-04-16T20:12:25,fear,55.32
2026-04-16T20:12:25,neutral,54.41
2026-04-16T20:12:25,sad,63.17
2026-04-16T20:12:25,neutral,71.52
2026-04-16T20:12:26,sad,71.66
2026-04-16T20:12:27,neutral,86.22
2026-04-16T20:12:27,sad,62.40
2026-04-16T20:12:28,neutral,92.35
2026-04-16T20:12:28,sad,79.16
2026-04-16T20:12:28,neutral,92.13
2026-04-16T20:12:28,sad,65.47
2026-04-16T20:12:31,fear,68.71
2026-04-16T20:12:31,sad,59.61
2026-04-16T20:12:31,fear,59.72
2026-04-16T20:12:34,sad,51.22
2026-04-16T20:12:35,fear,63.14
2026-04-16T20:12:35,sad,57.94
2026-04-16T20:12:35,fear,53.65
2026-04-16T20:12:37,sad,90.54
2026-04-16T20:12:37,fear,80.18
2026-04-16T20:12:37,sad,67.17
2026-04-16T20:12:37,fear,79.66
2026-04-16T20:12:37,sad,88.35
2026-04-16T20:12:40,neutral,68.94
2026-04-16T20:12:40,fear,99.68
2026-04-16T20:12:40,angry,74.01
2026-04-16T20:12:40,sad,84.55
2026-04-16T20:12:40,fear,99.27
2026-04-16T20:12:41,sad,97.90
2026-04-16T20:12:41,fear,74.97
2026-04-16T20:12:41,sad,80.64
2026-04-16T20:12:41,fear,59.36
2026-04-16T20:12:41,sad,76.97
2026-04-16T20:12:42,fear,58.17
2026-04-16T20:12:42,sad,51.21
2026-04-16T20:12:42,fear,57.79
2026-04-16T20:12:42,sad,64.54
2026-04-16T20:12:42,fear,53.76
2026-04-16T20:12:42,sad,68.88
2026-04-16T20:12:43,fear,93.49
2026-04-16T20:12:43,sad,56.63
2026-04-16T20:12:44,fear,60.20
2026-04-16T20:12:44,neutral,99.31
2026-04-16T20:12:44,sad,66.05
2026-04-16T20:12:44,neutral,96.26
2026-04-16T20:12:44,fear,97.87
2026-04-16T20:12:45,sad,52.09
2026-04-16T20:12:45,fear,58.23
2026-04-16T20:12:45,sad,55.82
2026-04-16T20:12:45,fear,83.53
2026-04-16T20:12:45,sad,50.26
2026-04-16T20:12:46,fear,66.72
2026-04-16T20:12:47,angry,39.33
2026-04-16T20:12:48,surprise,54.18
2026-04-16T20:12:48,fear,51.57
2026-04-16T20:12:50,sad,55.76
2026-04-16T20:12:50,fear,79.93
2026-04-16T20:12:50,sad,56.35
2026-04-16T20:12:51,fear,65.77
2026-04-16T20:12:51,sad,64.32
2026-04-16T20:12:53,fear,77.59
2026-04-16T20:12:53,sad,96.22
2026-04-16T20:12:53,fear,77.01
2026-04-16T20:12:54,sad,52.85
2026-04-16T20:12:54,fear,57.14
2026-04-16T20:12:54,sad,86.99
2026-04-16T20:12:55,fear,78.31
2026-04-16T20:12:55,sad,95.34
2026-04-16T20:12:55,fear,76.09
2026-04-16T20:12:55,sad,79.50
2026-04-16T20:12:55,fear,71.04
2026-04-16T20:12:56,sad,60.03
2026-04-16T20:12:56,fear,68.82
2026-04-16T20:12:56,sad,59.35
2026-04-16T20:12:57,surprise,41.77
2026-04-16T20:12:57,angry,40.93
2026-04-16T20:12:58,fear,90.97
2026-04-16T20:12:59,sad,77.85
2026-04-16T20:12:59,fear,50.08
2026-04-16T20:12:59,sad,71.14
2026-04-16T20:13:00,fear,77.86
2026-04-16T20:13:00,sad,80.28
2026-04-16T20:13:00,fear,53.52
2026-04-16T20:13:03,sad,86.86
2026-04-16T20:13:04,fear,60.20
2026-04-16T20:13:04,sad,56.03
2026-04-16T20:13:05,fear,75.25
2026-04-16T20:13:05,sad,85.86
2026-04-16T20:13:06,neutral,58.89
2026-04-16T20:13:06,sad,78.97
2026-04-16T20:13:07,fear,60.83
2026-04-16T20:13:07,sad,75.11
2026-04-16T20:13:08,fear,81.58
2026-04-16T20:13:08,sad,89.77
2026-04-16T20:13:09,fear,55.94
2026-04-16T20:13:09,sad,98.51
2026-04-16T20:13:10,fear,62.00
2026-04-16T20:13:10,sad,70.67
2026-04-16T20:13:10,fear,53.34
2026-04-16T20:13:10,sad,61.62
2026-04-16T20:13:11,fear,65.03
2026-04-16T20:13:11,sad,93.12
2026-04-16T20:13:12,fear,99.64
2026-04-16T20:13:14,sad,57.00
2026-04-16T20:13:14,fear,83.44
2026-04-16T20:13:14,sad,69.76
2026-04-16T20:13:16,angry,74.85
2026-04-16T20:13:16,fear,64.92
2026-04-16T20:13:16,sad,82.45
2026-04-16T20:13:16,fear,61.85
2026-04-16T20:13:16,sad,67.18
2026-04-16T20:13:16,fear,86.65
2026-04-16T20:13:17,sad,98.54
2026-04-16T20:13:19,neutral,81.89
2026-04-16T20:13:20,sad,52.02
2026-04-16T20:13:20,fear,64.26
2026-04-16T20:13:21,sad,92.95
2026-04-16T20:13:21,fear,64.37
2026-04-16T20:13:21,sad,76.03
2026-04-16T20:13:21,neutral,83.84
2026-04-16T20:13:22,sad,80.72
2026-04-16T20:13:22,fear,68.05
2026-04-16T20:13:22,sad,69.64
2026-04-16T20:13:23,sad,50.32
2026-04-16T20:13:23,neutral,63.08
2026-04-16T20:13:23,sad,88.59
2026-04-16T20:13:24,angry,98.72
2026-04-16T20:13:24,fear,52.64
2026-04-16T20:13:24,sad,57.08
2026-04-16T20:13:24,angry,85.15
2026-04-16T20:13:25,neutral,85.60
2026-04-16T20:13:25,sad,97.51
2026-04-16T20:13:27,fear,60.24
2026-04-16T20:13:27,sad,93.52
2026-04-16T20:13:27,fear,64.94
2026-04-16T20:13:28,sad,66.13
2026-04-16T20:13:28,fear,71.05
2026-04-16T20:13:29,sad,87.90
2026-04-16T20:13:29,angry,78.78
2026-04-16T20:13:31,happy,86.33
2026-04-16T20:13:31,angry,87.96
2026-04-16T20:13:31,fear,92.08
2026-04-16T20:13:33,surprise,77.19
2026-04-16T20:13:33,angry,54.40
2026-04-16T20:13:34,sad,99.96
2026-04-16T20:13:35,fear,55.95
2026-04-16T20:13:35,angry,97.26
2026-04-16T20:13:35,fear,51.29
2026-04-16T20:13:35,surprise,62.88
2026-04-16T20:13:35,angry,98.94
2026-04-16T20:13:36,fear,55.33
2026-04-16T20:13:36,disgust,42.31
2026-04-16T20:13:36,angry,49.00
2026-04-16T20:13:36,fear,81.95
2026-04-16T20:13:37,angry,53.51
2026-04-16T20:13:37,fear,66.61
2026-04-16T20:13:37,angry,69.15
2026-04-16T20:13:38,fear,54.81
2026-04-16T20:13:38,angry,95.62
2026-04-16T20:13:39,fear,87.66
2026-04-16T20:13:39,angry,56.65
2026-04-16T20:13:40,fear,50.03
2026-04-16T20:13:41,surprise,48.17
2026-04-16T20:13:41,angry,97.26
2026-04-16T20:13:41,sad,99.77
2026-04-16T20:13:41,surprise,95.80
2026-04-16T20:13:41,surprise,75.73
2026-04-16T20:13:41,angry,49.63
2026-04-16T20:13:41,sad,92.62
2026-04-16T20:13:41,surprise,35.85
2026-04-16T20:13:41,angry,99.84
2026-04-16T20:13:41,surprise,76.25
2026-04-16T20:13:41,fear,53.96
2026-04-16T20:13:42,angry,84.07
2026-04-16T20:13:43,neutral,99.94
2026-04-16T20:13:43,surprise,69.98
2026-04-16T20:13:43,sad,90.46
2026-04-16T20:13:49,neutral,60.98
2026-04-16T20:13:54,fear,88.43
2026-04-16T20:13:55,sad,99.46
2026-04-16T20:13:58,fear,88.44
2026-04-16T20:13:58,neutral,50.10
2026-04-16T20:13:58,fear,83.21
2026-04-16T20:14:01,fear,50.57
2026-04-16T20:14:01,sad,96.55
2026-04-16T20:14:03,fear,67.90
2026-04-16T20:14:03,sad,69.29
2026-04-16T20:14:03,fear,94.00
2026-04-16T20:14:03,sad,100.00
2026-04-16T20:14:04,angry,97.53
2026-04-16T20:14:05,sad,100.00
2026-04-16T20:14:05,sad,89.11
2026-04-16T20:14:05,fear,86.30
2026-04-16T20:14:05,neutral,88.91
2026-04-16T20:14:06,sad,57.66
2026-04-16T20:14:06,angry,92.96
2026-04-16T20:14:06,fear,38.64
2026-04-16T20:14:06,neutral,66.13
2026-04-16T20:14:06,fear,61.23
2026-04-16T20:14:06,neutral,89.51
2026-04-16T20:14:07,fear,61.45
2026-04-16T20:14:08,sad,99.86
2026-04-16T20:14:08,surprise,74.57
2026-04-16T20:14:08,happy,68.76
2026-04-16T20:14:08,surprise,61.60
2026-04-16T20:14:08,happy,80.95
2026-04-16T20:14:08,fear,70.82
2026-04-16T20:14:08,fear,94.20
2026-04-16T20:14:09,sad,75.85
2026-04-16T20:14:09,disgust,45.20
2026-04-16T20:14:09,fear,81.93
2026-04-16T20:14:09,fear,73.49
2026-04-16T20:14:09,sad,84.45
2026-04-16T20:14:09,fear,51.27
2026-04-16T20:14:09,neutral,49.28
2026-04-16T20:14:09,fear,96.69
2026-04-16T20:14:09,sad,60.00
2026-04-16T20:14:10,fear,69.62
2026-04-16T20:14:10,sad,69.50
2026-04-16T20:14:10,fear,72.26
2026-04-16T20:14:10,neutral,89.94
2026-04-16T20:14:10,fear,87.66
2026-04-16T20:14:10,sad,70.09
2026-04-16T20:14:11,sad,97.48
2026-04-16T20:14:11,fear,93.26
2026-04-16T20:14:11,fear,69.85
2026-04-16T20:14:11,surprise,44.17
2026-04-16T20:14:11,sad,61.74
2026-04-16T20:14:11,fear,45.40
2026-04-16T20:14:11,sad,59.81
2026-04-16T20:14:12,fear,48.47
2026-04-16T20:14:13,fear,67.75
2026-04-16T20:14:13,sad,85.85
2026-04-16T20:14:13,fear,53.48
2026-04-16T20:14:13,sad,75.38
2026-04-16T20:14:14,fear,63.08
2026-04-16T20:14:14,sad,82.98
2026-04-16T20:14:15,fear,49.26
2026-04-16T20:14:15,sad,88.05
2026-04-16T20:14:15,surprise,67.83
2026-04-16T20:14:17,neutral,70.27
2026-04-16T20:14:20,surprise,98.08
2026-04-16T20:14:21,fear,51.92
2026-04-16T20:14:21,sad,55.69
2026-04-16T20:14:21,sad,86.68
2026-04-16T20:14:21,fear,67.18
2026-04-16T20:14:21,sad,87.88
2026-04-16T20:14:21,fear,53.18
2026-04-16T20:14:22,fear,86.53
2026-04-16T20:14:22,happy,73.46
2026-04-16T20:14:22,sad,61.71
2026-04-16T20:14:22,fear,60.28
2026-04-16T20:14:22,fear,94.90
2026-04-16T20:14:23,angry,98.14
2026-04-16T20:14:23,fear,95.86
2026-04-16T20:14:23,angry,99.14
2026-04-16T20:14:24,sad,70.04
2026-04-16T20:14:24,neutral,47.31
2026-04-16T20:14:24,angry,49.46
2026-04-16T20:14:24,sad,100.00
2026-04-16T20:14:24,neutral,93.95
2026-04-16T20:14:25,angry,83.98
2026-04-16T20:14:26,sad,97.56
2026-04-16T20:14:26,neutral,69.19
2026-04-16T20:14:27,sad,49.29
2026-04-16T20:14:27,neutral,98.34
2026-04-16T20:14:29,angry,54.24
2026-04-16T20:14:29,happy,99.67
2026-04-16T20:14:29,fear,71.84
2026-04-16T20:14:30,sad,59.18
2026-04-16T20:14:31,angry,75.58
2026-04-16T20:14:31,sad,84.27
2026-04-16T20:14:32,fear,71.08
2026-04-16T20:14:32,neutral,65.86
2026-04-16T20:14:32,angry,50.85
2026-04-16T20:14:32,neutral,82.68
2026-04-16T20:14:32,sad,80.43
2026-04-16T20:14:32,neutral,99.41
2026-04-16T20:14:33,angry,54.21
2026-04-16T20:14:33,fear,78.74
2026-04-16T20:14:33,sad,71.68
2026-04-16T20:14:33,fear,40.12
2026-04-16T20:14:33,neutral,58.70
2026-04-16T20:14:33,sad,40.83
2026-04-16T20:14:34,fear,45.09
2026-04-16T20:14:34,sad,51.80
2026-04-16T20:14:35,neutral,99.24
2026-04-16T20:14:35,sad,70.48
2026-04-16T20:14:35,neutral,99.96
2026-04-16T20:14:35,surprise,50.12
2026-04-16T20:14:35,sad,98.29
2026-04-16T20:14:35,happy,90.38
2026-04-16T20:14:36,fear,50.21
2026-04-16T20:14:36,sad,62.70
2026-04-16T20:14:36,fear,73.26
2026-04-16T20:14:36,sad,88.44
2026-04-16T20:14:37,fear,66.06
2026-04-16T20:14:37,sad,84.90
2026-04-16T20:14:37,fear,66.76
2026-04-16T20:14:37,sad,83.92
2026-04-16T20:14:40,fear,56.55
2026-04-16T20:14:40,sad,58.75
2026-04-16T20:14:40,fear,74.30
2026-04-16T20:14:40,sad,53.32
2026-04-16T20:14:40,fear,55.49
2026-04-16T20:14:41,sad,64.89
2026-04-16T20:14:41,fear,81.13
2026-04-16T20:14:41,sad,61.52
2026-04-16T20:14:41,angry,92.95
2026-04-16T20:14:42,neutral,46.40
2026-04-16T20:14:42,fear,80.34
2026-04-16T20:14:42,neutral,42.45
2026-04-16T20:14:42,fear,55.23
2026-04-16T20:14:42,sad,83.62
2026-04-16T20:14:43,neutral,99.43
2026-04-16T20:14:43,happy,87.60
2026-04-16T20:14:43,angry,85.67
2026-04-16T20:14:45,sad,95.52
2026-04-16T20:14:45,fear,51.19
2026-04-16T20:14:45,fear,82.70
2026-04-16T20:14:48,sad,71.42
2026-04-16T20:14:51,happy,99.60
2026-04-16T20:14:58,sad,55.52
2026-04-16T20:14:59,fear,91.35
2026-04-16T20:15:00,angry,93.31
2026-04-16T20:15:04,neutral,88.28
2026-04-16T20:15:04,sad,74.47
2026-04-16T20:15:05,neutral,62.79
2026-04-16T20:15:05,sad,70.75
2026-04-16T20:15:05,neutral,81.65
2026-04-16T20:15:05,sad,84.99
2026-04-16T20:15:05,neutral,97.17
2026-04-16T20:15:06,sad,73.03
2026-04-16T20:15:06,neutral,98.62
2026-04-16T20:15:07,sad,70.12
2026-04-16T20:15:08,sad,82.79
2026-04-16T20:15:14,neutral,96.88
2026-04-16T20:15:14,sad,92.48
2026-04-16T20:15:14,fear,81.09
2026-04-16T20:15:15,sad,82.19
2026-04-16T20:15:19,angry,97.99
2026-04-16T20:15:21,fear,69.67
2026-04-16T20:15:22,neutral,98.90
2026-04-16T20:15:22,sad,64.21
2026-04-16T20:15:23,neutral,95.52
2026-04-16T20:15:24,sad,55.59
2026-04-16T20:15:24,neutral,97.39
2026-04-16T20:15:24,sad,66.05
2026-04-16T20:15:24,fear,97.23
2026-04-16T20:15:24,angry,92.76
2026-04-16T20:15:25,happy,76.01
2026-04-16T20:15:25,angry,96.29
2026-04-16T20:15:25,disgust,87.91
2026-04-16T20:15:25,angry,71.21
2026-04-16T20:15:26,happy,85.19
2026-04-16T20:15:26,fear,34.49
2026-04-16T20:15:26,neutral,99.79
2026-04-16T20:15:26,fear,57.31
2026-04-16T20:15:26,sad,56.73
2026-04-16T20:15:26,fear,54.83
2026-04-16T20:15:26,sad,48.64
2026-04-16T20:15:26,happy,26.13
2026-04-16T20:15:27,angry,55.58
2026-04-16T20:15:27,happy,67.39
2026-04-16T20:15:27,angry,100.00
2026-04-16T20:15:27,fear,99.81
2026-04-16T20:15:28,neutral,67.71
2026-04-16T20:15:28,happy,99.95
2026-04-16T20:15:29,neutral,94.49
2026-04-16T20:15:29,angry,65.14
2026-04-16T20:15:30,fear,61.42
2026-04-16T20:15:30,angry,94.70
2026-04-16T20:15:30,sad,60.80
2026-04-16T20:15:31,angry,97.82
2026-04-16T20:15:31,fear,59.97
2026-04-16T20:15:31,sad,74.38
2026-04-16T20:15:32,fear,51.83
2026-04-16T20:15:32,sad,88.05
2026-04-16T20:15:33,sad,76.45
2026-04-16T20:15:33,fear,57.95
2026-04-16T20:15:33,neutral,48.53
2026-04-16T20:15:33,sad,68.30
2026-04-16T20:15:33,fear,64.57
2026-04-16T20:15:33,fear,70.03
2026-04-16T20:15:33,sad,86.70
2026-04-16T20:15:33,sad,64.20
2026-04-16T20:15:33,neutral,70.93
2026-04-16T20:15:33,fear,57.61
2026-04-16T20:15:33,sad,54.11
2026-04-16T20:15:34,fear,65.48
2026-04-16T20:15:34,fear,53.70
2026-04-16T20:15:35,happy,87.67
2026-04-16T20:15:35,neutral,60.76
2026-04-16T20:15:35,fear,77.61
2026-04-16T20:15:36,sad,63.95
2026-04-16T20:15:36,fear,75.69
2026-04-16T20:15:39,sad,54.24
2026-04-16T20:15:39,fear,82.12
2026-04-16T20:15:39,sad,68.06
2026-04-16T20:15:39,fear,52.49
2026-04-16T20:15:39,sad,55.23
2026-04-16T20:15:40,fear,64.50
2026-04-16T20:15:40,sad,64.90
2026-04-16T20:15:40,fear,52.28
2026-04-16T20:15:40,sad,66.64
2026-04-16T20:15:41,fear,63.21
2026-04-16T20:15:41,sad,52.28
2026-04-16T20:15:41,fear,56.32
2026-04-16T20:15:43,neutral,74.67
2026-04-16T20:15:43,fear,87.64
2026-04-16T20:15:45,sad,56.06
2026-04-16T20:15:45,fear,72.18
2026-04-16T20:15:45,sad,66.14
2026-04-16T20:15:45,fear,57.69
2026-04-16T20:15:45,sad,57.72
2026-04-16T20:15:45,fear,71.83
2026-04-16T20:15:47,sad,77.00
2026-04-16T20:15:47,sad,74.87
2026-04-16T20:15:47,fear,60.56
2026-04-16T20:15:47,sad,88.33
2026-04-16T20:15:49,fear,91.85
2026-04-16T20:15:49,sad,84.81
2026-04-16T20:15:51,fear,51.72
2026-04-16T20:15:51,sad,57.09
2026-04-16T20:15:51,fear,60.74
2026-04-16T20:15:51,sad,68.93
2026-04-16T20:15:52,fear,64.00
2026-04-16T20:15:52,sad,54.28
2026-04-16T20:15:52,fear,53.75
2026-04-16T20:15:52,sad,60.48
2026-04-16T20:15:53,fear,59.49
2026-04-16T20:15:53,sad,50.80
2026-04-16T20:15:53,fear,51.18
2026-04-16T20:15:53,sad,57.29
2026-04-16T20:15:53,fear,65.27
2026-04-16T20:15:53,sad,54.18
2026-04-16T20:15:54,fear,53.26
2026-04-16T20:15:54,sad,63.07
2026-04-16T20:15:55,fear,51.77
2026-04-16T20:15:55,sad,52.97
2026-04-16T20:15:55,fear,58.91
2026-04-16T20:15:55,sad,61.30
2026-04-16T20:15:55,fear,51.04
2026-04-16T20:15:55,sad,68.06
2026-04-16T20:15:57,fear,55.72
2026-04-16T20:15:57,sad,58.58
2026-04-16T20:15:58,fear,52.16
2026-04-16T20:15:58,sad,69.34
2026-04-16T20:15:59,fear,56.06
2026-04-16T20:15:59,sad,73.05
2026-04-16T20:15:59,fear,54.99
2026-04-16T20:15:59,sad,62.29
2026-04-16T20:15:59,fear,60.74
2026-04-16T20:16:00,sad,56.81
2026-04-16T20:16:00,fear,53.96
2026-04-16T20:16:00,sad,55.38
2026-04-16T20:16:00,fear,67.94
2026-04-16T20:16:00,sad,63.72
2026-04-16T20:16:02,fear,54.65
2026-04-16T20:16:02,sad,72.50
2026-04-16T20:16:02,fear,55.33
2026-04-16T20:16:02,sad,60.85
2026-04-16T20:16:02,fear,58.01
2026-04-16T20:16:02,sad,71.99
2026-04-16T20:16:03,fear,65.14
2026-04-16T20:16:03,sad,52.36
2026-04-16T20:16:03,fear,67.57
2026-04-16T20:16:03,sad,65.64
2026-04-16T20:16:03,fear,83.12
2026-04-16T20:16:03,sad,54.78
2026-04-16T20:16:03,fear,84.40
2026-04-16T20:16:04,sad,54.56
2026-04-16T20:16:04,neutral,89.06
2026-04-16T20:16:05,sad,99.88
2026-04-16T20:16:05,happy,94.46
2026-04-16T20:16:05,angry,50.38
2026-04-16T20:16:06,sad,83.04
2026-04-16T20:16:06,fear,52.46
2026-04-16T20:16:06,sad,63.46
2026-04-16T20:16:07,fear,51.15
2026-04-16T20:16:07,neutral,71.84
2026-04-16T20:16:07,fear,64.55
2026-04-16T20:16:07,neutral,98.23
2026-04-16T20:16:08,sad,64.60
2026-04-16T20:16:08,neutral,97.07
2026-04-16T20:16:08,fear,52.72
2026-04-16T20:16:08,neutral,85.39
2026-04-16T20:16:08,fear,54.62
2026-04-16T20:16:08,sad,56.85
2026-04-16T20:16:08,fear,71.77
2026-04-16T20:16:08,neutral,81.87
2026-04-16T20:16:08,fear,75.48
2026-04-16T20:16:09,neutral,58.07
2026-04-16T20:16:09,sad,50.43
2026-04-16T20:16:09,neutral,89.47
2026-04-16T20:16:09,sad,44.65
2026-04-16T20:16:09,fear,72.84
2026-04-16T20:16:09,neutral,93.46
2026-04-16T20:16:10,fear,73.42
2026-04-16T20:16:10,sad,71.91
2026-04-16T20:16:11,fear,51.38
2026-04-16T20:16:11,neutral,97.71
2026-04-16T20:16:11,sad,70.14
2026-04-16T20:16:11,neutral,91.76
2026-04-16T20:16:11,sad,65.43
2026-04-16T20:16:11,fear,85.33
2026-04-16T20:16:11,sad,65.64
2026-04-16T20:16:11,fear,67.51
2026-04-16T20:16:11,sad,54.94
2026-04-16T20:16:12,fear,88.06
2026-04-16T20:16:12,sad,50.99
2026-04-16T20:16:12,fear,84.05
2026-04-16T20:16:12,sad,62.02
2026-04-16T20:16:12,neutral,85.70
2026-04-16T20:16:12,sad,65.52
2026-04-16T20:16:12,fear,63.48
2026-04-16T20:16:13,sad,79.82
2026-04-16T20:16:13,fear,51.29
2026-04-16T20:16:13,sad,67.15
2026-04-16T20:16:13,fear,56.58
2026-04-16T20:16:13,sad,82.67
2026-04-16T20:16:13,fear,57.25
2026-04-16T20:16:13,sad,64.23
2026-04-16T20:16:14,fear,52.79
2026-04-16T20:16:14,sad,67.92
2026-04-16T20:16:14,fear,59.85
2026-04-16T20:16:14,neutral,64.30
2026-04-16T20:16:14,sad,83.08
2026-04-16T20:16:14,fear,64.94
2026-04-16T20:16:14,sad,58.97
2026-04-16T20:16:14,fear,79.20
2026-04-16T20:16:15,sad,70.31
2026-04-16T20:16:15,fear,70.54
2026-04-16T20:16:15,sad,68.97
2026-04-16T20:16:15,fear,88.56
2026-04-16T20:16:15,sad,46.42
2026-04-16T20:16:15,fear,75.02
2026-04-16T20:16:16,sad,55.64
2026-04-16T20:16:16,fear,75.48
2026-04-16T20:16:16,sad,77.02
2026-04-16T20:16:16,fear,50.36
2026-04-16T20:16:16,sad,70.38
2026-04-16T20:16:16,fear,70.80
2026-04-16T20:16:17,sad,55.68
2026-04-16T20:16:17,fear,72.27
2026-04-16T20:16:17,sad,61.27
2026-04-16T20:16:17,fear,79.96
2026-04-16T20:16:18,sad,60.81
2026-04-16T20:16:19,fear,58.35
2026-04-16T20:16:19,sad,52.59
2026-04-16T20:16:19,fear,66.31
2026-04-16T20:16:19,sad,58.55
2026-04-16T20:16:19,fear,68.67
2026-04-16T20:16:19,sad,56.93
2026-04-16T20:16:19,fear,71.97
2026-04-16T20:16:19,sad,70.38
2026-04-16T20:16:19,fear,59.35
2026-04-16T20:16:20,sad,74.76
2026-04-16T20:16:20,fear,55.24
2026-04-16T20:16:20,sad,67.77
2026-04-16T20:16:20,fear,55.55
2026-04-16T20:16:20,sad,81.56
2026-04-16T20:16:20,fear,59.09
2026-04-16T20:16:20,sad,73.67
2026-04-16T20:16:20,fear,73.04
2026-04-16T20:16:21,sad,53.41
2026-04-16T20:16:21,neutral,96.09
2026-04-16T20:16:21,fear,71.95
2026-04-16T20:16:21,neutral,98.69
2026-04-16T20:16:21,sad,77.18
2026-04-16T20:16:21,fear,64.96
2026-04-16T20:16:21,sad,84.58
2026-04-16T20:16:21,fear,50.11
2026-04-16T20:16:22,sad,89.11
2026-04-16T20:16:22,fear,57.79
2026-04-16T20:16:22,angry,89.64
2026-04-16T20:16:22,fear,89.26
2026-04-16T20:16:22,sad,80.33
2026-04-16T20:16:22,angry,74.40
2026-04-16T20:16:23,sad,99.94
2026-04-16T20:16:23,fear,69.71
2026-04-16T20:16:23,sad,76.44
2026-04-16T20:16:23,fear,56.30
2026-04-16T20:16:23,sad,93.27
2026-04-16T20:16:23,fear,89.68
2026-04-16T20:16:24,sad,99.72
2026-04-16T20:16:24,fear,79.01
2026-04-16T20:16:24,angry,82.60
2026-04-16T20:16:25,happy,99.84
2026-04-16T20:16:25,fear,80.19
2026-04-16T20:16:25,angry,89.05
2026-04-16T20:16:25,fear,46.89
2026-04-16T20:16:25,angry,43.04
2026-04-16T20:16:25,fear,68.05
2026-04-16T20:16:25,sad,51.67
2026-04-16T20:16:26,neutral,82.59
2026-04-16T20:16:27,sad,69.76
2026-04-16T20:16:27,neutral,71.24
2026-04-16T20:16:27,sad,36.00
2026-04-16T20:16:28,happy,99.78
2026-04-16T20:16:28,disgust,36.61
2026-04-16T20:16:28,sad,99.13
2026-04-16T20:16:30,neutral,50.00
2026-04-16T20:16:30,sad,73.78
2026-04-16T20:16:31,neutral,61.13
2026-04-16T20:16:31,sad,90.86
2026-04-16T20:16:33,fear,68.92
2026-04-16T20:16:33,sad,58.79
2026-04-16T20:16:34,fear,59.84
2026-04-16T20:16:36,sad,61.46
2026-04-16T20:16:36,fear,64.24
2026-04-16T20:16:36,sad,66.27
2026-04-16T20:16:38,fear,68.71
2026-04-16T20:16:38,sad,58.52
2026-04-16T20:16:38,fear,81.60
2026-04-16T20:16:38,neutral,98.95
2026-04-16T20:16:39,fear,97.09
2026-04-16T20:16:40,neutral,94.12
2026-04-16T20:16:40,fear,98.86
2026-04-16T20:16:42,sad,52.49
2026-04-16T20:16:42,fear,59.52
2026-04-16T20:16:42,sad,51.80
2026-04-16T20:16:42,fear,64.19
2026-04-16T20:16:43,sad,62.87
2026-04-16T20:16:43,fear,71.50
2026-04-16T20:16:43,sad,51.75
2026-04-16T20:16:44,fear,67.14
2026-04-16T20:16:44,sad,59.39
2026-04-16T20:16:44,fear,50.27
2026-04-16T20:16:44,sad,71.96
2026-04-16T20:16:45,fear,70.36
2026-04-16T20:16:45,sad,62.16
2026-04-16T20:16:45,neutral,96.32
2026-04-16T20:16:49,sad,77.48
2026-04-16T20:16:49,neutral,98.80
2026-04-16T20:16:54,sad,71.17
2026-04-16T20:16:54,neutral,84.39
2026-04-16T20:16:55,sad,64.78
2026-04-16T20:16:55,neutral,96.97
2026-04-16T20:16:56,fear,87.94
2026-04-16T20:16:57,sad,62.89
2026-04-16T20:16:57,fear,54.38
2026-04-16T20:16:57,sad,61.72
2026-04-16T20:16:58,fear,52.88
2026-04-16T20:16:58,sad,56.85
2026-04-16T20:16:58,fear,78.04
2026-04-16T20:16:58,sad,56.53
2026-04-16T20:16:58,fear,71.86
2026-04-16T20:16:59,sad,53.14
2026-04-16T20:16:59,fear,68.72
2026-04-16T20:16:59,sad,50.56
2026-04-16T20:16:59,fear,50.03
2026-04-16T20:17:00,sad,88.81
2026-04-16T20:17:02,fear,74.74
2026-04-16T20:17:02,sad,64.54
2026-04-16T20:17:03,fear,53.62
2026-04-16T20:17:03,sad,54.92
2026-04-16T20:17:04,fear,67.99
2026-04-16T20:17:04,sad,63.85
2026-04-16T20:17:04,fear,74.49
2026-04-16T20:17:05,sad,53.95
2026-04-16T20:17:05,fear,89.35
2026-04-16T20:17:05,sad,69.55
2026-04-16T20:17:05,fear,62.31
2026-04-16T20:17:05,sad,55.35
2026-04-16T20:17:05,fear,75.14
2026-04-16T20:17:06,sad,83.45
2026-04-16T20:17:06,fear,78.74
2026-04-16T20:17:07,sad,60.61
2026-04-16T20:17:08,neutral,51.40
2026-04-16T20:17:08,fear,83.58
2026-04-16T20:17:09,sad,82.26
2026-04-16T20:17:10,fear,53.61
2026-04-16T20:17:10,sad,71.58
2026-04-16T20:17:10,fear,54.44
2026-04-16T20:17:11,sad,89.66
2026-04-16T20:17:11,fear,89.52
2026-04-16T20:17:13,sad,90.77
2026-04-16T20:17:13,fear,64.73
2026-04-16T20:17:14,sad,42.18
2026-04-16T20:17:14,fear,89.49
2026-04-16T20:17:14,neutral,49.52
2026-04-16T20:17:14,sad,69.90
2026-04-16T20:17:14,fear,61.25
2026-04-16T20:17:15,sad,94.63
2026-04-16T20:17:15,fear,68.19
2026-04-16T20:17:15,sad,60.62
2026-04-16T20:17:16,fear,59.32
2026-04-16T20:17:16,sad,86.60
2026-04-16T20:17:16,fear,78.28
2026-04-16T20:17:16,sad,58.05
2026-04-16T20:17:17,fear,50.36
2026-04-16T20:17:19,sad,74.76
2026-04-16T20:17:19,fear,77.47
2026-04-16T20:17:19,sad,78.46
2026-04-16T20:17:19,fear,56.01
2026-04-16T20:17:19,sad,63.91
2026-04-16T20:17:19,fear,67.98
2026-04-16T20:17:20,sad,84.58
2026-04-16T20:17:21,fear,55.91
2026-04-16T20:17:21,sad,64.67
2026-04-16T20:17:21,fear,57.81
2026-04-16T20:17:21,sad,91.99
2026-04-16T20:17:22,fear,70.91
2026-04-16T20:17:22,sad,89.69
2026-04-16T20:17:22,fear,55.85
2026-04-16T20:17:22,sad,90.03
2026-04-16T20:17:23,neutral,68.25
2026-04-16T20:17:23,sad,50.42
2026-04-16T20:17:24,fear,68.22
2026-04-16T20:17:24,sad,51.59
2026-04-16T20:17:24,fear,56.96
2026-04-16T20:17:24,neutral,98.14
2026-04-16T20:17:24,fear,81.91
2026-04-16T20:17:24,neutral,94.49
2026-04-16T20:17:24,sad,77.84
2026-04-16T20:17:25,neutral,82.34
2026-04-16T20:17:25,sad,76.54
2026-04-16T20:17:31,fear,62.84
2026-04-16T20:17:31,sad,58.50
2026-04-16T20:17:31,fear,83.72
2026-04-16T20:17:32,sad,54.55
2026-04-16T20:17:32,fear,71.36
2026-04-16T20:17:32,sad,85.21
2026-04-16T20:17:33,fear,74.94
2026-04-16T20:17:33,sad,68.40
2026-04-16T20:17:34,fear,62.80
2026-04-16T20:17:34,neutral,45.59
2026-04-16T20:17:34,sad,60.61
2026-04-16T20:17:34,neutral,46.35
2026-04-16T20:17:34,fear,36.88
2026-04-16T20:17:35,sad,80.99
2026-04-16T20:17:56,fear,68.77
2026-04-16T20:17:57,sad,92.14
2026-04-16T20:17:57,fear,55.36
2026-04-16T20:17:59,sad,80.95
2026-04-16T20:17:59,neutral,75.21
2026-04-16T20:17:59,sad,97.86
2026-04-16T20:17:59,neutral,52.75
2026-04-16T20:18:00,sad,80.83
2026-04-16T20:18:00,neutral,93.16
2026-04-16T20:18:00,sad,93.17
2026-04-16T20:18:00,neutral,79.91
2026-04-16T20:18:02,fear,53.29
2026-04-16T20:18:02,neutral,92.58
2026-04-16T20:18:03,fear,32.04
2026-04-16T20:18:03,sad,42.62
2026-04-16T20:18:03,angry,91.25
2026-04-16T20:18:03,fear,52.05
2026-04-16T20:18:03,angry,45.57
2026-04-16T20:18:04,fear,64.82
2026-04-16T20:18:04,sad,80.65
2026-04-16T20:18:04,fear,52.34
2026-04-16T20:18:04,happy,98.68
2026-04-16T20:18:04,sad,71.96
2026-04-16T20:18:05,fear,96.22
2026-04-16T20:18:05,sad,84.59
2026-04-16T20:18:05,neutral,66.95
2026-04-16T20:18:05,sad,57.15
2026-04-16T20:18:06,neutral,52.25
2026-04-16T20:18:06,sad,58.39
2026-04-16T20:18:06,fear,61.60
2026-04-16T20:18:06,sad,53.38
2026-04-16T20:18:06,angry,66.45
2026-04-16T20:18:06,sad,68.27
2026-04-16T20:18:06,fear,65.33
2026-04-16T20:18:07,sad,49.60
2026-04-16T20:18:07,fear,60.53
2026-04-16T20:18:07,sad,60.05
2026-04-16T20:18:07,neutral,47.23
2026-04-16T20:18:07,fear,68.38
2026-04-16T20:18:07,sad,83.14
2026-04-16T20:18:07,neutral,51.87
2026-04-16T20:18:14,fear,79.24
2026-04-16T20:18:16,neutral,99.83
2026-04-16T20:18:17,fear,52.78
2026-04-16T20:18:17,neutral,98.89
2026-04-16T20:18:17,fear,89.41
2026-04-16T20:18:17,neutral,99.19
2026-04-16T20:18:18,fear,70.55
2026-04-16T20:18:18,neutral,99.87
2026-04-16T20:18:18,fear,90.84
2026-04-16T20:18:19,surprise,74.09
2026-04-16T20:18:19,fear,92.46
2026-04-16T20:18:19,neutral,99.88
2026-04-16T20:18:20,sad,75.12
2026-04-16T20:18:20,neutral,98.47
2026-04-16T20:18:20,sad,76.29
2026-04-16T20:18:20,neutral,92.91
2026-04-16T20:18:21,sad,98.57
2026-04-16T20:18:21,fear,72.03
2026-04-16T20:18:21,angry,99.73
2026-04-16T20:18:22,happy,99.37
2026-04-16T20:18:22,neutral,99.65
2026-04-16T20:18:22,angry,54.38
2026-04-16T20:18:22,neutral,99.76
2026-04-16T20:18:23,happy,75.14
2026-04-16T20:18:23,fear,99.84
2026-04-16T20:18:23,happy,45.97
2026-04-16T20:18:23,sad,59.55
2026-04-16T20:18:23,fear,99.62
2026-04-16T20:18:24,neutral,90.36
2026-04-16T20:18:24,fear,98.04
2026-04-16T20:18:24,neutral,43.17
2026-04-16T20:18:24,fear,97.38
2026-04-16T20:18:25,sad,66.98
2026-04-16T20:18:25,fear,96.74
2026-04-16T20:18:25,sad,68.87
2026-04-16T20:18:25,fear,57.71
2026-04-16T20:18:25,sad,59.53
2026-04-16T20:18:26,fear,72.07
2026-04-16T20:18:27,sad,50.95
2026-04-16T20:18:27,fear,76.50
2026-04-16T20:18:28,sad,54.04
2026-04-16T20:18:28,fear,67.67
2026-04-16T20:18:28,sad,77.00
2026-04-16T20:18:29,neutral,94.70
2026-04-16T20:18:29,sad,96.03
2026-04-16T20:18:30,neutral,80.87
2026-04-16T20:18:30,sad,90.27
2026-04-16T20:18:30,neutral,65.29
2026-04-16T20:18:30,sad,46.86
2026-04-16T20:18:30,neutral,55.22
2026-04-16T20:18:30,angry,49.96
2026-04-16T20:18:31,neutral,36.47
2026-04-16T20:18:31,sad,67.97
2026-04-16T20:18:31,neutral,61.96
2026-04-16T20:18:33,angry,46.83
2026-04-16T20:18:33,neutral,70.54
2026-04-16T20:18:34,sad,51.07
2026-04-16T20:18:34,neutral,40.02
2026-04-16T20:18:34,sad,45.78
2026-04-16T20:18:34,neutral,57.09
2026-04-16T20:18:34,angry,44.98
2026-04-16T20:18:35,sad,55.07
2026-04-16T20:18:35,neutral,62.61
2026-04-16T20:18:35,angry,55.42
2026-04-16T20:18:35,neutral,50.04
2026-04-16T20:18:35,angry,57.27
2026-04-16T20:18:35,neutral,45.82
2026-04-16T20:18:35,angry,58.88
2026-04-16T20:18:35,sad,43.54
2026-04-16T20:18:36,neutral,80.45
2026-04-16T20:18:36,angry,52.29
2026-04-16T20:18:36,sad,43.13
2026-04-16T20:18:36,angry,48.62
2026-04-16T20:18:36,neutral,79.54
2026-04-16T20:18:37,sad,65.73
2026-04-16T20:18:37,neutral,69.52
2026-04-16T20:18:37,angry,47.67
2026-04-16T20:18:37,sad,45.18
2026-04-16T20:18:37,angry,59.28
2026-04-16T20:18:38,neutral,77.04
2026-04-16T20:18:38,sad,56.00
2026-04-16T20:18:38,neutral,39.61
2026-04-16T20:18:38,sad,44.66
2026-04-16T20:18:38,neutral,45.53
2026-04-16T20:18:38,angry,42.13
2026-04-16T20:18:38,sad,59.52
2026-04-16T20:18:38,fear,55.86
2026-04-16T20:18:38,neutral,55.66
2026-04-16T20:18:39,sad,53.37
2026-04-16T20:18:39,neutral,55.40
2026-04-16T20:18:39,angry,37.05
2026-04-16T20:18:39,neutral,49.45
2026-04-16T20:18:39,angry,49.67
2026-04-16T20:18:39,sad,47.58
2026-04-16T20:18:40,neutral,78.94
2026-04-16T20:18:40,angry,48.81
2026-04-16T20:18:40,neutral,34.72
2026-04-16T20:18:40,angry,48.95
2026-04-16T20:18:40,neutral,73.03
2026-04-16T20:18:41,sad,56.29
2026-04-16T20:18:41,neutral,56.27
2026-04-16T20:18:41,sad,52.93
2026-04-16T20:18:41,neutral,66.15
2026-04-16T20:18:41,sad,65.71
2026-04-16T20:18:41,neutral,48.34
2026-04-16T20:18:41,angry,43.90
2026-04-16T20:18:41,neutral,39.36
2026-04-16T20:18:42,sad,43.65
2026-04-16T20:18:42,neutral,77.83
2026-04-16T20:18:43,sad,64.41
2026-04-16T20:18:43,neutral,96.43
2026-04-16T20:18:52,sad,72.46
2026-04-16T20:18:53,neutral,75.59
2026-04-16T20:18:55,sad,66.40
2026-04-16T20:18:55,neutral,75.73
2026-04-16T20:18:55,sad,71.89
2026-04-16T20:18:55,neutral,69.71
2026-04-16T20:18:57,angry,44.55
2026-04-16T20:18:57,neutral,90.09
2026-04-16T20:18:58,sad,52.63
2026-04-16T20:18:58,neutral,67.03
2026-04-16T20:19:02,sad,49.47
2026-04-16T20:19:02,neutral,85.59
2026-04-16T20:19:02,sad,46.83
2026-04-16T20:19:02,neutral,53.40
2026-04-16T20:19:03,sad,47.54
2026-04-16T20:19:03,neutral,51.66
2026-04-16T20:19:04,angry,69.36
2026-04-16T20:19:04,neutral,65.96
2026-04-16T20:19:04,sad,84.47
2026-04-16T20:19:04,neutral,46.91
2026-04-16T20:19:04,sad,46.54
2026-04-16T20:19:05,neutral,64.57
2026-04-16T20:19:05,sad,73.67
2026-04-16T20:19:05,neutral,74.88
2026-04-16T20:19:05,sad,60.29
2026-04-16T20:19:05,neutral,58.20
2026-04-16T20:19:06,fear,54.56
2026-04-16T20:19:06,sad,50.17
2026-04-16T20:19:06,fear,65.87
2026-04-16T20:19:06,neutral,79.59
2026-04-16T20:19:07,fear,89.06
2026-04-16T20:19:07,neutral,93.72
2026-04-16T20:19:07,fear,88.62
2026-04-16T20:19:07,neutral,66.73
2026-04-16T20:19:07,fear,85.57
2026-04-16T20:19:08,neutral,84.35
2026-04-16T20:19:08,sad,49.73
2026-04-16T20:19:08,neutral,89.17
2026-04-16T20:19:08,fear,81.50
2026-04-16T20:19:08,neutral,80.93
2026-04-16T20:19:08,sad,51.98
2026-04-16T20:19:08,fear,50.66
2026-04-16T20:19:09,neutral,84.98
2026-04-16T20:19:09,fear,82.93
2026-04-16T20:19:09,sad,73.44
2026-04-16T20:19:10,neutral,99.86
2026-04-16T20:19:10,sad,99.40
2026-04-16T20:19:13,neutral,99.80
2026-04-16T20:19:14,sad,96.95
2026-04-16T20:19:14,neutral,98.23
2026-04-16T20:19:15,sad,91.58
2026-04-16T20:19:15,neutral,98.82
2026-04-16T20:19:15,sad,93.34
2026-04-16T20:19:15,neutral,98.71
2026-04-16T20:19:15,sad,93.65
2026-04-16T20:19:15,neutral,98.64
2026-04-16T20:19:15,fear,39.90
2026-04-16T20:19:15,neutral,85.01
2026-04-16T20:19:16,fear,83.40
2026-04-16T20:19:16,neutral,95.62
2026-04-16T20:19:17,fear,77.50
2026-04-16T20:19:17,neutral,51.82
2026-04-16T20:19:18,fear,55.62
2026-04-16T20:19:19,neutral,99.63
2026-04-16T20:19:19,sad,50.31
2026-04-16T20:19:19,neutral,99.22
2026-04-16T20:19:19,sad,63.77
2026-04-16T20:19:19,neutral,98.56
2026-04-16T20:19:20,sad,57.19
2026-04-16T20:19:20,neutral,99.47
2026-04-16T20:19:22,sad,69.95
2026-04-16T20:19:22,neutral,99.13
2026-04-16T20:19:25,fear,99.53
2026-04-16T20:19:26,neutral,50.25
2026-04-16T20:19:26,surprise,83.33
2026-04-16T20:19:26,angry,61.86
2026-04-16T20:19:26,fear,37.63
2026-04-16T20:19:26,neutral,42.75
2026-04-16T20:19:27,sad,77.82
2026-04-16T20:19:27,surprise,37.11
2026-04-16T20:19:27,fear,77.80
2026-04-16T20:19:27,angry,95.30
2026-04-16T20:19:27,fear,96.89
2026-04-16T20:19:27,neutral,39.98
2026-04-16T20:19:28,fear,90.12
2026-04-16T20:19:28,sad,65.76
2026-04-16T20:19:28,neutral,68.58
2026-04-16T20:19:28,fear,66.84
2026-04-16T20:19:28,sad,78.87
2026-04-16T20:19:29,fear,62.51
2026-04-16T20:19:29,sad,61.78
2026-04-16T20:19:29,fear,61.69
2026-04-16T20:19:29,sad,77.90
2026-04-16T20:19:29,fear,95.78
2026-04-16T20:19:29,sad,93.55
2026-04-16T20:19:29,fear,78.88
2026-04-16T20:19:30,neutral,90.85
2026-04-16T20:19:30,sad,94.96
2026-04-16T20:19:30,neutral,99.55
2026-04-16T20:19:30,sad,98.87
2026-04-16T20:19:31,fear,63.69
2026-04-16T20:19:31,sad,55.16
2026-04-16T20:19:31,fear,52.14
2026-04-16T20:19:32,neutral,93.64
2026-04-16T20:19:33,fear,92.76
2026-04-16T20:19:33,neutral,94.92
2026-04-16T20:19:33,fear,95.99
2026-04-16T20:19:33,sad,69.34
2026-04-16T20:19:36,neutral,99.74
2026-04-16T20:19:38,happy,96.00
2026-04-16T20:19:38,neutral,100.00
2026-04-16T20:19:38,happy,99.44
2026-04-16T20:19:39,neutral,66.49
2026-04-16T20:19:41,fear,67.22
2026-04-16T20:19:41,neutral,58.06
2026-04-16T20:19:41,fear,88.37
2026-04-16T20:19:41,neutral,68.91
2026-04-16T20:19:41,fear,69.38
2026-04-16T20:19:41,neutral,94.94
2026-04-16T20:19:41,fear,79.37
2026-04-16T20:19:42,neutral,67.42
2026-04-16T20:19:42,fear,47.84
2026-04-16T20:19:42,neutral,98.39
2026-04-16T20:19:43,fear,56.55
2026-04-16T20:19:43,neutral,98.83
2026-04-16T20:19:43,fear,93.05
2026-04-16T20:19:43,neutral,98.91
2026-04-16T20:19:44,happy,73.26
2026-04-16T20:19:45,neutral,90.53
2026-04-16T20:19:45,happy,90.78
2026-04-16T20:19:45,neutral,99.62
2026-04-16T20:19:51,sad,45.57
2026-04-16T20:19:51,neutral,46.16
2026-04-16T20:19:51,sad,92.31
2026-04-16T20:19:51,neutral,75.80
2026-04-16T20:19:52,fear,54.98
2026-04-16T20:19:52,neutral,97.45
2026-04-16T20:19:52,sad,69.68
2026-04-16T20:19:52,fear,58.13
2026-04-16T20:19:52,neutral,99.67
2026-04-16T20:19:52,sad,57.79
2026-04-16T20:19:52,neutral,83.55
2026-04-16T20:19:52,surprise,75.33
2026-04-16T20:19:52,neutral,80.22
2026-04-16T20:19:52,sad,73.19
2026-04-16T20:19:52,neutral,48.94
2026-04-16T20:19:53,sad,63.38
2026-04-16T20:19:53,fear,81.51
2026-04-16T20:19:53,neutral,83.17
2026-04-16T20:19:53,fear,92.66
2026-04-16T20:19:53,sad,62.22
2026-04-16T20:19:53,neutral,90.50
2026-04-16T20:19:53,sad,56.53
2026-04-16T20:19:53,neutral,72.72
2026-04-16T20:19:53,sad,56.70
2026-04-16T20:19:53,fear,77.09
2026-04-16T20:19:53,sad,52.07
2026-04-16T20:19:53,fear,55.75
2026-04-16T20:19:54,sad,68.56
2026-04-16T20:19:54,fear,51.69
2026-04-16T20:19:54,sad,65.46
2026-04-16T20:19:54,fear,52.61
2026-04-16T20:19:54,sad,73.93
2026-04-16T20:19:55,fear,63.74
2026-04-16T20:19:55,angry,54.86
2026-04-16T20:19:55,fear,60.07
2026-04-16T20:19:56,angry,56.40
2026-04-16T20:19:56,fear,87.64
2026-04-16T20:19:56,sad,56.93
2026-04-16T20:19:56,happy,33.21
2026-04-16T20:19:56,fear,67.28
2026-04-16T20:19:56,neutral,66.13
2026-04-16T20:19:56,fear,52.59
2026-04-16T20:19:56,neutral,53.54
2026-04-16T20:20:02,fear,94.66
2026-04-16T20:20:02,neutral,97.75
2026-04-16T20:20:03,sad,94.38
2026-04-16T20:20:03,fear,56.72
2026-04-16T20:20:03,sad,82.71
2026-04-16T20:20:04,neutral,96.81
2026-04-16T20:20:04,sad,52.47
2026-04-16T20:20:04,fear,64.70
2026-04-16T20:20:04,neutral,97.11
2026-04-16T20:20:04,fear,67.04
2026-04-16T20:20:04,sad,57.17
2026-04-16T20:20:04,neutral,95.57
2026-04-16T20:20:05,sad,59.99
2026-04-16T20:20:05,neutral,97.49
2026-04-16T20:20:05,fear,52.33
2026-04-16T20:20:05,sad,56.53
2026-04-16T20:20:05,neutral,95.51
2026-04-16T20:20:05,sad,66.65
2026-04-16T20:20:05,neutral,91.62
2026-04-16T20:20:05,fear,67.33
2026-04-16T20:20:05,sad,53.22
2026-04-16T20:20:06,fear,57.80
2026-04-16T20:20:06,neutral,99.07
2026-04-16T20:20:06,fear,68.73
2026-04-16T20:20:06,sad,50.73
2026-04-16T20:20:06,neutral,83.78
2026-04-16T20:20:06,sad,61.82
2026-04-16T20:20:06,neutral,55.13
2026-04-16T20:20:06,sad,64.04
2026-04-16T20:20:06,neutral,57.13
2026-04-16T20:20:06,sad,48.78
2026-04-16T20:20:06,neutral,54.77
2026-04-16T20:20:07,sad,64.07
2026-04-16T20:20:08,fear,69.10
2026-04-16T20:20:09,sad,44.79
2026-04-16T20:20:09,fear,53.65
2026-04-16T20:20:09,sad,65.22
2026-04-16T20:20:09,fear,79.96
2026-04-16T20:20:10,sad,66.58
2026-04-16T20:20:11,fear,58.83
2026-04-16T20:20:11,sad,51.07
2026-04-16T20:20:11,fear,60.77
2026-04-16T20:20:13,sad,51.13
2026-04-16T20:20:13,neutral,93.11
2026-04-16T20:20:13,fear,57.46
2026-04-16T20:20:13,neutral,91.92
2026-04-16T20:20:13,sad,52.83
2026-04-16T20:20:15,neutral,93.81
2026-04-16T20:20:15,sad,95.47
2026-04-16T20:20:19,neutral,99.51
2026-04-16T20:20:20,sad,68.27
2026-04-16T20:20:20,neutral,44.39
2026-04-16T20:20:20,angry,67.31
2026-04-16T20:20:20,neutral,87.38
2026-04-16T20:20:21,angry,45.20
2026-04-16T20:20:21,neutral,61.66
2026-04-16T20:20:21,sad,97.12
2026-04-16T20:20:21,neutral,75.96
2026-04-16T20:20:21,angry,57.90
2026-04-16T20:20:21,neutral,91.69
2026-04-16T20:20:22,sad,86.81
2026-04-16T20:20:22,happy,52.99
2026-04-16T20:20:22,neutral,97.65
2026-04-16T20:20:23,sad,66.12
2026-04-16T20:20:23,fear,55.21
2026-04-16T20:20:23,sad,50.90
2026-04-16T20:20:23,fear,91.68
2026-04-16T20:20:23,sad,90.10
2026-04-16T20:20:24,angry,71.02
2026-04-16T20:20:24,sad,90.25
2026-04-16T20:20:24,angry,43.51
2026-04-16T20:20:24,sad,91.84
2026-04-16T20:20:25,angry,48.89
2026-04-16T20:20:25,fear,80.29
2026-04-16T20:20:25,sad,70.64
2026-04-16T20:20:25,fear,64.09
2026-04-16T20:20:25,sad,65.99
2026-04-16T20:20:25,fear,58.19
2026-04-16T20:20:25,neutral,76.35
2026-04-16T20:20:25,sad,67.74
2026-04-16T20:20:25,fear,69.56
2026-04-16T20:20:25,sad,66.37
2026-04-16T20:20:26,fear,73.67
2026-04-16T20:20:26,sad,70.96
2026-04-16T20:20:26,fear,81.20
2026-04-16T20:20:26,sad,71.31
2026-04-16T20:20:26,fear,52.47
2026-04-16T20:20:26,sad,63.99
2026-04-16T20:20:26,fear,73.46
2026-04-16T20:20:26,sad,55.89
2026-04-16T20:20:26,fear,79.86
2026-04-16T20:20:26,sad,56.49
2026-04-16T20:20:26,fear,90.81
2026-04-16T20:20:27,sad,56.68
2026-04-16T20:20:27,fear,63.77
2026-04-16T20:20:27,sad,55.98
2026-04-16T20:20:27,neutral,56.18
2026-04-16T20:20:27,sad,99.00
2026-04-16T20:20:28,fear,55.79
2026-04-16T20:20:28,sad,75.03
2026-04-16T20:20:28,fear,90.96
2026-04-16T20:20:29,angry,39.67
2026-04-16T20:20:29,neutral,51.53
2026-04-16T20:20:29,angry,50.71
2026-04-16T20:20:29,sad,98.41
2026-04-16T20:20:29,neutral,49.87
2026-04-16T20:20:29,sad,84.15
2026-04-16T20:20:30,fear,77.59
2026-04-16T20:20:30,sad,65.11
2026-04-16T20:20:31,neutral,93.32
2026-04-16T20:20:31,sad,44.44
2026-04-16T20:20:31,neutral,41.88
2026-04-16T20:20:31,sad,99.27
2026-04-16T20:20:31,happy,82.94
2026-04-16T20:20:32,sad,91.57
2026-04-16T20:20:32,happy,55.94
2026-04-16T20:20:32,sad,50.11
2026-04-16T20:20:32,neutral,74.08
2026-04-16T20:20:32,sad,99.49
2026-04-16T20:20:33,fear,81.08
2026-04-16T20:20:35,sad,82.96
2026-04-16T20:20:35,fear,63.06
2026-04-16T20:20:35,sad,52.71
2026-04-16T20:20:36,fear,55.61
2026-04-16T20:20:36,sad,50.04
2026-04-16T20:20:37,fear,59.63
2026-04-16T20:20:37,sad,79.30
2026-04-16T20:20:38,fear,50.14
2026-04-16T20:20:38,sad,85.78
2026-04-16T20:20:41,neutral,50.62
2026-04-16T20:20:41,sad,96.51
2026-04-16T20:20:41,fear,84.45
2026-04-16T20:20:41,sad,68.81
2026-04-16T20:20:41,fear,98.69
2026-04-16T20:20:41,sad,56.72
2026-04-16T20:20:41,fear,56.64
2026-04-16T20:20:41,angry,67.56
2026-04-16T20:20:42,surprise,87.68
2026-04-16T20:20:42,angry,97.22
2026-04-16T20:20:42,fear,64.66
2026-04-16T20:20:42,angry,97.24
2026-04-16T20:20:42,fear,95.48
2026-04-16T20:20:42,angry,90.47
2026-04-16T20:20:42,fear,90.88
2026-04-16T20:20:43,sad,61.48
2026-04-16T20:20:43,fear,89.68
2026-04-16T20:20:43,sad,86.68
2026-04-16T20:20:44,fear,81.75
2026-04-16T20:20:44,sad,65.73
2026-04-16T20:20:44,fear,73.62
2026-04-16T20:20:44,sad,56.68
2026-04-16T20:20:44,fear,79.12
2026-04-16T20:20:44,sad,69.03
2026-04-16T20:20:45,fear,61.51
2026-04-16T20:20:45,sad,78.24
2026-04-16T20:20:45,fear,61.24
2026-04-16T20:20:47,sad,53.75
2026-04-16T20:20:47,angry,50.12
2026-04-16T20:20:47,fear,69.28
2026-04-16T20:20:48,sad,62.17
2026-04-16T20:20:49,neutral,95.49
2026-04-16T20:20:49,sad,87.10
2026-04-16T20:20:51,fear,54.07
2026-04-16T20:20:51,sad,78.40
2026-04-16T20:20:51,fear,75.19
2026-04-16T20:20:52,sad,54.37
2026-04-16T20:20:52,fear,70.44
2026-04-16T20:20:52,neutral,45.46
2026-04-16T20:20:52,sad,55.26
2026-04-16T20:20:52,fear,67.35
2026-04-16T20:20:52,sad,72.64
2026-04-16T20:20:53,fear,52.74
2026-04-16T20:20:53,sad,78.80
2026-04-16T20:20:53,neutral,92.00
2026-04-16T20:20:53,sad,78.79
2026-04-16T20:20:53,fear,54.37
2026-04-16T20:20:53,sad,70.54
2026-04-16T20:20:53,neutral,98.65
2026-04-16T20:20:53,fear,53.27
2026-04-16T20:20:53,neutral,97.67
2026-04-16T20:20:54,fear,51.55
2026-04-16T20:20:54,sad,77.85
2026-04-16T20:20:54,neutral,95.10
2026-04-16T20:20:54,sad,52.24
2026-04-16T20:20:54,neutral,94.28
2026-04-16T20:20:54,sad,60.26
2026-04-16T20:20:54,neutral,78.00
2026-04-16T20:20:54,sad,66.62
2026-04-16T20:20:54,fear,59.40
2026-04-16T20:20:54,sad,65.80
2026-04-16T20:20:55,fear,62.85
2026-04-16T20:20:55,sad,69.74
2026-04-16T20:20:55,neutral,83.18
2026-04-16T20:20:55,sad,53.54
2026-04-16T20:20:55,neutral,50.59
2026-04-16T20:20:55,sad,52.04
2026-04-16T20:20:55,fear,50.39
2026-04-16T20:20:55,sad,71.88
2026-04-16T20:20:55,fear,61.90
2026-04-16T20:20:55,sad,63.79
2026-04-16T20:20:55,neutral,81.24
2026-04-16T20:20:55,sad,73.53
2026-04-16T20:20:56,fear,46.70
2026-04-16T20:20:56,sad,36.01
2026-04-16T20:20:56,angry,39.58
2026-04-16T20:20:56,sad,38.11
2026-04-16T20:20:56,neutral,55.57
2026-04-16T20:20:58,fear,64.85
2026-04-16T20:20:58,sad,58.37
2026-04-16T20:20:59,fear,58.45
2026-04-16T20:20:59,sad,56.56
2026-04-16T20:20:59,fear,65.03
2026-04-16T20:20:59,sad,53.19
2026-04-16T20:20:59,fear,56.19
2026-04-16T20:20:59,sad,50.18
2026-04-16T20:20:59,fear,53.96
2026-04-16T20:20:59,sad,53.86
2026-04-16T20:20:59,fear,50.37
2026-04-16T20:20:59,sad,53.82
2026-04-16T20:21:00,fear,49.97
2026-04-16T20:21:00,sad,61.82
2026-04-16T20:21:00,fear,51.64
2026-04-16T20:21:00,sad,66.53
2026-04-16T20:21:01,neutral,97.43
2026-04-16T20:21:01,sad,92.33
2026-04-16T20:21:01,neutral,94.82
2026-04-16T20:21:01,sad,91.97
2026-04-16T20:21:02,neutral,99.94
2026-04-16T20:21:03,sad,72.80
2026-04-16T20:21:03,fear,55.33
2026-04-16T20:21:03,sad,65.97
2026-04-16T20:21:04,neutral,96.14
2026-04-16T20:21:12,fear,56.42
2026-04-16T20:21:12,sad,60.24
2026-04-16T20:21:12,fear,73.87
2026-04-16T20:21:12,sad,60.77
2026-04-16T20:21:12,fear,69.25
2026-04-16T20:21:12,sad,65.71
2026-04-16T20:21:13,fear,63.38
2026-04-16T20:21:13,neutral,61.82
2026-04-16T20:21:24,fear,64.30
2026-04-16T20:21:24,sad,57.54
2026-04-16T20:21:25,fear,64.94
2026-04-16T20:21:25,sad,46.93
2026-04-16T20:21:25,fear,51.97
2026-04-16T20:21:25,sad,60.96
2026-04-16T20:21:25,fear,81.53
2026-04-16T20:21:26,sad,61.35
2026-04-16T20:21:26,angry,43.97
2026-04-16T20:21:26,sad,77.58
2026-04-16T20:21:26,neutral,78.50
2026-04-16T20:21:31,fear,77.99
2026-04-16T20:21:31,sad,90.76
2026-04-16T20:21:32,fear,52.52
2026-04-16T20:21:32,sad,62.51
2026-04-16T20:21:32,fear,67.64
2026-04-16T20:21:33,sad,51.41
2026-04-16T20:21:33,fear,57.06
2026-04-16T20:21:33,sad,82.82
2026-04-16T20:21:33,fear,62.31
2026-04-16T20:21:34,sad,70.12
2026-04-16T20:21:34,fear,79.07
2026-04-16T20:21:36,sad,60.26
2026-04-16T20:21:36,neutral,90.07
2026-04-16T20:21:37,sad,89.38
2026-04-16T20:21:37,fear,91.48
2026-04-16T20:21:37,sad,62.79
2026-04-16T20:21:37,fear,65.51
2026-04-16T20:21:37,angry,73.20
2026-04-16T20:21:37,fear,94.67
2026-04-16T20:21:38,angry,69.58
2026-04-16T20:21:38,fear,96.35
2026-04-16T20:21:38,angry,74.07
2026-04-16T20:21:38,fear,97.04
2026-04-16T20:21:39,sad,65.12
2026-04-16T20:21:39,neutral,92.34
2026-04-16T20:21:39,sad,98.66
2026-04-16T20:21:39,fear,57.51
2026-04-16T20:21:39,neutral,69.97
2026-04-16T20:21:41,sad,52.99
2026-04-16T20:21:41,neutral,88.02
2026-04-16T20:21:43,fear,99.05
2026-04-16T20:21:43,sad,48.03
2026-04-16T20:21:43,neutral,47.05
2026-04-16T20:21:43,sad,54.17
2026-04-16T20:21:43,neutral,82.61
2026-04-16T20:21:43,sad,86.86
2026-04-16T20:21:44,fear,56.69
2026-04-16T20:21:46,neutral,96.02
2026-04-16T20:21:46,fear,88.53
2026-04-16T20:21:46,neutral,90.29
2026-04-16T20:21:46,fear,90.09
2026-04-16T20:21:51,neutral,76.58
2026-04-16T20:21:51,fear,94.78
2026-04-16T20:21:51,sad,52.60
2026-04-16T20:21:51,neutral,88.49
2026-04-16T20:21:51,fear,96.97
2026-04-16T20:21:51,neutral,75.67
2026-04-16T20:21:51,sad,54.06
2026-04-16T20:21:51,neutral,80.48
2026-04-16T20:21:52,sad,60.54
2026-04-16T20:21:52,neutral,92.19
2026-04-16T20:21:52,sad,51.82
2026-04-16T20:21:52,neutral,75.05
2026-04-16T20:21:53,sad,71.97
2026-04-16T20:21:53,neutral,65.15
2026-04-16T20:21:54,sad,55.56
2026-04-16T20:21:54,neutral,64.83
2026-04-16T20:21:54,sad,66.43
2026-04-16T20:21:54,neutral,57.82
2026-04-16T20:21:54,sad,57.93
2026-04-16T20:21:55,neutral,73.52
2026-04-16T20:21:55,sad,68.58
2026-04-16T20:21:55,neutral,70.26
2026-04-16T20:21:55,sad,76.67
2026-04-16T20:21:55,neutral,75.82
2026-04-16T20:21:55,sad,78.52
2026-04-16T20:21:55,neutral,91.67
2026-04-16T20:21:56,fear,93.21
2026-04-16T20:21:56,neutral,66.08
2026-04-16T20:21:56,sad,80.66
2026-04-16T20:21:56,neutral,74.81
2026-04-16T20:21:56,sad,61.07
2026-04-16T20:21:56,neutral,88.42
2026-04-16T20:21:56,fear,79.26
2026-04-16T20:21:56,sad,52.86
2026-04-16T20:21:56,fear,73.54
2026-04-16T20:21:57,sad,67.29
2026-04-16T20:21:57,fear,62.96
2026-04-16T20:21:58,sad,54.11
2026-04-16T20:21:58,fear,64.75
2026-04-16T20:21:58,sad,58.46
2026-04-16T20:21:58,fear,81.69
2026-04-16T20:21:59,sad,62.40
2026-04-16T20:21:59,fear,61.46
2026-04-16T20:21:59,sad,60.16
2026-04-16T20:21:59,fear,51.88
2026-04-16T20:21:59,sad,75.60
2026-04-16T20:22:00,fear,54.10
2026-04-16T20:22:00,sad,78.94
2026-04-16T20:22:00,fear,61.09
2026-04-16T20:22:00,sad,52.77
2026-04-16T20:22:00,fear,63.76
2026-04-16T20:22:06,sad,86.20
2026-04-16T20:22:07,fear,96.10
2026-04-16T20:22:07,sad,59.01
2026-04-16T20:22:07,fear,56.92
2026-04-16T20:22:09,sad,63.94
2026-04-16T20:22:09,fear,71.63
2026-04-16T20:22:10,sad,90.11
2026-04-16T20:22:10,fear,75.25
2026-04-16T20:22:10,sad,52.32
2026-04-16T20:22:10,fear,81.32
2026-04-16T20:22:10,sad,64.89
2026-04-16T20:22:10,fear,87.54
2026-04-16T20:22:10,sad,76.24
2026-04-16T20:22:10,fear,83.25
2026-04-16T20:22:11,sad,81.10
2026-04-16T20:22:11,fear,87.72
2026-04-16T20:22:11,sad,51.01
2026-04-16T20:22:11,fear,68.73
2026-04-16T20:22:11,sad,79.42
2026-04-16T20:22:11,fear,64.62
2026-04-16T20:22:11,sad,73.62
2026-04-16T20:22:12,fear,72.29
2026-04-16T20:22:12,sad,79.92
2026-04-16T20:22:12,fear,76.28
2026-04-16T20:22:12,angry,51.07
2026-04-16T20:22:12,sad,65.72
2026-04-16T20:22:12,fear,76.04
2026-04-16T20:22:12,sad,72.01
2026-04-16T20:22:13,fear,75.80
2026-04-16T20:22:13,sad,85.34
2026-04-16T20:22:13,fear,72.13
2026-04-16T20:22:13,sad,69.67
2026-04-16T20:22:13,fear,71.70
2026-04-16T20:22:13,sad,76.75
2026-04-16T20:22:13,fear,71.76
2026-04-16T20:22:13,sad,76.36
2026-04-16T20:22:14,fear,77.18
2026-04-16T20:22:20,angry,58.52
2026-04-16T20:22:20,fear,88.56
2026-04-16T20:22:22,angry,68.81
2026-04-16T20:22:22,fear,96.89
2026-04-16T20:22:22,angry,99.61
2026-04-16T20:22:22,fear,52.47
2026-04-16T20:22:22,angry,62.78
2026-04-16T20:22:22,fear,62.52
2026-04-16T20:22:23,angry,89.60
2026-04-16T20:22:23,fear,88.39
2026-04-16T20:22:23,angry,83.96
2026-04-16T20:22:23,fear,95.74
2026-04-16T20:22:23,angry,68.21
2026-04-16T20:22:23,fear,96.71
2026-04-16T20:22:24,angry,77.16
2026-04-16T20:22:24,fear,96.51
2026-04-16T20:22:24,angry,87.58
2026-04-16T20:22:24,fear,82.51
2026-04-16T20:22:24,angry,70.96
2026-04-16T20:22:24,fear,95.92
2026-04-16T20:22:24,angry,83.53
2026-04-16T20:22:25,fear,55.24
2026-04-16T20:22:25,angry,91.57
2026-04-16T20:22:25,fear,96.65
2026-04-16T20:22:25,angry,93.83
2026-04-16T20:22:25,fear,97.44
2026-04-16T20:22:26,angry,79.53
2026-04-16T20:22:26,fear,92.16
2026-04-16T20:22:26,angry,94.60
2026-04-16T20:22:26,fear,98.29
2026-04-16T20:22:26,angry,66.88
2026-04-16T20:22:26,fear,93.82
2026-04-16T20:22:27,angry,69.87
2026-04-16T20:22:27,fear,93.79
2026-04-16T20:22:28,angry,70.80
2026-04-16T20:22:28,fear,97.27
2026-04-16T20:22:28,angry,63.59
2026-04-16T20:22:28,fear,85.35
2026-04-16T20:22:28,angry,88.26
2026-04-16T20:22:29,fear,59.48
2026-04-16T20:22:29,angry,99.05
2026-04-16T20:22:29,fear,89.90
2026-04-16T20:22:29,angry,95.95
2026-04-16T20:22:29,fear,96.78
2026-04-16T20:22:29,angry,59.28
2026-04-16T20:22:29,fear,97.35
2026-04-16T20:22:29,angry,70.42
2026-04-16T20:22:30,fear,95.19
2026-04-16T20:22:30,angry,96.05
2026-04-16T20:22:30,fear,98.02
2026-04-16T20:22:30,angry,94.49
2026-04-16T20:22:30,fear,98.55
2026-04-16T20:22:30,angry,49.56
2026-04-16T20:22:30,fear,97.20
2026-04-16T20:22:30,angry,74.19
2026-04-16T20:22:30,fear,66.73
2026-04-16T20:22:31,angry,97.01
2026-04-16T20:22:31,fear,98.12
2026-04-16T20:22:31,angry,95.52
2026-04-16T20:22:31,fear,98.22
2026-04-16T20:22:31,angry,74.27
2026-04-16T20:22:31,fear,97.60
2026-04-16T20:22:31,angry,71.77
2026-04-16T20:22:31,fear,66.90
2026-04-16T20:22:32,angry,85.37
2026-04-16T20:22:32,fear,97.01
2026-04-16T20:22:32,angry,91.04
2026-04-16T20:22:32,fear,98.18
2026-04-16T20:22:32,angry,53.11
2026-04-16T20:22:32,fear,98.19
2026-04-16T20:22:32,angry,83.07
2026-04-16T20:22:32,fear,84.08
2026-04-16T20:22:33,angry,93.88
2026-04-16T20:22:33,fear,98.13
2026-04-16T20:22:33,angry,95.32
2026-04-16T20:22:33,fear,96.33
2026-04-16T20:22:33,angry,63.62
2026-04-16T20:22:33,fear,93.62
2026-04-16T20:22:33,angry,76.18
2026-04-16T20:22:34,fear,93.39
2026-04-16T20:22:34,angry,96.83
2026-04-16T20:22:34,fear,97.41
2026-04-16T20:22:34,angry,88.60
2026-04-16T20:22:34,fear,56.07
2026-04-16T20:22:35,angry,95.92
2026-04-16T20:22:35,fear,97.84
2026-04-16T20:22:35,angry,92.07
2026-04-16T20:22:35,fear,96.04
2026-04-16T20:22:35,angry,94.10
2026-04-16T20:22:35,fear,94.33
2026-04-16T20:22:35,angry,97.14
2026-04-16T20:22:35,fear,97.49
2026-04-16T20:22:36,angry,97.23
2026-04-16T20:22:36,fear,97.64
2026-04-16T20:22:36,angry,72.98
2026-04-16T20:22:36,fear,97.69
2026-04-16T20:22:36,angry,86.86
2026-04-16T20:22:36,fear,90.09
2026-04-16T20:22:36,angry,95.87
2026-04-16T20:22:36,fear,97.44
2026-04-16T20:22:37,angry,96.43
2026-04-16T20:22:37,fear,98.33
2026-04-16T20:22:37,angry,84.30
2026-04-16T20:22:37,fear,93.45
2026-04-16T20:22:37,angry,93.64
2026-04-16T20:22:37,fear,98.66
2026-04-16T20:22:38,angry,89.12
2026-04-16T20:22:38,fear,97.51
2026-04-16T20:22:38,angry,73.63
2026-04-16T20:22:38,fear,96.09
2026-04-16T20:22:38,angry,95.95
2026-04-16T20:22:38,fear,96.74
2026-04-16T20:22:38,angry,94.83
2026-04-16T20:22:38,fear,98.16
2026-04-16T20:22:39,angry,62.97
2026-04-16T20:22:39,fear,97.52
2026-04-16T20:22:39,angry,88.26
2026-04-16T20:22:39,fear,97.80
2026-04-16T20:22:39,angry,76.49
2026-04-16T20:22:39,fear,88.51
2026-04-16T20:22:39,angry,59.76
2026-04-16T20:22:39,fear,78.86
2026-04-16T20:22:40,angry,81.17
2026-04-16T20:22:40,fear,97.44
2026-04-16T20:22:40,angry,75.33
2026-04-16T20:22:40,fear,97.09
2026-04-16T20:22:40,angry,51.62
2026-04-16T20:22:41,fear,66.23
2026-04-16T20:22:41,angry,77.54
2026-04-16T20:22:41,fear,96.92
2026-04-16T20:22:41,angry,68.45
2026-04-16T20:22:41,fear,93.64
2026-04-16T20:22:42,angry,73.95
2026-04-16T20:22:42,fear,96.45
2026-04-16T20:22:43,angry,63.94
2026-04-16T20:22:43,fear,94.39
2026-04-16T20:22:43,angry,81.95
2026-04-16T20:22:43,fear,96.63
2026-04-16T20:22:44,angry,75.57
2026-04-16T20:22:44,fear,96.97
2026-04-16T20:22:44,angry,83.81
2026-04-16T20:22:44,fear,98.54
2026-04-16T20:22:44,angry,69.53
2026-04-16T20:22:44,fear,97.70
2026-04-16T20:22:44,angry,51.19
2026-04-16T20:22:44,fear,62.47
2026-04-16T20:22:44,angry,61.00
2026-04-16T20:22:45,fear,58.33
2026-04-16T20:22:45,angry,58.36
2026-04-16T20:22:45,fear,86.85
2026-04-16T20:22:46,angry,72.71
2026-04-16T20:22:46,fear,86.70
2026-04-16T20:22:46,sad,76.43
2026-04-16T20:22:46,fear,83.50
2026-04-16T20:22:46,neutral,99.54
2026-04-16T20:22:49,label_2,52.27
2026-04-16T20:22:56,fear,52.36
2026-04-16T20:22:56,neutral,79.61
2026-04-16T20:22:57,sad,94.97
2026-04-16T20:22:57,fear,72.37
2026-04-16T20:22:57,neutral,59.77
2026-04-16T20:22:58,sad,86.05
2026-04-16T20:22:58,neutral,98.31
2026-04-16T20:22:58,sad,89.78
2026-04-16T20:22:58,neutral,97.98
2026-04-16T20:22:59,label_4,45.65
2026-04-16T20:23:12,fear,81.81
2026-04-16T20:23:12,neutral,95.48
2026-04-16T20:23:13,sad,90.05
2026-04-16T20:23:14,fear,86.40
2026-04-16T20:23:14,sad,77.13
2026-04-16T20:23:14,label_3,38.65
2026-04-16T20:23:14,neutral,95.62
2026-04-16T20:23:15,fear,71.39
2026-04-16T20:23:15,neutral,99.43
2026-04-16T20:23:15,fear,95.47
2026-04-16T20:23:16,label_4,31.11
2026-04-16T20:23:17,angry,99.90
2026-04-16T20:23:17,fear,91.07
2026-04-16T20:23:17,label_3,33.12
2026-04-16T20:23:18,sad,59.38
2026-04-16T20:23:18,fear,84.49
2026-04-16T20:23:18,label_4,46.09
2026-04-16T20:23:19,sad,78.90
2026-04-16T20:23:19,label_3,37.30
2026-04-16T20:23:19,neutral,63.23
2026-04-16T20:23:19,label_4,27.49
2026-04-16T20:23:20,fear,98.43
2026-04-16T20:23:21,label_3,55.33
2026-04-16T20:23:21,label_2,33.32
2026-04-16T20:23:21,sad,60.97
2026-04-16T20:23:22,neutral,98.56
2026-04-16T20:23:22,fear,84.23
2026-04-16T20:23:22,neutral,58.92
2026-04-16T20:23:22,fear,74.95
2026-04-16T20:23:23,neutral,75.58
2026-04-16T20:23:25,fear,79.36
2026-04-16T20:23:25,sad,56.39
2026-04-16T20:23:25,fear,83.12
2026-04-16T20:23:26,sad,52.24
2026-04-16T20:23:26,fear,86.27
2026-04-16T20:23:26,sad,48.20
2026-04-16T20:23:26,fear,69.92
2026-04-16T20:23:27,label_3,29.89
2026-04-16T20:23:27,label_5,28.24
2026-04-16T20:23:29,sad,71.32
2026-04-16T20:23:29,fear,41.33
2026-04-16T20:23:29,neutral,53.47
2026-04-16T20:23:29,sad,79.65
2026-04-16T20:23:29,fear,51.12
2026-04-16T20:23:29,sad,55.82
2026-04-16T20:23:30,fear,63.02
2026-04-16T20:23:30,sad,83.16
2026-04-16T20:23:31,fear,76.38
2026-04-16T20:23:33,label_4,59.43
2026-04-16T20:23:34,label_3,38.53
2026-04-16T20:23:36,label_4,31.75
2026-04-16T20:23:36,label_3,40.22
2026-04-16T20:23:37,label_6,37.97
2026-04-16T20:23:38,label_2,52.46
2026-04-16T20:23:38,label_6,35.39
2026-04-16T20:23:39,label_4,33.85
2026-04-16T20:23:40,label_6,27.12
2026-04-16T20:23:41,label_2,27.57
2026-04-16T20:23:42,label_3,25.28
2026-04-16T20:23:43,label_2,44.42
2026-04-16T20:23:43,label_6,25.88
2026-04-16T20:23:44,label_2,30.22
2026-04-16T20:23:45,angry,71.02
2026-04-16T20:23:45,fear,98.64
2026-04-16T20:23:47,label_4,30.01
2026-04-16T20:23:48,label_6,35.71
2026-04-16T20:23:48,label_2,29.43
2026-04-16T20:23:49,angry,74.13
2026-04-16T20:23:49,fear,91.94
2026-04-16T20:23:49,label_6,46.48
2026-04-16T20:23:50,label_4,32.78
2026-04-16T20:23:52,label_6,43.78
2026-04-16T20:23:52,label_4,51.54
2026-04-16T20:23:53,label_3,28.51
2026-04-16T20:23:53,label_6,36.53
2026-04-16T20:23:53,angry,77.07
2026-04-16T20:23:54,fear,54.21
2026-04-16T20:23:54,angry,61.81
2026-04-16T20:23:54,fear,91.44
2026-04-16T20:23:54,label_4,32.77
2026-04-16T20:23:54,angry,72.06
2026-04-16T20:23:54,fear,71.63
2026-04-16T20:23:54,angry,83.06
2026-04-16T20:23:55,fear,68.77
2026-04-16T20:23:55,angry,52.39
2026-04-16T20:23:55,fear,60.46
2026-04-16T20:23:55,angry,61.35
2026-04-16T20:23:55,label_6,30.23
2026-04-16T20:23:55,fear,92.09
2026-04-16T20:23:56,label_3,32.03
2026-04-16T20:23:56,angry,62.37
2026-04-16T20:23:56,fear,86.70
2026-04-16T20:23:56,label_4,47.67
2026-04-16T20:23:57,label_6,30.04
2026-04-16T20:23:58,label_4,51.13
2026-04-16T20:23:58,sad,50.50
2026-04-16T20:23:58,fear,77.95
2026-04-16T20:23:58,sad,64.53
2026-04-16T20:23:58,fear,77.18
2026-04-16T20:23:59,sad,70.53
2026-04-16T20:23:59,fear,52.02
2026-04-16T20:23:59,label_2,34.18
2026-04-16T20:24:00,sad,52.92
2026-04-16T20:24:00,fear,64.32
2026-04-16T20:24:00,sad,57.87
2026-04-16T20:24:00,label_3,37.24
2026-04-16T20:24:00,fear,60.46
2026-04-16T20:24:01,angry,53.22
2026-04-16T20:24:01,fear,59.04
2026-04-16T20:24:01,sad,50.51
2026-04-16T20:24:01,fear,95.14
2026-04-16T20:24:01,sad,83.25
2026-04-16T20:24:02,fear,57.94
2026-04-16T20:24:03,angry,49.15
2026-04-16T20:24:03,fear,70.99
2026-04-16T20:24:04,sad,75.41
2026-04-16T20:24:04,fear,60.67
2026-04-16T20:24:05,angry,44.72
2026-04-16T20:24:05,fear,79.36
2026-04-16T20:24:05,label_6,44.83
2026-04-16T20:24:05,angry,55.15
2026-04-16T20:24:05,fear,95.43
2026-04-16T20:24:06,angry,83.16
2026-04-16T20:24:06,fear,80.33
2026-04-16T20:24:06,angry,98.76
2026-04-16T20:24:06,fear,98.89
2026-04-16T20:24:06,angry,66.50
2026-04-16T20:24:06,fear,62.75
2026-04-16T20:24:07,angry,95.10
2026-04-16T20:24:07,fear,97.01
2026-04-16T20:24:07,angry,81.39
2026-04-16T20:24:07,fear,96.72
2026-04-16T20:24:07,angry,99.12
2026-04-16T20:24:08,fear,87.17
2026-04-16T20:24:08,angry,79.14
2026-04-16T20:24:08,fear,98.44
2026-04-16T20:24:08,angry,89.25
2026-04-16T20:24:08,fear,93.08
2026-04-16T20:24:09,angry,87.80
2026-04-16T20:24:09,fear,80.95
2026-04-16T20:24:10,angry,69.18
2026-04-16T20:24:10,fear,93.43
2026-04-16T20:24:11,angry,74.81
2026-04-16T20:24:11,fear,94.58
2026-04-16T20:24:11,angry,98.29
2026-04-16T20:24:11,fear,90.64
2026-04-16T20:24:11,angry,86.04
2026-04-16T20:24:12,fear,96.98
2026-04-16T20:24:12,angry,98.75
2026-04-16T20:24:12,fear,76.00
2026-04-16T20:24:12,angry,67.60
2026-04-16T20:24:13,fear,87.55
2026-04-16T20:24:13,angry,83.17
2026-04-16T20:24:13,fear,65.10
2026-04-16T20:24:15,label_3,25.37
2026-04-16T20:24:16,angry,77.96
2026-04-16T20:24:16,fear,89.73
2026-04-16T20:24:16,label_6,34.95
2026-04-16T20:24:16,label_4,40.71
2026-04-16T20:24:17,angry,97.70
2026-04-16T20:24:17,fear,95.42
2026-04-16T20:24:17,label_6,58.68
2026-04-16T20:24:18,angry,54.35
2026-04-16T20:24:18,fear,99.33
2026-04-16T20:24:19,sad,57.03
2026-04-16T20:24:19,neutral,98.80
2026-04-16T20:24:19,sad,51.58
2026-04-16T20:24:19,neutral,99.53
2026-04-16T20:24:20,fear,91.87
2026-04-16T20:24:22,sad,55.23
2026-04-16T20:24:22,fear,53.98
2026-04-16T20:24:22,sad,55.88
2026-04-16T20:24:22,fear,91.39
2026-04-16T20:24:23,sad,55.11
2026-04-16T20:24:23,fear,58.68
2026-04-16T20:24:24,sad,53.25
2026-04-16T20:24:24,fear,68.51
2026-04-16T20:24:25,label_2,32.15
2026-04-16T20:24:26,label_6,39.95
2026-04-16T20:24:27,sad,50.54
2026-04-16T20:24:27,fear,94.75
2026-04-16T20:24:29,label_2,23.17
2026-04-16T20:24:30,label_6,39.35
2026-04-16T20:24:34,sad,70.65
2026-04-16T20:24:35,fear,59.57
2026-04-16T20:24:35,sad,68.93
2026-04-16T20:24:35,label_2,24.70
2026-04-16T20:24:35,fear,67.61
2026-04-16T20:24:35,sad,51.99
2026-04-16T20:24:35,fear,57.27
2026-04-16T20:24:36,sad,64.28
2026-04-16T20:24:36,label_6,32.82
2026-04-16T20:24:36,fear,73.62
2026-04-16T20:24:42,sad,75.16
2026-04-16T20:24:42,fear,74.31
2026-04-16T20:24:43,sad,53.50
2026-04-16T20:24:43,label_2,35.74
2026-04-16T20:24:44,fear,77.01
2026-04-16T20:24:44,label_6,40.28
2026-04-16T20:24:45,label_2,33.58
2026-04-16T20:24:46,label_6,30.07
2026-04-16T20:24:48,label_4,21.47
2026-04-16T20:24:49,label_3,24.35
2026-04-16T20:24:49,angry,56.79
2026-04-16T20:24:49,fear,54.31
2026-04-16T20:24:49,angry,59.09
2026-04-16T20:24:49,fear,88.90
2026-04-16T20:24:49,angry,93.07
2026-04-16T20:24:50,fear,59.07
2026-04-16T20:24:50,label_4,24.71
2026-04-16T20:24:50,angry,98.21
2026-04-16T20:24:50,fear,68.89
2026-04-16T20:24:50,angry,98.12
2026-04-16T20:24:50,fear,56.13
2026-04-16T20:24:50,angry,98.86
2026-04-16T20:24:51,label_3,29.44
2026-04-16T20:24:51,fear,88.23
2026-04-16T20:24:51,sad,76.94
2026-04-16T20:24:51,label_4,24.50
2026-04-16T20:24:52,label_3,35.81
2026-04-16T20:24:52,fear,57.43
2026-04-16T20:24:53,label_4,25.58
2026-04-16T20:24:53,sad,54.63
2026-04-16T20:24:53,fear,58.82
2026-04-16T20:24:53,sad,55.55
2026-04-16T20:24:53,fear,56.07
2026-04-16T20:24:53,sad,81.04
2026-04-16T20:24:54,fear,56.75
2026-04-16T20:24:54,label_3,31.80
2026-04-16T20:24:56,label_4,47.77
2026-04-16T20:24:56,angry,52.40
2026-04-16T20:24:57,fear,98.07
2026-04-16T20:24:57,sad,97.76
2026-04-16T20:24:57,neutral,57.98
2026-04-16T20:24:57,fear,99.31
2026-04-16T20:24:57,surprise,61.17
2026-04-16T20:24:57,fear,99.74
2026-04-16T20:24:58,angry,99.98
2026-04-16T20:24:58,fear,66.24
2026-04-16T20:24:59,angry,92.56
2026-04-16T20:24:59,fear,82.02
2026-04-16T20:24:59,angry,82.94
2026-04-16T20:24:59,neutral,58.62
2026-04-16T20:24:59,fear,52.18
2026-04-16T20:24:59,angry,55.01
2026-04-16T20:25:00,fear,74.86
2026-04-16T20:25:00,angry,92.58
2026-04-16T20:25:01,fear,49.69
2026-04-16T20:25:01,neutral,82.92
2026-04-16T20:25:01,fear,37.57
2026-04-16T20:25:01,angry,35.00
2026-04-16T20:25:02,fear,41.46
2026-04-16T20:25:02,neutral,40.65
2026-04-16T20:25:02,fear,43.42
2026-04-16T20:25:02,angry,77.15
2026-04-16T20:25:02,happy,97.35
2026-04-16T20:25:02,surprise,99.54
2026-04-16T20:25:02,happy,86.41
2026-04-16T20:25:03,angry,69.03
2026-04-16T20:25:03,surprise,64.06
2026-04-16T20:25:03,happy,69.33
2026-04-16T20:25:07,angry,71.77
2026-04-16T20:25:08,happy,58.89
2026-04-16T20:25:08,angry,61.76
2026-04-16T20:25:08,happy,95.43
2026-04-16T20:25:08,angry,68.41
2026-04-16T20:25:09,happy,65.91
2026-04-16T20:25:09,angry,75.78
2026-04-16T20:25:09,happy,99.86
2026-04-16T20:25:10,label_0,35.84
2026-04-16T20:25:11,label_2,41.08
2026-04-16T20:25:11,label_4,50.17
2026-04-16T20:25:15,label_2,34.20
2026-04-16T20:25:15,label_5,27.71
2026-04-16T20:25:15,surprise,45.24
2026-04-16T20:25:15,happy,71.81
2026-04-16T20:25:17,angry,74.73
2026-04-16T20:25:17,label_4,51.61
2026-04-16T20:25:17,surprise,47.54
2026-04-16T20:25:17,angry,50.36
2026-04-16T20:25:18,surprise,63.44
2026-04-16T20:25:18,angry,66.42
2026-04-16T20:25:19,label_0,31.26
2026-04-16T20:25:22,label_3,94.01
2026-04-16T20:25:23,surprise,50.60
2026-04-16T20:25:23,angry,52.86
2026-04-16T20:25:30,label_0,44.10
2026-04-16T20:25:30,happy,52.16
2026-04-16T20:25:30,angry,37.22
2026-04-16T20:25:30,happy,71.32
2026-04-16T20:25:30,angry,47.98
2026-04-16T20:25:32,label_3,35.84
2026-04-16T20:25:32,happy,49.82
2026-04-16T20:25:33,angry,35.96
2026-04-16T20:25:33,label_0,61.17
2026-04-16T20:25:34,happy,43.80
2026-04-16T20:25:35,angry,68.93
2026-04-16T20:25:35,happy,88.75
2026-04-16T20:25:36,angry,75.64
2026-04-16T20:25:36,happy,92.26
2026-04-16T20:25:36,sad,54.38
2026-04-16T20:25:36,happy,84.02
2026-04-16T20:25:36,sad,91.95
2026-04-16T20:25:37,neutral,52.19
2026-04-16T20:25:37,sad,46.88
2026-04-16T20:25:37,neutral,52.05
2026-04-16T20:25:37,sad,54.24
2026-04-16T20:25:38,neutral,62.23
2026-04-16T20:25:38,sad,63.10
2026-04-16T20:25:38,happy,98.47
2026-04-16T20:25:40,sad,84.43
2026-04-16T20:25:40,label_2,39.97
2026-04-16T20:25:40,happy,45.93
2026-04-16T20:25:41,label_4,40.95
2026-04-16T20:25:42,sad,76.99
2026-04-16T20:25:42,happy,75.26
2026-04-16T20:25:44,neutral,56.01
2026-04-16T20:25:44,happy,87.16
2026-04-16T20:25:45,sad,46.79
2026-04-16T20:25:45,happy,60.04
2026-04-16T20:25:45,sad,63.45
2026-04-16T20:25:46,angry,59.38
2026-04-16T20:25:46,sad,71.48
2026-04-16T20:25:47,label_2,31.22
2026-04-16T20:25:47,happy,51.66
2026-04-16T20:25:48,label_4,53.61
2026-04-16T20:25:49,sad,37.34
2026-04-16T20:25:49,happy,67.37
2026-04-16T20:25:50,neutral,41.77
2026-04-16T20:25:50,sad,50.69
2026-04-16T20:25:50,happy,93.73
2026-04-16T20:25:53,sad,54.78
2026-04-16T20:25:53,happy,49.44
2026-04-16T20:25:54,sad,59.66
2026-04-16T20:25:55,neutral,55.98
2026-04-16T20:25:56,happy,61.89
2026-04-16T20:25:59,angry,66.88
2026-04-16T20:25:59,happy,65.49
2026-04-16T20:26:04,sad,76.87
2026-04-16T20:26:04,happy,93.60
2026-04-16T20:26:05,sad,92.62
2026-04-16T20:26:05,label_5,45.49
2026-04-16T20:26:06,happy,96.36
2026-04-16T20:26:07,sad,49.92
2026-04-16T20:26:07,happy,90.77
2026-04-16T20:26:11,sad,49.36
2026-04-16T20:26:12,happy,99.97
2026-04-16T20:26:16,angry,90.64
2026-04-16T20:26:16,happy,88.47
2026-04-16T20:26:16,angry,99.50
2026-04-16T20:26:17,happy,44.78
2026-04-16T20:26:17,angry,66.00
2026-04-16T20:26:17,neutral,71.17
2026-04-16T20:26:17,fear,79.83
2026-04-16T20:26:18,surprise,86.17
2026-04-16T20:26:18,angry,90.47
2026-04-16T20:26:18,surprise,48.18
2026-04-16T20:26:19,happy,98.08
2026-04-16T20:26:19,angry,96.12
2026-04-16T20:26:21,neutral,99.37
2026-04-16T20:26:21,fear,57.34
2026-04-16T20:26:22,neutral,90.66
2026-04-16T20:26:23,angry,82.49
2026-04-16T20:26:23,happy,43.27
2026-04-16T20:26:23,fear,76.86
2026-04-16T20:26:23,happy,99.95
2026-04-16T20:26:24,angry,98.11
2026-04-16T20:26:24,happy,49.54
2026-04-16T20:26:25,angry,86.71
2026-04-16T20:26:25,happy,99.65
2026-04-16T20:26:25,angry,97.90
2026-04-16T20:26:25,surprise,50.78
2026-04-16T20:26:25,angry,88.90
2026-04-16T20:26:26,surprise,44.71
2026-04-16T20:26:26,fear,53.87
2026-04-16T20:26:27,surprise,83.90
2026-04-16T20:26:27,angry,99.88
2026-04-16T20:26:27,label_4,25.01
2026-04-16T20:26:28,label_5,40.91
2026-04-16T20:26:39,happy,78.82
2026-04-16T20:26:41,angry,99.29
2026-04-16T20:26:43,happy,63.86
2026-04-16T20:26:43,angry,100.00
2026-04-16T20:26:43,happy,79.42
2026-04-16T20:26:46,neutral,87.10
2026-04-16T20:26:46,happy,95.82
2026-04-16T20:26:46,label_4,60.32
2026-04-16T20:26:46,angry,89.05
2026-04-16T20:26:47,surprise,80.46
2026-04-16T20:26:47,angry,99.68
2026-04-16T20:26:47,label_5,57.98
2026-04-16T20:26:48,label_4,40.77
2026-04-16T20:26:56,happy,98.89
2026-04-16T20:26:58,neutral,86.43
2026-04-16T20:26:58,happy,98.28
2026-04-16T20:26:58,neutral,56.92
2026-04-16T20:26:58,happy,99.40
2026-04-16T20:26:59,angry,99.90
2026-04-16T20:27:07,happy,86.91
2026-04-16T20:27:08,angry,63.05
2026-04-16T20:27:08,happy,94.21
2026-04-16T20:27:08,angry,91.45
2026-04-16T20:27:09,happy,81.57
2026-04-16T20:27:09,angry,89.61
2026-04-16T20:27:09,happy,82.92
2026-04-16T20:27:10,angry,100.00
2026-04-16T20:27:18,happy,87.57
2026-04-16T20:27:19,angry,99.81
2026-04-16T20:27:21,label_5,39.71
2026-04-16T20:27:24,label_4,38.87
2026-04-16T20:27:28,label_5,44.35
2026-04-16T20:27:33,happy,99.67
2026-04-16T20:27:40,label_4,60.67
2026-04-16T20:27:46,neutral,98.63
2026-04-16T20:27:46,happy,99.85
2026-04-16T20:27:50,neutral,99.60
2026-04-16T20:27:51,happy,88.14
2026-04-16T20:27:52,sad,64.22
2026-04-16T20:27:52,happy,46.38
2026-04-16T20:27:52,angry,60.04
2026-04-16T20:27:53,label_5,41.05
2026-04-16T20:27:55,happy,92.37
2026-04-16T20:27:55,angry,86.88
2026-04-16T20:27:55,happy,52.44
2026-04-16T20:27:55,angry,98.70
2026-04-16T20:28:01,label_4,47.12
2026-04-16T20:28:19,happy,83.67
2026-04-16T20:28:26,angry,98.16
2026-04-16T20:28:27,label_5,74.04
2026-04-16T20:28:39,label_4,41.78
2026-04-16T20:28:40,happy,58.80
2026-04-16T20:28:40,angry,95.15
2026-04-16T20:28:41,label_5,44.51
2026-04-16T20:28:41,happy,64.46
2026-04-16T20:28:42,label_4,44.76
2026-04-16T20:28:45,label_5,45.59
2026-04-16T20:29:04,sad,55.35
2026-04-16T20:29:04,neutral,54.20
2026-04-16T20:29:04,sad,63.20
2026-04-16T20:29:04,happy,94.75
2026-04-16T20:29:04,sad,48.66
2026-04-16T20:29:05,neutral,96.87
2026-04-16T20:29:06,sad,44.98
2026-04-16T20:29:06,neutral,54.84
2026-04-16T20:29:06,sad,58.78
2026-04-16T20:29:06,neutral,69.49
2026-04-16T20:29:08,sad,70.90
2026-04-16T20:29:09,neutral,55.04
2026-04-16T20:29:10,happy,51.92
2026-04-16T20:29:10,neutral,87.27
2026-04-16T20:29:10,happy,67.99
2026-04-16T20:29:11,neutral,95.04
2026-04-16T20:29:11,happy,64.64
2026-04-16T20:29:11,neutral,83.24
2026-04-16T20:29:12,happy,98.29
2026-04-16T20:29:12,sad,62.88
2026-04-16T20:29:12,neutral,48.83
2026-04-16T20:29:13,sad,35.05
2026-04-16T20:29:13,happy,90.86
2026-04-16T20:29:13,neutral,68.73
2026-04-16T20:29:14,happy,97.75
2026-04-16T20:29:15,neutral,36.45
2026-04-16T20:29:15,happy,57.07
2026-04-16T20:29:15,neutral,64.14
2026-04-16T20:29:16,happy,97.52
2026-04-16T20:29:16,neutral,91.86
2026-04-16T20:29:17,happy,99.57
2026-04-16T20:29:18,neutral,90.73
2026-04-16T20:29:18,happy,89.42
2026-04-16T20:29:18,sad,55.32
2026-04-16T20:29:18,happy,92.99
2026-04-16T20:29:19,sad,98.84
2026-04-16T20:29:19,happy,88.28
2026-04-16T20:29:19,angry,37.81
2026-04-16T20:29:19,happy,96.74
2026-04-16T20:29:19,angry,87.90
2026-04-16T20:29:21,happy,59.56
2026-04-16T20:29:21,angry,68.69
2026-04-16T20:29:22,happy,70.67
2026-04-16T20:29:22,angry,68.69
2026-04-16T20:29:35,happy,88.36
2026-04-16T20:29:42,angry,54.99
2026-04-16T20:29:42,happy,84.48
2026-04-16T20:29:43,angry,59.06
2026-04-16T20:29:43,happy,54.23
2026-04-16T20:29:43,angry,60.23
2026-04-16T20:29:43,happy,85.43
2026-04-16T20:29:54,angry,53.06
2026-04-16T20:29:56,happy,100.00
2026-04-16T20:29:56,neutral,72.92
2026-04-16T20:29:57,sad,48.63
2026-04-16T20:29:57,angry,49.61
2026-04-16T20:29:57,happy,98.73
2026-04-16T20:29:58,neutral,92.16
2026-04-16T20:29:58,happy,97.48
2026-04-16T20:29:59,angry,63.44
2026-04-16T20:29:59,happy,91.17
2026-04-16T20:29:59,angry,77.63
2026-04-16T20:30:00,happy,89.51
2026-04-16T20:30:05,neutral,94.45
2026-04-16T20:30:06,happy,99.94
2026-04-16T20:30:15,neutral,97.96
2026-04-16T20:30:15,happy,100.00
2026-04-16T20:30:17,neutral,69.78
2026-04-16T20:30:18,happy,91.62
2026-04-16T20:30:19,neutral,95.48
2026-04-16T20:30:20,happy,68.90
2026-04-16T20:30:20,neutral,63.33
2026-04-16T20:30:20,happy,53.73
2026-04-16T20:30:20,neutral,77.18
2026-04-16T20:30:22,happy,68.31
2026-04-16T20:30:25,angry,97.23
2026-04-16T20:30:27,surprise,59.01
2026-04-16T20:30:27,happy,94.52
2026-04-16T20:30:40,neutral,84.79
2026-04-16T20:30:41,happy,98.00
2026-04-16T20:30:46,neutral,66.70
2026-04-16T20:30:46,happy,69.02
2026-04-16T20:30:47,neutral,52.52
2026-04-16T20:30:48,happy,82.77
2026-04-16T20:31:02,neutral,98.50
2026-04-16T20:31:03,happy,96.13
2026-04-16T20:31:03,neutral,95.45
2026-04-16T20:31:03,happy,79.55
2026-04-16T20:31:04,neutral,90.18
2026-04-16T20:31:05,happy,97.23
2026-04-16T20:31:06,neutral,76.03
2026-04-16T20:31:07,happy,82.25
2026-04-16T20:31:12,neutral,49.63
2026-04-16T20:31:12,happy,47.28
2026-04-16T20:31:13,neutral,67.37
2026-04-16T20:31:13,happy,52.28
2026-04-16T20:31:13,neutral,62.45
2026-04-16T20:31:14,happy,63.31
2026-04-16T20:31:15,sad,40.71
2026-04-16T20:31:15,happy,52.93
2026-04-16T20:31:22,angry,86.87
2026-04-16T20:31:23,happy,96.53
2026-04-16T20:31:24,neutral,82.00
2026-04-16T20:31:24,happy,89.57
2026-04-16T20:31:46,neutral,94.18
2026-04-16T20:31:47,happy,99.96
2026-04-16T20:31:49,neutral,83.19
2026-04-16T20:31:49,happy,99.98
2026-04-16T20:32:08,neutral,89.81
2026-04-16T20:32:08,happy,100.00
2026-04-16T20:32:10,angry,95.39
2026-04-16T20:32:15,happy,89.59
2026-04-16T20:32:15,angry,51.04
2026-04-16T20:32:15,happy,56.29
2026-04-16T20:32:16,angry,88.86
2026-04-16T20:32:17,happy,68.38
2026-04-16T20:32:17,angry,65.24
2026-04-16T20:32:17,happy,67.44
2026-04-16T20:32:18,angry,54.36
2026-04-16T20:32:18,happy,66.51
2026-04-16T20:32:20,neutral,86.93
2026-04-16T20:32:20,fear,58.55
2026-04-16T20:32:20,neutral,61.39
2026-04-16T20:32:20,fear,52.28
2026-04-16T20:32:20,neutral,88.47
2026-04-16T20:32:20,fear,40.06
2026-04-16T20:32:20,neutral,71.74
2026-04-16T20:32:21,fear,58.79
2026-04-16T20:32:21,neutral,61.45
2026-04-16T20:32:22,fear,58.57
2026-04-16T20:32:22,neutral,50.62
2026-04-16T20:32:22,happy,93.18
2026-04-16T20:32:22,neutral,55.59
2026-04-16T20:32:23,happy,99.93
2026-04-16T20:32:23,neutral,85.73
2026-04-16T20:32:23,happy,99.98
2026-04-16T20:32:23,neutral,55.70
2026-04-16T20:32:23,happy,99.98
2026-04-16T20:32:23,fear,45.11
2026-04-16T20:32:23,happy,100.00
2026-04-16T20:32:24,fear,71.95
2026-04-16T20:32:24,happy,100.00
2026-04-16T20:32:24,neutral,83.68
2026-04-16T20:32:24,fear,68.38
2026-04-16T20:32:24,happy,100.00
2026-04-16T20:32:24,neutral,93.52
2026-04-16T20:32:24,happy,100.00
2026-04-16T20:32:24,neutral,88.48
2026-04-16T20:32:24,happy,100.00
2026-04-16T20:32:25,neutral,93.67
2026-04-16T20:32:25,happy,99.99
2026-04-16T20:32:25,neutral,96.04
2026-04-16T20:32:25,fear,49.32
2026-04-16T20:32:26,happy,99.98
2026-04-16T20:32:26,neutral,86.92
2026-04-16T20:32:26,happy,100.00
2026-04-16T20:32:26,fear,39.83
2026-04-16T20:32:26,happy,100.00
2026-04-16T20:32:26,fear,68.03
2026-04-16T20:32:26,happy,100.00
2026-04-16T20:32:27,neutral,91.82
2026-04-16T20:32:29,happy,94.62
2026-04-16T20:32:30,fear,48.63
2026-04-16T20:32:30,angry,58.19
2026-04-16T20:32:30,fear,48.53
2026-04-16T20:32:30,angry,50.93
2026-04-16T20:32:31,surprise,97.40
2026-04-16T20:32:31,sad,67.59
2026-04-16T20:32:31,surprise,61.29
2026-04-16T20:32:32,sad,63.40
2026-04-16T20:32:32,surprise,95.96
2026-04-16T20:32:32,sad,68.32
2026-04-16T20:32:32,surprise,97.16
2026-04-16T20:32:32,sad,81.75
2026-04-16T20:32:33,surprise,96.17
2026-04-16T20:32:33,sad,64.17
2026-04-16T20:32:33,surprise,95.03
2026-04-16T20:32:34,sad,77.41
2026-04-16T20:32:34,surprise,90.23
2026-04-16T20:32:34,sad,88.46
2026-04-16T20:32:34,surprise,92.81
2026-04-16T20:32:34,sad,62.15
2026-04-16T20:32:35,surprise,95.34
2026-04-16T20:32:35,neutral,89.85
2026-04-16T20:32:35,sad,63.75
2026-04-16T20:32:36,neutral,55.35
2026-04-16T20:32:36,sad,44.62
2026-04-16T20:32:36,neutral,53.68
2026-04-16T20:32:36,sad,60.44
2026-04-16T20:32:36,neutral,58.07
2026-04-16T20:32:36,sad,46.25
2026-04-16T20:32:36,neutral,62.49
2026-04-16T20:32:36,sad,52.24
2026-04-16T20:32:37,neutral,60.06
2026-04-16T20:32:38,surprise,95.73
2026-04-16T20:32:38,neutral,81.17
2026-04-16T20:32:38,surprise,95.07
2026-04-16T20:32:38,neutral,82.59
2026-04-16T20:32:38,surprise,94.22
2026-04-16T20:32:39,neutral,89.56
2026-04-16T20:32:39,surprise,95.76
2026-04-16T20:32:39,neutral,73.59
2026-04-16T20:32:39,happy,51.51
2026-04-16T20:32:39,fear,52.39
2026-04-16T20:32:39,happy,98.13
2026-04-16T20:32:41,neutral,54.15
2026-04-16T20:32:41,happy,99.92
2026-04-16T20:32:43,neutral,79.15
2026-04-16T20:32:43,happy,100.00
2026-04-16T20:32:47,neutral,95.09
2026-04-16T20:32:47,happy,100.00
2026-04-16T20:32:50,neutral,93.17
2026-04-16T20:32:51,happy,99.99
2026-04-16T20:32:51,neutral,83.24
2026-04-16T20:32:51,happy,99.99
2026-04-16T20:32:52,neutral,57.64
2026-04-16T20:32:52,happy,99.98
2026-04-16T20:32:53,neutral,67.44
2026-04-16T20:32:53,happy,100.00
2026-04-16T20:32:53,neutral,77.66
2026-04-16T20:32:53,happy,100.00
2026-04-16T20:32:53,neutral,97.01
2026-04-16T20:32:53,happy,100.00
2026-04-16T20:32:54,neutral,86.47
2026-04-16T20:32:54,happy,100.00
2026-04-16T20:32:54,neutral,95.66
2026-04-16T20:32:54,happy,99.99
2026-04-16T20:32:54,neutral,58.70
2026-04-16T20:32:55,happy,100.00
2026-04-16T20:32:55,neutral,98.69
2026-04-16T20:32:55,happy,99.72
2026-04-16T20:32:57,neutral,95.49
2026-04-16T20:32:57,happy,65.93
2026-04-16T20:32:58,neutral,57.92
2026-04-16T20:32:59,happy,71.36
2026-04-16T20:33:02,neutral,57.76
2026-04-16T20:33:03,happy,85.80
2026-04-16T20:33:03,neutral,73.23
2026-04-16T20:33:04,happy,77.26
2026-04-16T20:33:04,neutral,56.36
2026-04-16T20:33:04,happy,54.93
2026-04-16T20:33:04,neutral,51.00
2026-04-16T20:33:04,happy,89.72
2026-04-16T20:33:07,neutral,93.79
2026-04-16T20:33:08,happy,99.95
2026-04-16T20:33:09,angry,63.61
2026-04-16T20:33:09,happy,75.72
2026-04-16T20:33:09,angry,57.06
2026-04-16T20:33:09,happy,80.04
2026-04-16T20:33:21,angry,79.70
2026-04-16T20:33:21,happy,79.81
2026-04-16T20:33:21,angry,99.46
2026-04-16T20:33:23,sad,55.38
2026-04-16T20:33:23,angry,55.26
2026-04-16T20:33:23,fear,38.14
2026-04-16T20:33:23,angry,96.64
2026-04-16T20:33:24,happy,62.37
2026-04-16T20:33:24,angry,65.86
2026-04-16T20:33:24,happy,62.88
2026-04-16T20:33:26,sad,51.25
2026-04-16T20:33:26,happy,99.50
2026-04-16T20:33:26,sad,95.74
2026-04-16T20:33:27,neutral,86.24
2026-04-16T20:33:27,happy,60.52
2026-04-16T20:33:32,angry,69.26
2026-04-16T20:33:33,happy,99.22
2026-04-16T20:33:38,angry,84.69
2026-04-16T20:33:38,sad,52.91
2026-04-16T20:33:38,happy,100.00
2026-04-16T20:33:39,sad,88.15
2026-04-16T20:33:39,happy,99.84
2026-04-16T20:33:41,neutral,48.68
2026-04-16T20:33:41,happy,75.14
2026-04-16T20:33:46,surprise,31.15
2026-04-16T20:33:48,angry,55.26
2026-04-16T20:33:49,happy,91.40
2026-04-16T20:33:50,neutral,63.10
2026-04-16T20:33:50,happy,92.24
2026-04-16T20:33:50,sad,57.25
2026-04-16T20:33:51,happy,94.96
2026-04-16T20:33:51,angry,75.09
2026-04-16T20:33:56,happy,53.09
2026-04-16T20:33:56,angry,50.88
2026-04-16T20:33:56,happy,65.33
2026-04-16T20:33:57,angry,77.24
2026-04-16T20:33:58,happy,82.67
2026-04-16T20:33:59,neutral,93.31
2026-04-16T20:33:59,surprise,65.60
2026-04-16T20:33:59,angry,55.97
2026-04-16T20:33:59,neutral,99.20
2026-04-16T20:33:59,angry,67.35
2026-04-16T20:34:02,surprise,52.75
2026-04-16T20:34:02,angry,74.14
2026-04-16T20:34:02,surprise,94.15
2026-04-16T20:34:02,happy,69.64
2026-04-16T20:34:02,surprise,80.67
2026-04-16T20:34:03,angry,45.10
2026-04-16T20:34:03,surprise,94.02
2026-04-16T20:34:03,angry,73.35
2026-04-16T20:34:03,surprise,64.73
2026-04-16T20:34:04,angry,77.35
2026-04-16T20:34:04,happy,72.22
2026-04-16T20:34:05,angry,73.32
2026-04-16T20:34:25,happy,88.18
2026-04-16T20:34:26,angry,62.90
2026-04-16T20:34:26,happy,56.55
2026-04-16T20:34:28,angry,67.63
2026-04-16T20:34:29,happy,92.56
2026-04-16T20:34:29,angry,62.71
2026-04-16T20:34:30,happy,95.21
2026-04-16T20:34:47,angry,59.60
2026-04-16T20:34:53,happy,61.42
2026-04-16T20:34:53,angry,53.20
2026-04-16T20:34:53,happy,74.07
2026-04-16T20:34:54,neutral,76.32
2026-04-16T20:34:54,happy,99.98
2026-04-16T20:34:54,neutral,96.58
2026-04-16T20:34:55,happy,99.98
2026-04-16T20:35:09,angry,57.01
2026-04-16T20:35:09,fear,48.11
2026-04-16T20:35:09,surprise,58.83
2026-04-16T20:35:09,neutral,51.73
2026-04-16T20:35:10,fear,50.83
2026-04-16T20:35:10,happy,84.03
2026-04-16T20:35:16,surprise,55.57
2026-04-16T20:35:16,angry,77.17
2026-04-16T20:35:16,surprise,62.61
2026-04-16T20:35:17,angry,43.83
2026-04-16T20:35:17,surprise,51.64
2026-04-16T20:35:17,angry,69.37
2026-04-16T20:35:17,surprise,86.54
2026-04-16T20:35:18,angry,70.45
2026-04-16T20:35:18,surprise,49.26
2026-04-16T20:35:18,angry,58.74
2026-04-16T20:35:19,surprise,64.15
2026-04-16T20:35:19,angry,80.76
2026-04-16T20:35:21,surprise,53.50
2026-04-16T20:35:21,angry,66.10
2026-04-16T20:35:25,happy,74.30
2026-04-16T20:35:25,angry,74.78
2026-04-16T20:35:25,happy,56.33
2026-04-16T20:35:25,angry,70.83
2026-04-16T20:35:26,happy,87.34
2026-04-16T20:35:26,angry,57.31
2026-04-16T20:35:27,happy,51.95
2026-04-16T20:35:27,angry,52.42
2026-04-16T20:35:27,happy,80.99
2026-04-16T20:35:28,angry,75.11
2026-04-16T20:35:28,happy,60.01
2026-04-16T20:35:28,angry,69.06
2026-04-16T20:35:28,happy,65.33
2026-04-16T20:35:28,angry,63.87
2026-04-16T20:35:29,happy,78.62
2026-04-16T20:35:31,angry,75.36
2026-04-16T20:35:31,happy,87.29
2026-04-16T20:35:31,angry,66.71
2026-04-16T20:35:31,happy,58.66
2026-04-16T20:35:31,angry,53.01
2026-04-16T20:35:37,surprise,42.16
2026-04-16T20:35:38,angry,46.46
2026-04-16T20:35:38,surprise,47.88
2026-04-16T20:35:38,angry,59.66
2026-04-16T20:35:38,surprise,44.54
2026-04-16T20:35:39,angry,44.46
2026-04-16T20:35:39,surprise,71.48
2026-04-16T20:35:39,angry,93.78
2026-04-16T20:35:46,happy,81.58
2026-04-16T20:35:47,angry,83.17
2026-04-16T20:35:48,happy,88.56
2026-04-16T20:35:50,surprise,46.24
2026-04-16T20:35:51,angry,54.35
2026-04-16T20:35:51,surprise,51.00
2026-04-16T20:35:51,angry,59.82
2026-04-16T20:35:51,surprise,66.41
2026-04-16T20:35:52,angry,50.89
2026-04-16T20:35:52,surprise,45.91
2026-04-16T20:35:52,angry,52.29
2026-04-16T20:35:52,surprise,54.28
2026-04-16T20:35:53,angry,50.22
2026-04-16T20:35:53,surprise,46.91
2026-04-16T20:35:53,angry,49.98
2026-04-16T20:35:53,surprise,63.21
2026-04-16T20:35:54,angry,58.62
2026-04-16T20:35:54,happy,85.24
2026-04-16T20:35:57,angry,67.68
2026-04-16T20:36:05,surprise,64.68
2026-04-16T20:36:06,happy,79.64
2026-04-16T20:36:06,angry,45.41
2026-04-16T20:36:06,happy,57.07
2026-04-16T20:36:08,angry,48.16
2026-04-16T20:36:08,surprise,43.52
2026-04-16T20:36:09,angry,61.63
2026-04-16T20:36:10,surprise,54.47
2026-04-16T20:36:10,angry,51.76
2026-04-16T20:36:10,surprise,44.87
2026-04-16T20:36:10,angry,54.66
2026-04-16T20:36:11,surprise,58.61
2026-04-16T20:36:11,angry,62.84
2026-04-16T20:36:11,surprise,54.92
2026-04-16T20:36:11,angry,74.40
2026-04-16T20:36:12,surprise,56.09
2026-04-16T20:36:12,angry,56.19
2026-04-16T20:36:12,surprise,61.33
2026-04-16T20:36:12,angry,69.99
2026-04-16T20:36:15,sad,42.66
2026-04-16T20:36:15,angry,37.71
2026-04-16T20:36:16,happy,85.19
2026-04-16T20:36:17,sad,38.59
2026-04-16T20:36:24,angry,54.73
2026-04-16T20:36:27,sad,47.60
2026-04-16T20:36:28,angry,37.93
2026-04-16T20:36:30,sad,41.11
2026-04-16T20:36:33,angry,43.43
2026-04-16T20:36:34,happy,40.52
2026-04-16T20:36:35,sad,41.06
2026-04-16T20:36:36,angry,41.59
2026-04-16T20:36:36,surprise,42.62
2026-04-16T20:36:36,happy,95.36
2026-04-16T20:36:37,surprise,92.51
2026-04-16T20:36:38,angry,62.23
2026-04-16T20:36:38,angry,50.73
2026-04-16T20:36:38,surprise,68.28
2026-04-16T20:36:38,angry,63.69
2026-04-16T20:36:38,surprise,52.21
2026-04-16T20:36:38,happy,54.27
2026-04-16T20:36:38,angry,66.19
2026-04-16T20:36:40,surprise,58.55
2026-04-16T20:36:40,angry,61.47
2026-04-16T20:36:40,surprise,59.26
2026-04-16T20:36:42,angry,59.09
2026-04-16T20:36:42,sad,45.15
2026-04-16T20:36:43,angry,35.76
2026-04-16T20:36:43,surprise,52.34
2026-04-16T20:36:43,sad,39.48
2026-04-16T20:36:44,fear,37.58
2026-04-16T20:36:46,happy,38.12
2026-04-16T20:36:48,neutral,68.55
2026-04-16T20:36:51,angry,99.89
2026-04-16T20:36:51,happy,48.22
2026-04-16T20:36:54,sad,26.05
2026-04-16T20:36:54,disgust,35.65
2026-04-16T20:36:54,sad,71.26
2026-04-16T20:36:55,neutral,99.69
2026-04-16T20:36:56,sad,57.92
2026-04-16T20:36:56,neutral,68.61
2026-04-16T20:36:56,sad,56.27
2026-04-16T20:36:56,happy,40.21
2026-04-16T20:36:57,neutral,84.11
2026-04-16T20:36:57,sad,43.15
2026-04-16T20:36:58,sad,61.04
2026-04-16T20:36:58,neutral,58.47
2026-04-16T20:36:58,happy,54.92
2026-04-16T20:36:58,sad,53.61
2026-04-16T20:36:59,neutral,57.82
2026-04-16T20:36:59,surprise,37.89
2026-04-16T20:36:59,sad,60.68
2026-04-16T20:36:59,neutral,51.32
2026-04-16T20:36:59,sad,60.05
2026-04-16T20:36:59,sad,37.01
2026-04-16T20:37:00,angry,33.03
2026-04-16T20:37:01,sad,41.91
2026-04-16T20:37:02,neutral,62.78
2026-04-16T20:37:02,sad,66.54
2026-04-16T20:37:02,neutral,77.09
2026-04-16T20:37:07,happy,24.91
2026-04-16T20:37:07,fear,28.06
2026-04-16T20:37:08,happy,29.24
2026-04-16T20:37:09,surprise,33.84
2026-04-16T20:37:10,sad,47.43
2026-04-16T20:37:11,surprise,32.77
2026-04-16T20:37:12,happy,27.73
2026-04-16T20:37:14,angry,45.89
2026-04-16T20:37:15,happy,30.95
2026-04-16T20:37:15,angry,32.89
2026-04-16T20:37:16,happy,31.21
2026-04-16T20:37:17,sad,30.95
2026-04-16T20:37:18,happy,35.56
2026-04-16T20:37:20,sad,36.53
2026-04-16T20:37:21,happy,41.70
2026-04-16T20:37:21,sad,54.82
2026-04-16T20:37:22,happy,78.07
2026-04-16T20:37:22,neutral,74.09
2026-04-16T20:37:23,fear,86.05
2026-04-16T20:37:23,neutral,88.97
2026-04-16T20:37:23,happy,73.87
2026-04-16T20:37:24,sad,46.80
2026-04-16T20:37:26,happy,57.64
2026-04-16T20:37:27,sad,35.66
2026-04-16T20:37:27,fear,44.38
2026-04-16T20:37:28,sad,29.03
2026-04-16T20:37:31,neutral,67.18
2026-04-16T20:37:31,surprise,37.90
2026-04-16T20:37:32,sad,50.72
2026-04-16T20:37:32,angry,69.66
2026-04-16T20:37:32,happy,38.03
2026-04-16T20:37:32,sad,91.69
2026-04-16T20:37:32,neutral,95.59
2026-04-16T20:37:32,sad,87.09
2026-04-16T20:37:33,angry,52.02
2026-04-16T20:37:33,sad,97.90
2026-04-16T20:37:33,neutral,94.19
2026-04-16T20:37:38,happy,94.94
2026-04-16T20:37:38,neutral,99.58
2026-04-16T20:37:38,sad,65.03
2026-04-16T20:37:39,neutral,48.81
2026-04-16T20:37:39,neutral,51.78
2026-04-16T20:37:39,fear,56.99
2026-04-16T20:37:39,happy,29.55
2026-04-16T20:37:39,sad,81.34
2026-04-16T20:37:40,fear,37.36
2026-04-16T20:37:40,neutral,52.74
2026-04-16T20:37:42,surprise,36.62
2026-04-16T20:37:42,sad,69.33
2026-04-16T20:37:43,neutral,95.56
2026-04-16T20:37:43,happy,36.48
2026-04-16T20:37:43,sad,92.38
2026-04-16T20:37:43,neutral,97.30
2026-04-16T20:37:49,sad,73.74
2026-04-16T20:37:49,neutral,62.79
2026-04-16T20:37:49,sad,99.04
2026-04-16T20:37:50,angry,75.69
2026-04-16T20:37:50,neutral,73.86
2026-04-16T20:37:51,fear,27.44
2026-04-16T20:37:51,sad,25.10
2026-04-16T20:37:52,happy,72.09
2026-04-16T20:37:52,neutral,97.30
2026-04-16T20:37:52,happy,60.82
2026-04-16T20:37:52,angry,81.55
2026-04-16T20:37:56,happy,29.08
2026-04-16T20:38:01,fear,39.30
2026-04-16T20:38:03,sad,33.06
2026-04-16T20:38:34,fear,35.73
2026-04-16T21:09:08,neutral,76.39
2026-04-16T21:09:09,happy,70.88
2026-04-16T21:09:09,neutral,79.76
2026-04-16T21:09:10,happy,52.53
2026-04-16T21:09:10,neutral,79.83
2026-04-16T21:09:16,angry,81.55
2026-04-16T21:09:20,happy,85.65
2026-04-16T21:09:20,neutral,93.26
2026-04-16T21:09:20,happy,99.95
2026-04-16T21:09:20,sad,76.24
2026-04-16T21:09:21,neutral,49.66
2026-04-16T21:09:21,fear,68.99
2026-04-16T21:09:21,neutral,46.24
2026-04-16T21:09:21,angry,76.66
2026-04-16T21:09:21,sad,92.40
2026-04-16T21:09:22,fear,81.52
2026-04-16T21:09:22,neutral,66.59
2026-04-16T21:09:22,happy,98.48
2026-04-16T21:09:33,neutral,99.95
2026-04-16T21:09:33,angry,81.55
2026-04-17T20:54:47,neutral,24.25
2026-04-17T20:54:48,sad,27.88
2026-04-17T20:54:48,neutral,29.88
2026-04-17T20:54:49,surprise,64.64
2026-04-17T20:55:03,sad,70.76
2026-04-17T20:55:35,angry,51.80
2026-04-17T20:55:36,surprise,50.33
2026-04-17T20:55:43,sad,69.66
2026-04-17T20:55:43,neutral,31.16
2026-04-17T20:55:44,surprise,48.22
2026-04-17T20:55:50,angry,43.53
2026-04-17T20:56:00,surprise,44.01
2026-04-17T20:56:01,sad,89.37
2026-04-17T20:56:39,neutral,72.68
2026-04-17T20:57:04,surprise,35.78
2026-04-17T20:57:05,sad,34.38
2026-04-17T20:57:31,fear,72.43
2026-04-17T20:57:31,sad,80.96
2026-04-17T20:58:16,angry,46.60
2026-04-17T20:58:17,neutral,88.61
2026-04-17T20:58:18,sad,70.17
2026-04-17T20:58:18,neutral,53.54
2026-04-17T20:58:21,sad,33.68
2026-04-17T20:58:22,neutral,52.53
2026-04-17T20:58:23,surprise,72.11
2026-04-17T20:59:07,surprise,61.00
2026-04-17T20:59:31,angry,81.80
2026-04-17T20:59:32,sad,49.46
2026-04-17T20:59:42,angry,43.72
2026-04-17T20:59:48,sad,59.81
2026-04-17T20:59:49,neutral,79.45
2026-04-17T20:59:52,surprise,35.93
2026-04-17T21:00:04,neutral,25.37
2026-04-17T21:00:42,surprise,45.69
2026-04-17T21:00:48,fear,48.49
2026-04-17T21:00:52,surprise,52.60
2026-04-17T21:00:53,neutral,54.48
2026-04-17T21:00:57,sad,41.24
2026-04-17T21:01:19,surprise,36.41
2026-04-17T21:01:28,happy,54.10
2026-04-17T21:01:28,fear,34.25
2026-04-17T21:01:32,surprise,50.12
2026-04-17T21:01:33,sad,61.89
2026-04-17T21:01:51,neutral,30.98
2026-04-17T21:01:55,surprise,44.97
2026-04-17T21:01:56,sad,59.30
2026-04-17T21:01:57,surprise,43.89
2026-04-17T21:01:58,sad,61.00
2026-04-17T21:02:49,neutral,33.36
2026-04-17T21:03:13,surprise,36.38
2026-04-17T21:03:24,happy,44.62
2026-04-17T21:03:41,neutral,59.47
2026-04-17T21:03:51,surprise,46.42
2026-04-17T21:04:05,sad,42.27
2026-04-17T21:04:08,surprise,53.08
2026-04-17T21:04:09,sad,53.77
2026-04-17T21:04:15,angry,43.79
2026-04-17T21:04:50,sad,60.44
2026-04-17T21:05:16,surprise,63.38
2026-04-17T21:05:18,angry,47.84
2026-04-17T21:05:19,sad,51.66
2026-04-17T21:05:20,surprise,35.41
2026-04-17T21:05:21,sad,52.17
2026-04-17T21:05:26,surprise,37.54
2026-04-17T21:05:26,angry,41.04
2026-04-17T21:05:27,sad,38.75
2026-04-17T21:05:32,surprise,33.71
2026-04-17T21:05:32,angry,33.42
2026-04-17T21:05:35,sad,60.95
2026-04-17T21:05:36,surprise,48.45
2026-04-17T21:05:36,sad,49.97
2026-04-17T21:05:38,surprise,64.41
2026-04-17T21:05:54,happy,63.15
2026-04-17T21:05:57,sad,80.70
2026-04-17T21:06:03,surprise,58.98
2026-04-17T21:06:23,sad,38.84
2026-04-17T21:12:38,surprise,41.38
2026-04-17T21:12:39,happy,30.41
2026-04-17T21:12:52,surprise,49.75
2026-04-17T21:12:55,sad,56.20
2026-04-17T21:13:04,happy,34.35
2026-04-17T21:13:08,surprise,47.03
2026-04-17T21:13:10,neutral,28.08
2026-04-17T21:13:12,sad,43.24
2026-04-17T21:13:19,surprise,50.98
2026-04-17T21:13:46,sad,48.36
2026-04-17T21:14:23,happy,44.07
2026-04-17T21:14:30,sad,39.32
2026-04-17T21:14:33,surprise,35.73
2026-04-17T21:14:38,neutral,34.61
2026-04-17T21:14:47,sad,25.57
2026-04-17T21:14:58,surprise,52.04
2026-04-17T21:15:04,sad,58.17
2026-04-17T21:15:07,surprise,40.02
2026-04-17T21:15:34,happy,86.82
2026-04-17T21:15:52,surprise,48.73
2026-04-17T21:15:53,fear,34.94
2026-04-17T21:15:53,happy,60.90
2026-04-17T21:16:02,surprise,46.47
2026-04-17T21:16:06,angry,29.64
2026-04-17T21:16:18,happy,64.91
2026-04-17T21:17:06,surprise,59.36
2026-04-17T21:17:16,fear,30.05
2026-04-17T21:17:21,surprise,64.84
2026-04-17T21:17:27,neutral,25.28
2026-04-17T21:17:31,surprise,63.42
2026-04-17T21:17:51,neutral,42.28
2026-04-17T21:17:54,surprise,40.51
2026-04-17T21:18:32,sad,46.79
2026-04-17T21:19:41,neutral,34.84
2026-04-17T21:19:43,sad,42.73
2026-04-17T21:19:56,surprise,50.29
2026-04-17T21:19:58,sad,54.94
2026-04-17T21:20:00,happy,80.52
2026-04-17T21:20:07,surprise,26.34
2026-04-17T21:20:33,sad,54.87
2026-04-17T21:20:44,happy,45.93
2026-04-17T21:20:57,angry,31.66
2026-04-17T21:21:14,surprise,43.43
2026-04-17T21:23:10,neutral,29.41
2026-04-17T21:23:14,surprise,32.96
2026-04-17T21:23:17,happy,81.69
2026-04-17T21:23:18,angry,30.68
2026-04-17T21:23:49,surprise,48.68
2026-04-17T21:23:57,angry,53.84
2026-04-17T21:24:09,surprise,52.34
2026-04-17T21:24:34,sad,32.25
2026-04-17T21:24:47,surprise,38.92
2026-04-17T21:25:01,sad,33.38
2026-04-17T21:25:02,surprise,72.59
2026-04-17T21:25:24,sad,44.98
2026-04-17T21:25:27,surprise,35.72
2026-04-17T21:25:30,neutral,62.17
2026-04-17T21:25:37,surprise,41.68
2026-04-17T21:25:47,fear,27.52
2026-04-17T21:25:49,happy,83.65
2026-04-17T21:25:50,neutral,31.60
2026-04-17T21:25:58,surprise,86.35
2026-04-17T21:26:13,neutral,40.56
2026-04-17T21:26:17,angry,46.58
2026-04-17T21:26:20,neutral,59.37
2026-04-17T21:26:21,angry,54.36
2026-04-17T21:26:23,surprise,48.28
2026-04-17T21:26:23,angry,50.10
2026-04-17T21:26:28,surprise,61.43
2026-04-17T21:26:33,sad,34.71
2026-04-17T21:26:35,surprise,54.78
2026-04-17T21:26:36,neutral,25.59
2026-04-17T21:26:47,sad,31.44
2026-04-17T21:26:58,surprise,45.53
2026-04-17T21:27:04,angry,31.21
2026-04-17T21:27:07,neutral,29.97
2026-04-17T21:27:23,angry,32.56
2026-04-17T21:27:40,neutral,28.28
2026-04-17T21:28:02,surprise,52.09
2026-04-17T21:29:27,angry,29.88
2026-04-17T21:29:33,sad,39.02
2026-04-17T21:29:39,fear,37.41
2026-04-17T21:30:52,surprise,83.79
2026-04-17T21:30:54,happy,30.49
2026-04-17T21:31:00,sad,52.56
2026-04-17T21:31:19,neutral,85.00
2026-04-17T21:31:32,fear,47.33
2026-04-17T21:31:46,neutral,59.85
2026-04-17T21:33:24,sad,24.36
2026-04-17T21:33:44,fear,36.59
2026-04-17T21:34:07,neutral,56.90
2026-04-17T21:34:30,sad,42.57
2026-04-17T21:34:57,neutral,36.76
2026-04-17T22:07:58,sad,37.92
2026-04-17T22:08:15,surprise,66.01
2026-04-17T22:08:54,sad,46.25
2026-04-17T22:20:31,happy,35.52
2026-04-17T22:20:32,sad,44.40
2026-04-17T22:20:33,happy,49.88
2026-04-17T22:20:33,sad,50.76
2026-04-17T22:20:35,surprise,45.31
2026-04-17T22:20:36,neutral,37.11
2026-04-17T22:20:38,happy,78.27
2026-04-17T22:20:50,surprise,59.24
2026-04-17T22:20:59,sad,66.42
2026-04-17T22:21:13,fear,34.21
2026-04-17T22:21:19,sad,33.40
2026-04-17T22:22:44,angry,54.31
2026-04-17T22:22:54,sad,29.38
2026-04-17T22:22:56,surprise,65.21
2026-04-17T22:23:05,angry,32.82
2026-04-17T23:12:13,neutral,79.30
2026-04-17T23:12:17,surprise,39.23
2026-04-17T23:12:18,neutral,74.73
2026-04-17T23:12:22,surprise,53.10
2026-04-17T23:12:33,sad,35.47
2026-04-17T23:12:41,neutral,70.00
2026-04-17T23:17:25,neutral,30.15
2026-04-17T23:17:26,sad,29.07
2026-04-17T23:17:40,surprise,24.60
2026-04-17T23:19:33,angry,31.91
2026-04-17T23:19:34,happy,25.16
2026-04-17T23:19:36,neutral,29.55
2026-04-17T23:19:37,surprise,38.10
2026-04-17T23:19:37,neutral,31.25
2026-04-17T23:19:38,sad,36.91
2026-04-17T23:19:39,surprise,57.85
2026-04-17T23:19:40,sad,65.06
2026-04-17T23:19:46,happy,84.60
2026-04-17T23:19:48,sad,85.36
2026-04-17T23:19:54,neutral,92.75
2026-04-17T23:19:55,sad,46.01
2026-04-17T23:19:56,neutral,68.13
2026-04-17T23:19:59,fear,58.32
2026-04-17T23:20:00,neutral,54.81
2026-04-17T23:20:03,sad,35.64
2026-04-17T23:20:04,neutral,34.58
2026-04-17T23:20:07,angry,51.92
2026-04-17T23:20:11,sad,39.52
2026-04-17T23:20:11,surprise,43.58
2026-04-17T23:20:12,happy,37.60
2026-04-17T23:20:14,fear,40.85
2026-04-17T23:20:14,sad,41.46
2026-04-17T23:20:15,surprise,41.94
2026-04-17T23:20:17,sad,63.40
2026-04-17T23:20:21,surprise,48.49
2026-04-17T23:20:21,angry,49.19
2026-04-17T23:20:22,happy,47.09
2026-04-17T23:20:23,fear,21.70
2026-04-17T23:20:23,surprise,68.87
2026-04-17T23:20:28,neutral,33.75
2026-04-17T23:20:29,surprise,44.12
2026-04-17T23:20:30,neutral,39.58
2026-04-17T23:20:31,surprise,36.82
2026-04-17T23:20:33,fear,56.77
2026-04-17T23:20:34,surprise,51.75
2026-04-17T23:20:39,fear,38.32
2026-04-17T23:20:41,surprise,59.23
2026-04-17T23:20:58,sad,63.16
2026-04-17T23:20:58,happy,28.44
2026-04-17T23:20:59,sad,68.53
2026-04-17T23:21:00,happy,67.30
2026-04-17T23:21:02,sad,33.08
2026-04-17T23:21:02,surprise,33.33
2026-04-17T23:21:05,sad,42.62
2026-04-17T23:21:06,fear,37.73
2026-04-17T23:21:07,happy,29.36
2026-04-17T23:21:07,sad,34.71
2026-04-17T23:21:09,happy,26.59
2026-04-17T23:21:09,sad,44.91
2026-04-17T23:21:12,happy,56.98
2026-04-17T23:21:13,sad,55.70
2026-04-17T23:21:14,neutral,42.21
2026-04-17T23:21:16,sad,64.11
2026-04-17T23:21:17,neutral,37.64
2026-04-17T23:21:18,sad,30.46
2026-04-17T23:21:19,happy,40.41
2026-04-17T23:21:19,surprise,77.25
2026-04-17T23:21:20,neutral,39.18
2026-04-17T23:21:21,sad,48.17
2026-04-17T23:21:22,surprise,66.89
2026-04-17T23:21:23,happy,52.71
2026-04-17T23:21:24,sad,44.44
2026-04-17T23:21:25,happy,82.79
2026-04-17T23:21:27,surprise,44.00
2026-04-17T23:21:28,neutral,44.83
2026-04-17T23:21:29,sad,23.89
2026-04-17T23:21:30,neutral,36.12
2026-04-17T23:21:30,sad,55.79
2026-04-17T23:21:31,surprise,40.05
2026-04-17T23:21:31,angry,65.02
2026-04-17T23:21:33,sad,49.24
2026-04-17T23:21:34,fear,36.96
2026-04-17T23:21:34,sad,78.75
2026-04-17T23:21:35,fear,56.15
2026-04-17T23:21:35,neutral,26.40
2026-04-17T23:23:41,surprise,53.72
2026-04-17T23:23:46,sad,66.29
2026-04-17T23:23:57,happy,54.18
2026-04-17T23:24:01,sad,54.16
2026-04-17T23:24:02,surprise,70.19
2026-04-17T23:24:04,sad,53.43
2026-04-17T23:24:09,happy,47.46
2026-04-17T23:24:11,surprise,40.69
2026-04-17T23:24:14,sad,58.24
2026-04-17T23:24:16,happy,94.05
2026-04-17T23:24:25,neutral,46.89
2026-04-17T23:24:33,surprise,27.25
2026-04-17T23:24:35,neutral,30.52
2026-04-17T23:24:37,fear,27.38
2026-04-17T23:24:39,happy,65.37
2026-04-17T23:24:45,sad,67.31
2026-04-17T23:24:54,surprise,68.49
2026-04-17T23:25:01,neutral,51.40
2026-04-17T23:25:04,surprise,28.58
2026-04-17T23:25:08,neutral,59.90
2026-04-17T23:25:11,surprise,29.88
2026-04-17T23:25:13,neutral,37.12
2026-04-17T23:25:16,angry,42.82
2026-04-17T23:25:18,neutral,38.97
2026-04-17T23:25:19,angry,58.85
2026-04-17T23:25:29,sad,27.99
2026-04-17T23:25:32,surprise,28.41
2026-04-17T23:25:40,neutral,33.30
2026-04-17T23:25:41,surprise,36.65
2026-04-17T23:25:44,neutral,36.47
2026-04-17T23:25:45,surprise,54.73
2026-04-17T23:25:46,neutral,38.32
2026-04-17T23:25:47,surprise,37.57
2026-04-17T23:25:49,neutral,36.25
2026-04-17T23:25:50,surprise,32.66
2026-04-17T23:25:51,neutral,37.08
2026-04-17T23:25:52,surprise,41.35
2026-04-17T23:25:58,neutral,32.42
2026-04-17T23:26:03,surprise,32.44
2026-04-17T23:26:11,neutral,33.46
2026-04-17T23:26:13,surprise,33.82
2026-04-17T23:26:30,happy,40.24
2026-04-17T23:26:36,sad,62.46
2026-04-17T23:26:38,angry,29.38
2026-04-17T23:31:09,surprise,60.57
2026-04-17T23:31:12,neutral,39.68
2026-04-17T23:31:13,sad,39.45
2026-04-17T23:31:14,surprise,66.54
2026-04-17T23:31:17,sad,36.90
2026-04-17T23:31:19,surprise,45.89
2026-04-17T23:31:19,sad,58.81
2026-04-17T23:31:22,surprise,51.00
2026-04-17T23:31:23,sad,46.70
2026-04-17T23:31:23,surprise,38.18
2026-04-17T23:31:27,sad,52.82
2026-04-17T23:31:30,surprise,51.23
2026-04-17T23:31:30,sad,49.15
2026-04-17T23:31:31,surprise,50.01
2026-04-17T23:31:31,sad,30.61
2026-04-17T23:31:32,surprise,50.22
2026-04-17T23:31:33,sad,40.60
2026-04-17T23:31:36,surprise,47.99
2026-04-17T23:31:36,sad,55.71
2026-04-17T23:31:38,surprise,53.24
2026-04-17T23:31:38,sad,45.60
2026-04-17T23:31:39,happy,45.88
2026-04-17T23:31:40,surprise,61.39
2026-04-17T23:31:40,happy,51.16
2026-04-17T23:31:41,neutral,32.06
2026-04-17T23:31:42,sad,58.16
2026-04-17T23:31:42,happy,50.55
2026-04-17T23:31:43,angry,42.97
2026-04-17T23:31:44,sad,50.37
2026-04-17T23:31:45,happy,33.55
2026-04-17T23:31:46,sad,44.74
2026-04-17T23:31:51,surprise,44.51
2026-04-17T23:31:53,angry,39.13
2026-04-17T23:31:54,surprise,36.49
2026-04-17T23:31:55,sad,47.66
2026-04-17T23:31:56,surprise,43.19
2026-04-17T23:31:58,neutral,38.46
2026-04-17T23:31:59,surprise,39.72
2026-04-17T23:32:00,neutral,47.67
2026-04-17T23:32:01,sad,48.85
2026-04-17T23:32:02,surprise,34.55
2026-04-17T23:32:04,sad,50.63
2026-04-17T23:32:06,surprise,45.98
2026-04-17T23:32:07,sad,45.80
2026-04-17T23:32:21,surprise,27.66
2026-04-17T23:32:22,neutral,35.58
2026-04-17T23:32:24,surprise,25.28
2026-04-17T23:32:25,neutral,32.06
2026-04-17T23:32:27,fear,35.32
2026-04-17T23:32:29,neutral,42.99
2026-04-17T23:32:33,angry,24.88
2026-04-17T23:32:34,neutral,32.79
2026-04-17T23:32:35,fear,32.69
2026-04-17T23:32:36,neutral,41.61
2026-04-17T23:33:25,fear,30.75
2026-04-17T23:33:26,neutral,43.70
2026-04-17T23:33:37,happy,43.52
2026-04-17T23:33:38,sad,59.15
2026-04-17T23:33:39,neutral,41.54
2026-04-17T23:33:45,fear,40.45
2026-04-17T23:33:49,neutral,35.96
2026-04-17T23:33:51,fear,35.95
2026-04-17T23:33:54,neutral,35.70
2026-04-17T23:34:00,fear,27.97
2026-04-17T23:34:01,neutral,43.13
2026-04-17T23:34:10,happy,30.06
2026-04-17T23:34:11,neutral,50.32
2026-04-17T23:34:44,happy,26.72
2026-04-17T23:34:45,neutral,38.30
2026-04-17T23:34:54,sad,24.54
2026-04-17T23:34:55,happy,23.81
2026-04-17T23:34:56,sad,30.57
2026-04-17T23:34:58,happy,38.10
2026-04-17T23:35:08,neutral,74.27
2026-04-17T23:36:02,sad,45.59
2026-04-17T23:36:04,angry,54.80
2026-04-17T23:36:05,neutral,33.09
2026-04-17T23:36:06,sad,43.18
2026-04-17T23:36:08,surprise,39.11
2026-04-17T23:36:08,sad,68.76
2026-04-17T23:36:12,surprise,38.98
2026-04-17T23:36:14,sad,67.11
2026-04-17T23:36:18,angry,37.47
2026-04-17T23:36:19,surprise,48.17
2026-04-17T23:36:21,sad,41.92
2026-04-17T23:36:21,surprise,62.15
2026-04-17T23:36:22,fear,52.35
2026-04-17T23:36:24,neutral,45.03
2026-04-17T23:36:24,fear,32.15
2026-04-17T23:36:25,happy,29.16
2026-04-17T23:36:25,sad,52.02
2026-04-17T23:36:26,neutral,55.36
2026-04-17T23:36:27,sad,26.07
2026-04-17T23:36:27,happy,39.71
2026-04-17T23:36:28,disgust,31.73
2026-04-17T23:36:28,neutral,35.94
2026-04-17T23:36:29,fear,24.44
2026-04-17T23:36:30,neutral,24.78
2026-04-17T23:36:30,happy,31.05
2026-04-17T23:36:31,sad,34.20
2026-04-17T23:36:31,happy,29.15
2026-04-17T23:36:32,sad,28.47
2026-04-17T23:36:32,neutral,42.22
2026-04-17T23:36:49,surprise,33.20
2026-04-17T23:36:50,neutral,38.01
2026-04-17T23:36:51,surprise,24.60
2026-04-17T23:36:53,neutral,36.69
2026-04-17T23:36:54,disgust,23.02
2026-04-17T23:36:55,neutral,27.08
2026-04-17T23:36:55,fear,32.27
2026-04-17T23:36:56,surprise,34.79
2026-04-17T23:36:56,neutral,24.53
2026-04-17T23:36:57,surprise,32.67
2026-04-17T23:37:09,sad,52.47
2026-04-17T23:37:10,surprise,43.32
2026-04-17T23:37:18,happy,43.37
2026-04-17T23:37:19,fear,36.94
2026-04-17T23:37:19,surprise,50.07
2026-04-17T23:37:20,happy,43.06
2026-04-17T23:37:20,sad,31.21
2026-04-17T23:37:22,happy,20.23
2026-04-17T23:37:23,surprise,33.96
2026-04-17T23:37:24,neutral,24.25
2026-04-17T23:37:24,happy,28.87
2026-04-17T23:37:25,surprise,27.54
2026-04-17T23:37:26,neutral,36.30
2026-04-17T23:37:27,surprise,29.29
2026-04-17T23:37:28,neutral,24.17
2026-04-17T23:37:33,fear,26.56
2026-04-17T23:37:34,sad,30.84
2026-04-17T23:37:36,neutral,25.18
2026-04-17T23:37:37,disgust,36.32
2026-04-17T23:37:38,neutral,23.60
2026-04-17T23:37:39,sad,38.47
2026-04-17T23:37:39,neutral,35.34
2026-04-17T23:37:41,surprise,25.47
2026-04-17T23:37:41,fear,20.40
2026-04-17T23:37:42,sad,33.65
2026-04-17T23:37:44,fear,34.53
2026-04-17T23:37:44,neutral,26.77
2026-04-17T23:37:46,surprise,40.94
2026-04-17T23:37:49,sad,28.16
2026-04-17T23:37:49,neutral,50.20
2026-04-17T23:37:51,sad,32.54
2026-04-17T23:37:51,neutral,24.43
2026-04-17T23:37:57,happy,26.61
2026-04-17T23:37:58,neutral,45.24
2026-04-17T23:38:04,surprise,26.07
2026-04-17T23:38:05,neutral,44.36
2026-04-17T23:38:06,surprise,37.49
2026-04-17T23:38:07,neutral,34.65
2026-04-17T23:38:08,surprise,47.39
2026-04-17T23:38:08,neutral,52.73
2026-04-17T23:38:10,happy,29.13
2026-04-17T23:38:10,neutral,39.07
2026-04-17T23:38:13,fear,36.54
2026-04-17T23:38:14,neutral,29.34
2026-04-17T23:38:15,surprise,35.20
2026-04-17T23:38:15,neutral,38.12
2026-04-17T23:38:16,happy,23.74
2026-04-17T23:38:16,neutral,46.60
2026-04-17T23:38:21,sad,31.68
2026-04-17T23:38:21,neutral,32.91
2026-04-17T23:38:23,sad,24.65
2026-04-17T23:38:24,neutral,29.97
2026-04-17T23:38:52,sad,36.00
2026-04-17T23:38:53,neutral,37.11
2026-04-17T23:38:58,surprise,23.89
2026-04-17T23:38:59,neutral,30.94
2026-04-17T23:39:02,happy,23.05
2026-04-17T23:39:04,neutral,41.74
2026-04-17T23:39:06,fear,26.76
2026-04-17T23:39:07,surprise,31.90
2026-04-17T23:39:08,neutral,37.35
2026-04-17T23:39:12,surprise,52.15
2026-04-17T23:39:13,neutral,43.09
2026-04-17T23:42:04,happy,25.15
2026-04-17T23:42:04,neutral,23.28
2026-04-18T08:30:53,surprise,31.22
2026-04-18T08:30:54,happy,31.29
2026-04-18T08:30:58,sad,76.88
2026-04-18T08:31:01,surprise,61.57
2026-04-18T08:31:14,sad,74.67
2026-04-18T08:32:06,surprise,63.78
2026-04-18T08:32:18,sad,86.03
2026-04-18T08:32:33,neutral,26.79
2026-04-18T10:28:48,surprise,40.70
2026-04-18T10:28:50,sad,81.84
2026-04-18T10:28:59,surprise,42.14
2026-04-18T10:29:00,sad,90.87
2026-04-18T10:29:03,surprise,42.28
2026-04-18T10:29:03,fear,36.51
2026-04-18T10:29:04,sad,37.33
2026-04-18T10:29:09,surprise,49.66
2026-04-18T10:29:10,sad,75.34
2026-04-18T10:29:15,surprise,39.11
2026-04-18T10:29:15,sad,40.95
2026-04-18T10:29:16,fear,45.21
2026-04-18T10:29:17,sad,95.85
2026-04-18T10:29:19,disgust,33.85
2026-04-18T10:29:19,sad,87.73
2026-04-18T10:29:20,surprise,49.38
2026-04-18T10:29:21,sad,59.86
2026-04-18T10:29:31,fear,52.72
2026-04-18T10:29:32,sad,83.08
2026-04-18T10:29:36,neutral,29.68
2026-04-18T10:29:40,sad,51.41
2026-04-18T10:29:41,neutral,57.63
2026-04-18T10:29:42,happy,44.93
2026-04-18T10:29:44,sad,62.40
2026-04-18T10:29:48,surprise,57.73
2026-04-18T10:29:49,sad,64.82
2026-04-18T10:29:54,happy,43.72
2026-04-18T10:29:56,sad,79.32
2026-04-18T10:29:59,neutral,30.38
2026-04-18T10:30:00,sad,57.60
2026-04-18T10:30:00,disgust,50.46
2026-04-18T10:30:01,happy,57.70
2026-04-18T10:30:01,surprise,67.17
2026-04-18T10:30:03,sad,64.85
2026-04-18T10:30:03,surprise,31.02
2026-04-18T10:30:04,sad,33.74
2026-04-18T10:30:04,fear,86.68
2026-04-18T10:30:05,surprise,64.19
2026-04-18T10:30:05,sad,44.44
2026-04-18T10:30:06,surprise,50.11
2026-04-18T12:06:00,neutral,35.19
2026-04-18T12:06:02,surprise,27.34
2026-04-18T12:06:12,neutral,69.51
2026-04-18T12:06:15,surprise,46.41
2026-04-18T12:12:04,fear,50.66
2026-04-18T12:12:10,sad,29.37
2026-04-18T12:12:12,happy,31.04
2026-04-18T12:12:13,sad,68.00
2026-04-18T12:12:14,surprise,50.63
2026-04-18T12:12:15,sad,29.62
2026-04-18T12:12:15,surprise,30.29
2026-04-18T12:12:16,neutral,32.13
2026-04-18T12:12:16,surprise,39.89
2026-04-18T12:12:17,happy,34.31
2026-04-18T12:12:18,neutral,39.83
2026-04-18T12:12:19,sad,31.68
2026-04-18T12:12:22,neutral,42.20
2026-04-18T13:33:20,surprise,33.17
2026-04-18T13:33:23,fear,37.79
